#pragma once
#include <Arduino.h>
// v11.8 HUD theme fonts (smooth VLW). Chakra Petch and Orbitron: SIL Open Font License 1.1 (see OFL notes in README).
// Made with tools/make_vlw.py
const uint8_t FONT_HUD_S[] PROGMEM = {  // ChakraPetch-SemiBold.ttf 14px, 95 glyphs, 9580 bytes
0x00,0x00,0x00,0x5F,0x00,0x00,0x00,0x0B,0x00,0x00,0x00,0x0E,0x00,0x00,0x00,0x00,0x00,0x00,0x00,0x0E,0x00,0x00,0x00,0x05,
0x00,0x00,0x00,0x20,0x00,0x00,0x00,0x00,0x00,0x00,0x00,0x00,0x00,0x00,0x00,0x04,0x00,0x00,0x00,0x00,0x00,0x00,0x00,0x00,
0x00,0x00,0x00,0x00,0x00,0x00,0x00,0x21,0x00,0x00,0x00,0x0A,0x00,0x00,0x00,0x04,0x00,0x00,0x00,0x04,0x00,0x00,0x00,0x0A,
0x00,0x00,0x00,0x00,0x00,0x00,0x00,0x00,0x00,0x00,0x00,0x22,0x00,0x00,0x00,0x0A,0x00,0x00,0x00,0x06,0x00,0x00,0x00,0x06,
0x00,0x00,0x00,0x0A,0x00,0x00,0x00,0x00,0x00,0x00,0x00,0x00,0x00,0x00,0x00,0x23,0x00,0x00,0x00,0x0A,0x00,0x00,0x00,0x0A,
0x00,0x00,0x00,0x0A,0x00,0x00,0x00,0x0A,0x00,0x00,0x00,0x00,0x00,0x00,0x00,0x00,0x00,0x00,0x00,0x24,0x00,0x00,0x00,0x0D,
0x00,0x00,0x00,0x09,0x00,0x00,0x00,0x09,0x00,0x00,0x00,0x0B,0x00,0x00,0x00,0x00,0x00,0x00,0x00,0x00,0x00,0x00,0x00,0x25,
0x00,0x00,0x00,0x0A,0x00,0x00,0x00,0x0C,0x00,0x00,0x00,0x0C,0x00,0x00,0x00,0x0A,0x00,0x00,0x00,0x00,0x00,0x00,0x00,0x00,
0x00,0x00,0x00,0x26,0x00,0x00,0x00,0x0A,0x00,0x00,0x00,0x09,0x00,0x00,0x00,0x09,0x00,0x00,0x00,0x0A,0x00,0x00,0x00,0x00,
0x00,0x00,0x00,0x00,0x00,0x00,0x00,0x27,0x00,0x00,0x00,0x0A,0x00,0x00,0x00,0x03,0x00,0x00,0x00,0x03,0x00,0x00,0x00,0x0A,
0x00,0x00,0x00,0x00,0x00,0x00,0x00,0x00,0x00,0x00,0x00,0x28,0x00,0x00,0x00,0x0F,0x00,0x00,0x00,0x05,0x00,0x00,0x00,0x05,
0x00,0x00,0x00,0x0D,0x00,0x00,0x00,0x00,0x00,0x00,0x00,0x00,0x00,0x00,0x00,0x29,0x00,0x00,0x00,0x0F,0x00,0x00,0x00,0x05,
0x00,0x00,0x00,0x05,0x00,0x00,0x00,0x0D,0x00,0x00,0x00,0x00,0x00,0x00,0x00,0x00,0x00,0x00,0x00,0x2A,0x00,0x00,0x00,0x0A,
0x00,0x00,0x00,0x05,0x00,0x00,0x00,0x05,0x00,0x00,0x00,0x0A,0x00,0x00,0x00,0x00,0x00,0x00,0x00,0x00,0x00,0x00,0x00,0x2B,
0x00,0x00,0x00,0x07,0x00,0x00,0x00,0x08,0x00,0x00,0x00,0x08,0x00,0x00,0x00,0x07,0x00,0x00,0x00,0x00,0x00,0x00,0x00,0x00,
0x00,0x00,0x00,0x2C,0x00,0x00,0x00,0x04,0x00,0x00,0x00,0x03,0x00,0x00,0x00,0x03,0x00,0x00,0x00,0x02,0x00,0x00,0x00,0x00,
0x00,0x00,0x00,0x00,0x00,0x00,0x00,0x2D,0x00,0x00,0x00,0x05,0x00,0x00,0x00,0x06,0x00,0x00,0x00,0x06,0x00,0x00,0x00,0x05,
0x00,0x00,0x00,0x00,0x00,0x00,0x00,0x00,0x00,0x00,0x00,0x2E,0x00,0x00,0x00,0x02,0x00,0x00,0x00,0x03,0x00,0x00,0x00,0x03,
0x00,0x00,0x00,0x02,0x00,0x00,0x00,0x00,0x00,0x00,0x00,0x00,0x00,0x00,0x00,0x2F,0x00,0x00,0x00,0x0A,0x00,0x00,0x00,0x08,
0x00,0x00,0x00,0x07,0x00,0x00,0x00,0x0A,0x00,0x00,0x00,0x00,0x00,0x00,0x00,0x00,0x00,0x00,0x00,0x30,0x00,0x00,0x00,0x0A,
0x00,0x00,0x00,0x09,0x00,0x00,0x00,0x09,0x00,0x00,0x00,0x0A,0x00,0x00,0x00,0x00,0x00,0x00,0x00,0x00,0x00,0x00,0x00,0x31,
0x00,0x00,0x00,0x0A,0x00,0x00,0x00,0x05,0x00,0x00,0x00,0x05,0x00,0x00,0x00,0x0A,0x00,0x00,0x00,0x00,0x00,0x00,0x00,0x00,
0x00,0x00,0x00,0x32,0x00,0x00,0x00,0x0A,0x00,0x00,0x00,0x08,0x00,0x00,0x00,0x08,0x00,0x00,0x00,0x0A,0x00,0x00,0x00,0x00,
0x00,0x00,0x00,0x00,0x00,0x00,0x00,0x33,0x00,0x00,0x00,0x0A,0x00,0x00,0x00,0x08,0x00,0x00,0x00,0x08,0x00,0x00,0x00,0x0A,
0x00,0x00,0x00,0x00,0x00,0x00,0x00,0x00,0x00,0x00,0x00,0x34,0x00,0x00,0x00,0x0A,0x00,0x00,0x00,0x09,0x00,0x00,0x00,0x08,
0x00,0x00,0x00,0x0A,0x00,0x00,0x00,0x00,0x00,0x00,0x00,0x00,0x00,0x00,0x00,0x35,0x00,0x00,0x00,0x0A,0x00,0x00,0x00,0x08,
0x00,0x00,0x00,0x08,0x00,0x00,0x00,0x0A,0x00,0x00,0x00,0x00,0x00,0x00,0x00,0x00,0x00,0x00,0x00,0x36,0x00,0x00,0x00,0x0A,
0x00,0x00,0x00,0x09,0x00,0x00,0x00,0x09,0x00,0x00,0x00,0x0A,0x00,0x00,0x00,0x00,0x00,0x00,0x00,0x00,0x00,0x00,0x00,0x37,
0x00,0x00,0x00,0x0A,0x00,0x00,0x00,0x07,0x00,0x00,0x00,0x07,0x00,0x00,0x00,0x0A,0x00,0x00,0x00,0x00,0x00,0x00,0x00,0x00,
0x00,0x00,0x00,0x38,0x00,0x00,0x00,0x0A,0x00,0x00,0x00,0x09,0x00,0x00,0x00,0x09,0x00,0x00,0x00,0x0A,0x00,0x00,0x00,0x00,
0x00,0x00,0x00,0x00,0x00,0x00,0x00,0x39,0x00,0x00,0x00,0x0A,0x00,0x00,0x00,0x09,0x00,0x00,0x00,0x09,0x00,0x00,0x00,0x0A,
0x00,0x00,0x00,0x00,0x00,0x00,0x00,0x00,0x00,0x00,0x00,0x3A,0x00,0x00,0x00,0x07,0x00,0x00,0x00,0x03,0x00,0x00,0x00,0x03,
0x00,0x00,0x00,0x07,0x00,0x00,0x00,0x00,0x00,0x00,0x00,0x00,0x00,0x00,0x00,0x3B,0x00,0x00,0x00,0x09,0x00,0x00,0x00,0x03,
0x00,0x00,0x00,0x03,0x00,0x00,0x00,0x07,0x00,0x00,0x00,0x00,0x00,0x00,0x00,0x00,0x00,0x00,0x00,0x3C,0x00,0x00,0x00,0x09,
0x00,0x00,0x00,0x09,0x00,0x00,0x00,0x08,0x00,0x00,0x00,0x09,0x00,0x00,0x00,0x00,0x00,0x00,0x00,0x00,0x00,0x00,0x00,0x3D,
0x00,0x00,0x00,0x06,0x00,0x00,0x00,0x08,0x00,0x00,0x00,0x08,0x00,0x00,0x00,0x06,0x00,0x00,0x00,0x00,0x00,0x00,0x00,0x00,
0x00,0x00,0x00,0x3E,0x00,0x00,0x00,0x09,0x00,0x00,0x00,0x09,0x00,0x00,0x00,0x08,0x00,0x00,0x00,0x09,0x00,0x00,0x00,0x00,
0x00,0x00,0x00,0x00,0x00,0x00,0x00,0x3F,0x00,0x00,0x00,0x0A,0x00,0x00,0x00,0x08,0x00,0x00,0x00,0x08,0x00,0x00,0x00,0x0A,
0x00,0x00,0x00,0x00,0x00,0x00,0x00,0x00,0x00,0x00,0x00,0x40,0x00,0x00,0x00,0x0B,0x00,0x00,0x00,0x0C,0x00,0x00,0x00,0x0C,
0x00,0x00,0x00,0x09,0x00,0x00,0x00,0x00,0x00,0x00,0x00,0x00,0x00,0x00,0x00,0x41,0x00,0x00,0x00,0x0A,0x00,0x00,0x00,0x09,
0x00,0x00,0x00,0x09,0x00,0x00,0x00,0x0A,0x00,0x00,0x00,0x00,0x00,0x00,0x00,0x00,0x00,0x00,0x00,0x42,0x00,0x00,0x00,0x0A,
0x00,0x00,0x00,0x09,0x00,0x00,0x00,0x09,0x00,0x00,0x00,0x0A,0x00,0x00,0x00,0x00,0x00,0x00,0x00,0x00,0x00,0x00,0x00,0x43,
0x00,0x00,0x00,0x0A,0x00,0x00,0x00,0x09,0x00,0x00,0x00,0x09,0x00,0x00,0x00,0x0A,0x00,0x00,0x00,0x00,0x00,0x00,0x00,0x00,
0x00,0x00,0x00,0x44,0x00,0x00,0x00,0x0A,0x00,0x00,0x00,0x0A,0x00,0x00,0x00,0x0A,0x00,0x00,0x00,0x0A,0x00,0x00,0x00,0x00,
0x00,0x00,0x00,0x00,0x00,0x00,0x00,0x45,0x00,0x00,0x00,0x0A,0x00,0x00,0x00,0x08,0x00,0x00,0x00,0x08,0x00,0x00,0x00,0x0A,
0x00,0x00,0x00,0x00,0x00,0x00,0x00,0x00,0x00,0x00,0x00,0x46,0x00,0x00,0x00,0x0A,0x00,0x00,0x00,0x08,0x00,0x00,0x00,0x08,
0x00,0x00,0x00,0x0A,0x00,0x00,0x00,0x00,0x00,0x00,0x00,0x00,0x00,0x00,0x00,0x47,0x00,0x00,0x00,0x0A,0x00,0x00,0x00,0x09,
0x00,0x00,0x00,0x09,0x00,0x00,0x00,0x0A,0x00,0x00,0x00,0x00,0x00,0x00,0x00,0x00,0x00,0x00,0x00,0x48,0x00,0x00,0x00,0x0A,
0x00,0x00,0x00,0x0A,0x00,0x00,0x00,0x0A,0x00,0x00,0x00,0x0A,0x00,0x00,0x00,0x00,0x00,0x00,0x00,0x00,0x00,0x00,0x00,0x49,
0x00,0x00,0x00,0x0A,0x00,0x00,0x00,0x04,0x00,0x00,0x00,0x04,0x00,0x00,0x00,0x0A,0x00,0x00,0x00,0x00,0x00,0x00,0x00,0x00,
0x00,0x00,0x00,0x4A,0x00,0x00,0x00,0x0A,0x00,0x00,0x00,0x08,0x00,0x00,0x00,0x08,0x00,0x00,0x00,0x0A,0x00,0x00,0x00,0x00,
0x00,0x00,0x00,0x00,0x00,0x00,0x00,0x4B,0x00,0x00,0x00,0x0A,0x00,0x00,0x00,0x09,0x00,0x00,0x00,0x09,0x00,0x00,0x00,0x0A,
0x00,0x00,0x00,0x00,0x00,0x00,0x00,0x00,0x00,0x00,0x00,0x4C,0x00,0x00,0x00,0x0A,0x00,0x00,0x00,0x08,0x00,0x00,0x00,0x08,
0x00,0x00,0x00,0x0A,0x00,0x00,0x00,0x00,0x00,0x00,0x00,0x00,0x00,0x00,0x00,0x4D,0x00,0x00,0x00,0x0A,0x00,0x00,0x00,0x0B,
0x00,0x00,0x00,0x0B,0x00,0x00,0x00,0x0A,0x00,0x00,0x00,0x00,0x00,0x00,0x00,0x00,0x00,0x00,0x00,0x4E,0x00,0x00,0x00,0x0A,
0x00,0x00,0x00,0x0A,0x00,0x00,0x00,0x0A,0x00,0x00,0x00,0x0A,0x00,0x00,0x00,0x00,0x00,0x00,0x00,0x00,0x00,0x00,0x00,0x4F,
0x00,0x00,0x00,0x0A,0x00,0x00,0x00,0x0A,0x00,0x00,0x00,0x0A,0x00,0x00,0x00,0x0A,0x00,0x00,0x00,0x00,0x00,0x00,0x00,0x00,
0x00,0x00,0x00,0x50,0x00,0x00,0x00,0x0A,0x00,0x00,0x00,0x09,0x00,0x00,0x00,0x09,0x00,0x00,0x00,0x0A,0x00,0x00,0x00,0x00,
0x00,0x00,0x00,0x00,0x00,0x00,0x00,0x51,0x00,0x00,0x00,0x0C,0x00,0x00,0x00,0x0A,0x00,0x00,0x00,0x0A,0x00,0x00,0x00,0x0A,
0x00,0x00,0x00,0x00,0x00,0x00,0x00,0x00,0x00,0x00,0x00,0x52,0x00,0x00,0x00,0x0A,0x00,0x00,0x00,0x09,0x00,0x00,0x00,0x09,
0x00,0x00,0x00,0x0A,0x00,0x00,0x00,0x00,0x00,0x00,0x00,0x00,0x00,0x00,0x00,0x53,0x00,0x00,0x00,0x0A,0x00,0x00,0x00,0x09,
0x00,0x00,0x00,0x09,0x00,0x00,0x00,0x0A,0x00,0x00,0x00,0x00,0x00,0x00,0x00,0x00,0x00,0x00,0x00,0x54,0x00,0x00,0x00,0x0A,
0x00,0x00,0x00,0x09,0x00,0x00,0x00,0x08,0x00,0x00,0x00,0x0A,0x00,0x00,0x00,0x00,0x00,0x00,0x00,0x00,0x00,0x00,0x00,0x55,
0x00,0x00,0x00,0x0A,0x00,0x00,0x00,0x0A,0x00,0x00,0x00,0x0A,0x00,0x00,0x00,0x0A,0x00,0x00,0x00,0x00,0x00,0x00,0x00,0x00,
0x00,0x00,0x00,0x56,0x00,0x00,0x00,0x0A,0x00,0x00,0x00,0x09,0x00,0x00,0x00,0x09,0x00,0x00,0x00,0x0A,0x00,0x00,0x00,0x00,
0x00,0x00,0x00,0x00,0x00,0x00,0x00,0x57,0x00,0x00,0x00,0x0A,0x00,0x00,0x00,0x0C,0x00,0x00,0x00,0x0C,0x00,0x00,0x00,0x0A,
0x00,0x00,0x00,0x00,0x00,0x00,0x00,0x00,0x00,0x00,0x00,0x58,0x00,0x00,0x00,0x0A,0x00,0x00,0x00,0x09,0x00,0x00,0x00,0x09,
0x00,0x00,0x00,0x0A,0x00,0x00,0x00,0x00,0x00,0x00,0x00,0x00,0x00,0x00,0x00,0x59,0x00,0x00,0x00,0x0A,0x00,0x00,0x00,0x0A,
0x00,0x00,0x00,0x09,0x00,0x00,0x00,0x0A,0x00,0x00,0x00,0x00,0x00,0x00,0x00,0x00,0x00,0x00,0x00,0x5A,0x00,0x00,0x00,0x0A,
0x00,0x00,0x00,0x08,0x00,0x00,0x00,0x08,0x00,0x00,0x00,0x0A,0x00,0x00,0x00,0x00,0x00,0x00,0x00,0x00,0x00,0x00,0x00,0x5B,
0x00,0x00,0x00,0x0F,0x00,0x00,0x00,0x05,0x00,0x00,0x00,0x05,0x00,0x00,0x00,0x0D,0x00,0x00,0x00,0x00,0x00,0x00,0x00,0x00,
0x00,0x00,0x00,0x5C,0x00,0x00,0x00,0x0A,0x00,0x00,0x00,0x08,0x00,0x00,0x00,0x07,0x00,0x00,0x00,0x0A,0x00,0x00,0x00,0x00,
0x00,0x00,0x00,0x00,0x00,0x00,0x00,0x5D,0x00,0x00,0x00,0x0F,0x00,0x00,0x00,0x05,0x00,0x00,0x00,0x05,0x00,0x00,0x00,0x0D,
0x00,0x00,0x00,0x00,0x00,0x00,0x00,0x00,0x00,0x00,0x00,0x5E,0x00,0x00,0x00,0x0A,0x00,0x00,0x00,0x09,0x00,0x00,0x00,0x09,
0x00,0x00,0x00,0x0A,0x00,0x00,0x00,0x00,0x00,0x00,0x00,0x00,0x00,0x00,0x00,0x5F,0x00,0x00,0x00,0x03,0x00,0x00,0x00,0x06,
0x00,0x00,0x00,0x06,0x00,0x00,0x00,0x01,0x00,0x00,0x00,0x00,0x00,0x00,0x00,0x00,0x00,0x00,0x00,0x60,0x00,0x00,0x00,0x0B,
0x00,0x00,0x00,0x04,0x00,0x00,0x00,0x03,0x00,0x00,0x00,0x0B,0x00,0x00,0x00,0x00,0x00,0x00,0x00,0x00,0x00,0x00,0x00,0x61,
0x00,0x00,0x00,0x07,0x00,0x00,0x00,0x08,0x00,0x00,0x00,0x08,0x00,0x00,0x00,0x07,0x00,0x00,0x00,0x00,0x00,0x00,0x00,0x00,
0x00,0x00,0x00,0x62,0x00,0x00,0x00,0x0A,0x00,0x00,0x00,0x08,0x00,0x00,0x00,0x08,0x00,0x00,0x00,0x0A,0x00,0x00,0x00,0x00,
0x00,0x00,0x00,0x00,0x00,0x00,0x00,0x63,0x00,0x00,0x00,0x07,0x00,0x00,0x00,0x08,0x00,0x00,0x00,0x08,0x00,0x00,0x00,0x07,
0x00,0x00,0x00,0x00,0x00,0x00,0x00,0x00,0x00,0x00,0x00,0x64,0x00,0x00,0x00,0x0A,0x00,0x00,0x00,0x08,0x00,0x00,0x00,0x08,
0x00,0x00,0x00,0x0A,0x00,0x00,0x00,0x00,0x00,0x00,0x00,0x00,0x00,0x00,0x00,0x65,0x00,0x00,0x00,0x07,0x00,0x00,0x00,0x08,
0x00,0x00,0x00,0x08,0x00,0x00,0x00,0x07,0x00,0x00,0x00,0x00,0x00,0x00,0x00,0x00,0x00,0x00,0x00,0x66,0x00,0x00,0x00,0x0A,
0x00,0x00,0x00,0x06,0x00,0x00,0x00,0x05,0x00,0x00,0x00,0x0A,0x00,0x00,0x00,0x00,0x00,0x00,0x00,0x00,0x00,0x00,0x00,0x67,
0x00,0x00,0x00,0x0A,0x00,0x00,0x00,0x08,0x00,0x00,0x00,0x08,0x00,0x00,0x00,0x07,0x00,0x00,0x00,0x00,0x00,0x00,0x00,0x00,
0x00,0x00,0x00,0x68,0x00,0x00,0x00,0x0A,0x00,0x00,0x00,0x08,0x00,0x00,0x00,0x08,0x00,0x00,0x00,0x0A,0x00,0x00,0x00,0x00,
0x00,0x00,0x00,0x00,0x00,0x00,0x00,0x69,0x00,0x00,0x00,0x0A,0x00,0x00,0x00,0x04,0x00,0x00,0x00,0x04,0x00,0x00,0x00,0x0A,
0x00,0x00,0x00,0x00,0x00,0x00,0x00,0x00,0x00,0x00,0x00,0x6A,0x00,0x00,0x00,0x0D,0x00,0x00,0x00,0x05,0x00,0x00,0x00,0x04,
0x00,0x00,0x00,0x0A,0xFF,0xFF,0xFF,0xFF,0x00,0x00,0x00,0x00,0x00,0x00,0x00,0x6B,0x00,0x00,0x00,0x0A,0x00,0x00,0x00,0x08,
0x00,0x00,0x00,0x08,0x00,0x00,0x00,0x0A,0x00,0x00,0x00,0x00,0x00,0x00,0x00,0x00,0x00,0x00,0x00,0x6C,0x00,0x00,0x00,0x0A,
0x00,0x00,0x00,0x04,0x00,0x00,0x00,0x04,0x00,0x00,0x00,0x0A,0x00,0x00,0x00,0x00,0x00,0x00,0x00,0x00,0x00,0x00,0x00,0x6D,
0x00,0x00,0x00,0x07,0x00,0x00,0x00,0x0C,0x00,0x00,0x00,0x0C,0x00,0x00,0x00,0x07,0x00,0x00,0x00,0x00,0x00,0x00,0x00,0x00,
0x00,0x00,0x00,0x6E,0x00,0x00,0x00,0x07,0x00,0x00,0x00,0x08,0x00,0x00,0x00,0x08,0x00,0x00,0x00,0x07,0x00,0x00,0x00,0x00,
0x00,0x00,0x00,0x00,0x00,0x00,0x00,0x6F,0x00,0x00,0x00,0x07,0x00,0x00,0x00,0x08,0x00,0x00,0x00,0x08,0x00,0x00,0x00,0x07,
0x00,0x00,0x00,0x00,0x00,0x00,0x00,0x00,0x00,0x00,0x00,0x70,0x00,0x00,0x00,0x0A,0x00,0x00,0x00,0x08,0x00,0x00,0x00,0x08,
0x00,0x00,0x00,0x07,0x00,0x00,0x00,0x00,0x00,0x00,0x00,0x00,0x00,0x00,0x00,0x71,0x00,0x00,0x00,0x0A,0x00,0x00,0x00,0x08,
0x00,0x00,0x00,0x08,0x00,0x00,0x00,0x07,0x00,0x00,0x00,0x00,0x00,0x00,0x00,0x00,0x00,0x00,0x00,0x72,0x00,0x00,0x00,0x07,
0x00,0x00,0x00,0x06,0x00,0x00,0x00,0x06,0x00,0x00,0x00,0x07,0x00,0x00,0x00,0x00,0x00,0x00,0x00,0x00,0x00,0x00,0x00,0x73,
0x00,0x00,0x00,0x07,0x00,0x00,0x00,0x07,0x00,0x00,0x00,0x07,0x00,0x00,0x00,0x07,0x00,0x00,0x00,0x00,0x00,0x00,0x00,0x00,
0x00,0x00,0x00,0x74,0x00,0x00,0x00,0x0A,0x00,0x00,0x00,0x06,0x00,0x00,0x00,0x06,0x00,0x00,0x00,0x0A,0x00,0x00,0x00,0x00,
0x00,0x00,0x00,0x00,0x00,0x00,0x00,0x75,0x00,0x00,0x00,0x07,0x00,0x00,0x00,0x08,0x00,0x00,0x00,0x08,0x00,0x00,0x00,0x07,
0x00,0x00,0x00,0x00,0x00,0x00,0x00,0x00,0x00,0x00,0x00,0x76,0x00,0x00,0x00,0x07,0x00,0x00,0x00,0x07,0x00,0x00,0x00,0x07,
0x00,0x00,0x00,0x07,0x00,0x00,0x00,0x00,0x00,0x00,0x00,0x00,0x00,0x00,0x00,0x77,0x00,0x00,0x00,0x07,0x00,0x00,0x00,0x0A,
0x00,0x00,0x00,0x0A,0x00,0x00,0x00,0x07,0x00,0x00,0x00,0x00,0x00,0x00,0x00,0x00,0x00,0x00,0x00,0x78,0x00,0x00,0x00,0x07,
0x00,0x00,0x00,0x08,0x00,0x00,0x00,0x07,0x00,0x00,0x00,0x07,0x00,0x00,0x00,0x00,0x00,0x00,0x00,0x00,0x00,0x00,0x00,0x79,
0x00,0x00,0x00,0x0A,0x00,0x00,0x00,0x08,0x00,0x00,0x00,0x08,0x00,0x00,0x00,0x07,0x00,0x00,0x00,0x00,0x00,0x00,0x00,0x00,
0x00,0x00,0x00,0x7A,0x00,0x00,0x00,0x07,0x00,0x00,0x00,0x07,0x00,0x00,0x00,0x07,0x00,0x00,0x00,0x07,0x00,0x00,0x00,0x00,
0x00,0x00,0x00,0x00,0x00,0x00,0x00,0x7B,0x00,0x00,0x00,0x0F,0x00,0x00,0x00,0x06,0x00,0x00,0x00,0x05,0x00,0x00,0x00,0x0D,
0x00,0x00,0x00,0x00,0x00,0x00,0x00,0x00,0x00,0x00,0x00,0x7C,0x00,0x00,0x00,0x0F,0x00,0x00,0x00,0x04,0x00,0x00,0x00,0x04,
0x00,0x00,0x00,0x0C,0x00,0x00,0x00,0x00,0x00,0x00,0x00,0x00,0x00,0x00,0x00,0x7D,0x00,0x00,0x00,0x0F,0x00,0x00,0x00,0x05,
0x00,0x00,0x00,0x05,0x00,0x00,0x00,0x0D,0x00,0x00,0x00,0x00,0x00,0x00,0x00,0x00,0x00,0x00,0x00,0x7E,0x00,0x00,0x00,0x06,
0x00,0x00,0x00,0x08,0x00,0x00,0x00,0x08,0x00,0x00,0x00,0x06,0x00,0x00,0x00,0x00,0x00,0x00,0x00,0x00,0x00,0xFF,0x94,0x00,
0x00,0xFF,0x94,0x00,0x00,0xFF,0x94,0x00,0x00,0xFF,0x94,0x00,0x00,0xFF,0x94,0x00,0x00,0xFF,0x94,0x00,0x00,0xFF,0x94,0x00,
0x00,0x00,0x00,0x00,0x00,0x47,0x22,0x00,0x00,0xEF,0x83,0x00,0x00,0xFF,0x94,0x94,0xFF,0x00,0x00,0xFF,0x93,0x93,0xFF,0x00,
0x00,0xEE,0x81,0x82,0xED,0x00,0x00,0xD5,0x68,0x69,0xD4,0x00,0x00,0x00,0x00,0x00,0x00,0x00,0x00,0x00,0x00,0x00,0x00,0x00,
0x00,0x00,0x00,0x00,0x00,0x00,0x00,0x00,0x00,0x00,0x00,0x00,0x00,0x00,0x00,0x00,0x00,0x00,0x00,0x00,0x00,0x00,0x00,0x00,
0x00,0x00,0x00,0xB3,0xD9,0x00,0x5B,0xFF,0x30,0x00,0x00,0x00,0x00,0xD8,0xB5,0x00,0x80,0xFF,0x0C,0x00,0x00,0x00,0x03,0xF9,
0x91,0x00,0xA5,0xE6,0x00,0x00,0x00,0xFF,0xFF,0xFF,0xFF,0xFF,0xFF,0xFF,0xFF,0x00,0x00,0x58,0x93,0xFF,0x77,0x5B,0xFD,0xAF,
0x58,0x00,0x00,0x14,0x8F,0xFB,0x1B,0x3E,0xFF,0x66,0x14,0x00,0x00,0xFF,0xFF,0xFF,0xFF,0xFF,0xFF,0xFF,0xFF,0x00,0x00,0x44,
0xF0,0xB9,0x44,0xB0,0xF9,0x44,0x44,0x00,0x00,0x0F,0xFF,0x7C,0x00,0xB7,0xD4,0x00,0x00,0x00,0x00,0x38,0xFF,0x54,0x00,0xE0,
0xAC,0x00,0x00,0x00,0x00,0x00,0x00,0x00,0xFF,0x94,0x00,0x00,0x00,0x00,0x2A,0xE6,0xFF,0xFF,0xFF,0xE7,0x2B,0x00,0x00,0xEB,
0xDC,0x5A,0xFF,0xB9,0xD1,0xEB,0x00,0x00,0xFF,0x94,0x00,0xFF,0x94,0x55,0x94,0x00,0x00,0xFE,0xBF,0x16,0xFF,0x9C,0x0E,0x00,
0x00,0x00,0x5F,0xFC,0xFF,0xFF,0xFF,0xF7,0x41,0x00,0x00,0x00,0x2E,0x44,0xFF,0xB0,0xC8,0xF3,0x00,0x00,0x00,0x00,0x00,0xFF,
0x94,0x94,0xFF,0x00,0x00,0xDC,0x7F,0x00,0xFF,0x94,0x94,0xFF,0x00,0x00,0xE6,0xE7,0x69,0xFF,0xBF,0xD9,0xE4,0x00,0x00,0x28,
0xE8,0xFF,0xFF,0xFF,0xEE,0x2B,0x00,0x00,0x00,0x00,0x00,0xFF,0x94,0x00,0x00,0x00,0x00,0x00,0x00,0x00,0xFF,0x94,0x00,0x00,
0x00,0x00,0x54,0xFA,0xFF,0xD0,0x14,0x00,0x00,0xC9,0xBD,0x00,0x00,0x00,0xFC,0xC5,0x64,0xFF,0x90,0x00,0x57,0xFE,0x32,0x00,
0x00,0x00,0xFF,0x94,0x00,0xFF,0x94,0x05,0xDC,0xA4,0x00,0x00,0x00,0x00,0xFF,0xA8,0x1F,0xFF,0x94,0x6F,0xF8,0x1F,0x00,0x00,
0x00,0x00,0x9D,0xFF,0xFF,0xF3,0x4E,0xEB,0x8B,0x00,0x00,0x00,0x00,0x00,0x00,0x3F,0x44,0x24,0x87,0xEE,0x36,0xD7,0xFF,0xFC,
0x6D,0x00,0x00,0x00,0x00,0x1B,0xF6,0x73,0x94,0xFF,0x3B,0xB3,0xFF,0x00,0x00,0x00,0x00,0x9F,0xDF,0x07,0x94,0xFF,0x00,0x94,
0xFF,0x00,0x00,0x00,0x2D,0xFD,0x5A,0x00,0x90,0xFF,0x63,0xC4,0xFC,0x00,0x00,0x00,0xB6,0xCC,0x01,0x00,0x14,0xCF,0xFF,0xFB,
0x56,0x00,0x03,0xA6,0xFF,0xFF,0xFF,0xB2,0x06,0x00,0x00,0x80,0xFF,0x76,0x58,0x72,0xFE,0x87,0x00,0x00,0x94,0xFF,0x00,0x00,
0x00,0x53,0x34,0x00,0x00,0x94,0xFF,0x00,0x00,0x00,0x1D,0x32,0x00,0x00,0x92,0xFF,0x3D,0x14,0x14,0x98,0xF8,0x14,0x00,0x55,
0xFF,0xFF,0xFF,0xFF,0xFF,0xFF,0xFF,0x00,0xF4,0xCF,0x45,0x44,0x44,0xB0,0xFF,0x44,0x00,0xFF,0x94,0x00,0x00,0x00,0x94,0xFF,
0x00,0x00,0xE7,0xDE,0x69,0x68,0x68,0xDC,0xE7,0x00,0x00,0x29,0xE9,0xFF,0xFF,0xFF,0xE9,0x29,0x00,0x00,0xFF,0x94,0x00,0xFF,
0x93,0x00,0xEE,0x81,0x00,0xD5,0x68,0x00,0x00,0x00,0x00,0x00,0x00,0x00,0x00,0x00,0x00,0x00,0x00,0x00,0x00,0x00,0x00,0x00,
0x00,0x00,0x00,0x08,0x14,0x0A,0x00,0x1B,0xDA,0xFF,0x80,0x00,0xDB,0xF0,0x56,0x22,0x00,0xFF,0x94,0x00,0x00,0x00,0xFF,0x94,
0x00,0x00,0x00,0xFF,0x94,0x00,0x00,0x00,0xFF,0x94,0x00,0x00,0x00,0xFF,0x94,0x00,0x00,0x00,0xFF,0x94,0x00,0x00,0x00,0xFF,
0x94,0x00,0x00,0x00,0xFF,0x94,0x00,0x00,0x00,0xFF,0x94,0x00,0x00,0x00,0xF0,0xDC,0x26,0x0A,0x00,0x36,0xF0,0xFF,0x80,0x00,
0x00,0x22,0x44,0x22,0x00,0x14,0x13,0x00,0x00,0x00,0xFF,0xFF,0x88,0x00,0x00,0x44,0x99,0xFF,0x6F,0x00,0x00,0x00,0xFF,0x94,
0x00,0x00,0x00,0xFF,0x94,0x00,0x00,0x00,0xFF,0x94,0x00,0x00,0x00,0xFF,0x94,0x00,0x00,0x00,0xFF,0x94,0x00,0x00,0x00,0xFF,
0x94,0x00,0x00,0x00,0xFF,0x94,0x00,0x00,0x00,0xFF,0x94,0x00,0x00,0x00,0xFF,0x94,0x00,0x14,0x69,0xFF,0x84,0x00,0xFF,0xFF,
0xB3,0x06,0x00,0x44,0x43,0x06,0x00,0x06,0x43,0xE2,0x3C,0x00,0x27,0xCF,0xF3,0xC8,0x0F,0x27,0xD5,0xF4,0xC8,0x0F,0x05,0x45,
0xE2,0x3A,0x00,0x00,0x00,0x00,0x00,0x00,0x00,0x00,0x00,0x00,0x00,0x00,0x00,0x00,0x00,0x00,0x00,0x00,0x00,0x00,0x00,0x00,
0x00,0x00,0x00,0x00,0x00,0x00,0x00,0x00,0x00,0x00,0x00,0x00,0x94,0xFF,0x00,0x00,0x00,0x00,0x14,0x14,0x9C,0xFF,0x14,0x14,
0x14,0x00,0xFF,0xFF,0xFF,0xFF,0xFF,0xFF,0xFF,0x00,0x44,0x44,0xB0,0xFF,0x44,0x44,0x44,0x00,0x00,0x00,0x94,0xFF,0x00,0x00,
0x00,0x00,0x00,0x00,0x94,0xFF,0x00,0x00,0x00,0x00,0x00,0x00,0x00,0x00,0x00,0x00,0x00,0x00,0x44,0x1E,0x00,0xEB,0x93,0x00,
0x78,0x6C,0x00,0xAD,0x1E,0x00,0x14,0x14,0x14,0x14,0x14,0x00,0xFF,0xFF,0xFF,0xFF,0xFF,0x00,0x44,0x44,0x44,0x44,0x44,0x00,
0x00,0x00,0x00,0x00,0x00,0x00,0x00,0x00,0x00,0x00,0x00,0x00,0x43,0x1E,0x00,0xEA,0x7E,0x00,0x00,0x00,0x00,0x04,0xD9,0xC6,
0x00,0x00,0x00,0x00,0x00,0x68,0xFF,0x3C,0x00,0x00,0x00,0x00,0x0B,0xE7,0xB1,0x00,0x00,0x00,0x00,0x00,0x7D,0xFC,0x2A,0x00,
0x00,0x00,0x00,0x15,0xF1,0x9C,0x00,0x00,0x00,0x00,0x00,0x92,0xF6,0x1B,0x00,0x00,0x00,0x00,0x21,0xF9,0x88,0x00,0x00,0x00,
0x00,0x00,0xA6,0xED,0x10,0x00,0x00,0x00,0x00,0x32,0xFE,0x73,0x00,0x00,0x00,0x00,0x00,0xBB,0xE1,0x07,0x00,0x00,0x00,0x00,
0x00,0x00,0x1F,0xDE,0xFF,0xFF,0xFF,0xFF,0x8F,0x00,0x00,0xDF,0xEE,0x64,0x58,0x58,0x99,0xFF,0x73,0x00,0xFF,0x94,0x00,0x00,
0x00,0x00,0xFF,0x94,0x00,0xFF,0x94,0x00,0x00,0x00,0x00,0xFF,0x94,0x00,0xFF,0x94,0x00,0x00,0x00,0x00,0xFF,0x94,0x00,0xFF,
0x94,0x00,0x00,0x00,0x00,0xFF,0x94,0x00,0xFF,0x94,0x00,0x00,0x00,0x00,0xFF,0x94,0x00,0xFF,0x94,0x00,0x00,0x00,0x00,0xFF,
0x94,0x00,0xDF,0xEE,0x63,0x58,0x58,0x99,0xFF,0x73,0x00,0x1F,0xDE,0xFF,0xFF,0xFF,0xFF,0x90,0x00,0x00,0x0C,0x8A,0xFA,0x94,
0x00,0xE4,0xF2,0xFF,0x94,0x00,0x9B,0x17,0xFF,0x94,0x00,0x00,0x00,0xFF,0x94,0x00,0x00,0x00,0xFF,0x94,0x00,0x00,0x00,0xFF,
0x94,0x00,0x00,0x00,0xFF,0x94,0x00,0x00,0x00,0xFF,0x94,0x00,0x00,0x00,0xFF,0x94,0x00,0x00,0x00,0xFF,0x94,0x00,0x2E,0xEB,
0xFF,0xFF,0xFF,0xA8,0x04,0x00,0xEC,0xDD,0x59,0x58,0x7E,0xFF,0x80,0x00,0xDC,0x7F,0x00,0x00,0x00,0xFF,0x94,0x00,0x00,0x00,
0x00,0x00,0x79,0xFF,0x76,0x00,0x00,0x00,0x00,0x7D,0xFF,0x91,0x01,0x00,0x00,0x00,0x81,0xFF,0x87,0x00,0x00,0x00,0x00,0x85,
0xFF,0x7F,0x00,0x00,0x00,0x00,0x8A,0xFF,0x75,0x00,0x00,0x00,0x00,0x00,0xFF,0xC8,0x58,0x58,0x58,0x58,0x37,0x00,0xFF,0xFF,
0xFF,0xFF,0xFF,0xFF,0xA0,0x00,0x28,0xE3,0xFF,0xFF,0xFF,0xEA,0x2E,0x00,0xEB,0xDD,0x5D,0x58,0x5A,0xDB,0xEB,0x00,0xAC,0x63,
0x00,0x00,0x00,0x94,0xFF,0x00,0x00,0x00,0x13,0x14,0x15,0xBB,0xFE,0x00,0x00,0x00,0xF8,0xFF,0xFF,0xFF,0x87,0x00,0x00,0x00,
0x41,0x44,0x45,0xD8,0xF1,0x00,0x18,0x0D,0x00,0x00,0x00,0x94,0xFF,0x00,0xFF,0x94,0x00,0x00,0x00,0x94,0xFF,0x00,0xE6,0xE9,
0x6A,0x68,0x6A,0xE9,0xE6,0x00,0x29,0xEA,0xFF,0xFF,0xFF,0xEA,0x29,0x00,0x00,0x00,0x00,0x07,0xD2,0xFF,0x94,0x00,0x00,0x00,
0x00,0x00,0x8C,0xF9,0xFF,0x94,0x00,0x00,0x00,0x00,0x41,0xFE,0x70,0xFF,0x94,0x00,0x00,0x00,0x10,0xE2,0xBC,0x01,0xFF,0x94,
0x00,0x00,0x00,0xA5,0xEE,0x1C,0x00,0xFF,0x94,0x00,0x00,0x58,0xFF,0x57,0x00,0x00,0xFF,0x94,0x00,0x00,0xEE,0xBF,0x1C,0x1C,
0x1C,0xFF,0x9F,0x15,0x00,0xFF,0xFF,0xFF,0xFF,0xFF,0xFF,0xFF,0xC4,0x00,0x4C,0x4C,0x4C,0x4C,0x4C,0xFF,0xB4,0x3A,0x00,0x00,
0x00,0x00,0x00,0x00,0xFF,0x94,0x00,0x00,0xFF,0xFF,0xFF,0xFF,0xFF,0xFF,0xD0,0x00,0xFF,0xB9,0x58,0x58,0x58,0x58,0x47,0x00,
0xFF,0x94,0x00,0x00,0x00,0x00,0x00,0x00,0xFF,0x9C,0x14,0x14,0x14,0x0C,0x00,0x00,0xFF,0xFF,0xFF,0xFF,0xFF,0xF1,0x39,0x00,
0x44,0x44,0x44,0x44,0x46,0xD3,0xF3,0x00,0x00,0x00,0x00,0x00,0x00,0x94,0xFF,0x00,0xD0,0x78,0x00,0x00,0x00,0x94,0xFF,0x00,
0xE6,0xE2,0x6A,0x68,0x6A,0xE2,0xE6,0x00,0x29,0xEA,0xFF,0xFF,0xFF,0xEA,0x29,0x00,0x2E,0xEB,0xFF,0xFF,0xFF,0xEA,0x2E,0x00,
0x00,0xEC,0xE4,0x5B,0x58,0x5B,0xE4,0xEB,0x00,0x00,0xFF,0x94,0x00,0x00,0x00,0x7A,0xD4,0x00,0x00,0xFF,0x94,0x0A,0x14,0x14,
0x0D,0x00,0x00,0x00,0xFF,0xBE,0xE8,0xFF,0xFF,0xF6,0x3F,0x00,0x00,0xFF,0xFF,0x8D,0x44,0x45,0xD5,0xF3,0x00,0x00,0xFF,0xAF,
0x00,0x00,0x00,0x94,0xFF,0x00,0x00,0xFF,0x94,0x00,0x00,0x00,0x94,0xFF,0x00,0x00,0xEC,0xE0,0x5B,0x58,0x59,0xDD,0xED,0x00,
0x00,0x2E,0xEB,0xFF,0xFF,0xFF,0xF0,0x33,0x00,0xF4,0xFF,0xFF,0xFF,0xFF,0xFF,0x94,0x53,0x58,0x58,0x58,0x60,0xFF,0x8C,0x00,
0x00,0x00,0x00,0x6A,0xFF,0x31,0x00,0x00,0x00,0x03,0xDE,0xBC,0x00,0x00,0x00,0x00,0x5A,0xFF,0x48,0x00,0x00,0x00,0x00,0xD1,
0xD2,0x00,0x00,0x00,0x00,0x4B,0xFF,0x5F,0x00,0x00,0x00,0x00,0xC3,0xE4,0x05,0x00,0x00,0x00,0x3B,0xFF,0x76,0x00,0x00,0x00,
0x00,0xB4,0xF2,0x0F,0x00,0x00,0x00,0x00,0x2D,0xE9,0xFF,0xFF,0xFF,0xEA,0x2E,0x00,0x00,0xEC,0xDD,0x5A,0x58,0x5A,0xDD,0xEB,
0x00,0x00,0xFF,0x94,0x00,0x00,0x00,0x94,0xFF,0x00,0x00,0xFA,0xC0,0x16,0x14,0x16,0xC0,0xFA,0x00,0x00,0x75,0xFF,0xFF,0xFF,
0xFF,0xFF,0x82,0x00,0x00,0xEE,0xD4,0x44,0x44,0x44,0xD4,0xEF,0x00,0x00,0xFF,0x94,0x00,0x00,0x00,0x94,0xFF,0x00,0x00,0xFF,
0x94,0x00,0x00,0x00,0x94,0xFF,0x00,0x00,0xED,0xDD,0x58,0x58,0x58,0xDD,0xEE,0x00,0x00,0x37,0xF3,0xFF,0xFF,0xFF,0xF6,0x3A,
0x00,0x00,0x2F,0xEC,0xFF,0xFF,0xFF,0xEA,0x2E,0x00,0x00,0xEC,0xE1,0x5A,0x58,0x5A,0xE1,0xEB,0x00,0x00,0xFF,0x94,0x00,0x00,
0x00,0x94,0xFF,0x00,0x00,0xFF,0x94,0x00,0x00,0x00,0x97,0xFF,0x00,0x00,0xFE,0xC4,0x16,0x14,0x48,0xF7,0xFF,0x00,0x00,0x62,
0xFE,0xFF,0xFF,0xFC,0xD8,0xFF,0x00,0x00,0x00,0x32,0x44,0x44,0x2E,0x94,0xFF,0x00,0x00,0xA4,0x75,0x00,0x00,0x00,0x94,0xFF,
0x00,0x00,0xE4,0xF3,0x71,0x68,0x6A,0xE5,0xE6,0x00,0x00,0x21,0xDD,0xFF,0xFF,0xFF,0xEA,0x29,0x00,0x00,0x0C,0x03,0x00,0xF1,
0x85,0x00,0x30,0x14,0x00,0x00,0x00,0x00,0x00,0x00,0x00,0x43,0x1E,0x00,0xEA,0x7E,0x00,0x0C,0x03,0x00,0xF1,0x85,0x00,0x31,
0x14,0x00,0x00,0x00,0x00,0x00,0x00,0x00,0x44,0x1F,0x00,0xEB,0x93,0x00,0x75,0x6D,0x00,0xAC,0x21,0x00,0x00,0x00,0x00,0x00,
0x00,0x00,0x00,0x00,0x00,0x00,0x00,0x00,0x00,0x00,0x2F,0x9D,0x77,0x00,0x00,0x00,0x03,0x52,0xC0,0xFF,0xEB,0x51,0x00,0x11,
0x75,0xE0,0xFF,0xC8,0x5E,0x07,0x00,0x00,0xF5,0xFB,0x9E,0x33,0x00,0x00,0x00,0x00,0x00,0xDE,0xFF,0xC2,0x52,0x03,0x00,0x00,
0x00,0x00,0x03,0x54,0xC6,0xFF,0xDF,0x73,0x0F,0x00,0x00,0x00,0x00,0x00,0x37,0xAA,0xFC,0xF3,0x57,0x00,0x00,0x00,0x00,0x00,
0x00,0x1F,0x8E,0x71,0x00,0x14,0x14,0x14,0x14,0x14,0x14,0x14,0x00,0xFF,0xFF,0xFF,0xFF,0xFF,0xFF,0xFF,0x00,0x58,0x58,0x58,
0x58,0x58,0x58,0x58,0x00,0xFF,0xFF,0xFF,0xFF,0xFF,0xFF,0xFF,0x00,0x44,0x44,0x44,0x44,0x44,0x44,0x44,0x00,0x00,0x00,0x00,
0x00,0x00,0x00,0x00,0x00,0x00,0x00,0x00,0x00,0x00,0x00,0x00,0x00,0x00,0xD3,0x66,0x0A,0x00,0x00,0x00,0x00,0x00,0x00,0xBD,
0xFF,0xED,0x89,0x1E,0x00,0x00,0x00,0x00,0x00,0x29,0x93,0xF1,0xFC,0xAC,0x3E,0x00,0x00,0x00,0x00,0x00,0x0C,0x68,0xD7,0xFF,
0x75,0x00,0x00,0x00,0x00,0x1E,0x8A,0xEE,0xFB,0x62,0x00,0x00,0x3B,0xAA,0xFC,0xF1,0x8D,0x1E,0x00,0x00,0xCB,0xFF,0xDF,0x71,
0x0D,0x00,0x00,0x00,0x00,0xC7,0x55,0x03,0x00,0x00,0x00,0x00,0x00,0x00,0x12,0xD0,0xFF,0xFF,0xF7,0x46,0x00,0x00,0xCE,0xF1,
0x5F,0x58,0xBC,0xF7,0x38,0x00,0xF4,0x8F,0x00,0x00,0x2D,0xFF,0x6C,0x00,0x00,0x00,0x00,0x00,0x87,0xFF,0x5A,0x00,0x00,0x00,
0x00,0x6C,0xFF,0xA0,0x00,0x00,0x00,0x00,0x4F,0xFD,0xB7,0x04,0x00,0x00,0x00,0x00,0x94,0xFF,0x0C,0x00,0x00,0x00,0x00,0x00,
0x7C,0xD8,0x00,0x00,0x00,0x00,0x00,0x00,0x20,0x45,0x00,0x00,0x00,0x00,0x00,0x00,0x80,0xED,0x00,0x00,0x00,0x00,0x00,0x00,
0x06,0x14,0x14,0x14,0x14,0x0E,0x00,0x00,0x00,0x00,0x00,0x17,0xCF,0xFF,0xFF,0xFF,0xFF,0xF9,0x60,0x00,0x00,0x00,0x23,0xDD,
0xF6,0x68,0x58,0x50,0x53,0xC3,0xFF,0x8C,0x02,0x00,0xE8,0xED,0x41,0xB3,0xFF,0xF0,0xDD,0x96,0x86,0xFF,0x81,0x00,0xFF,0x94,
0x84,0xFF,0x61,0x6D,0xFF,0x94,0x00,0xFF,0x94,0x00,0xFF,0x94,0x94,0xFF,0x00,0x00,0xFF,0x94,0x00,0xFF,0x94,0x00,0xFF,0x94,
0x92,0xFF,0x23,0x4E,0xFF,0x95,0x45,0xFF,0x87,0x00,0xEF,0xE1,0x3D,0xD3,0xFF,0xF1,0xB2,0xFF,0xFF,0xA9,0x07,0x00,0x31,0xEC,
0xE5,0x40,0x48,0x30,0x16,0x47,0x47,0x08,0x00,0x00,0x00,0x2D,0xE9,0xFF,0xFF,0xFF,0xFF,0xFF,0xFF,0x58,0x00,0x00,0x00,0x00,
0x1D,0x44,0x44,0x44,0x44,0x44,0x44,0x17,0x00,0x00,0x00,0x00,0x7A,0xFF,0x68,0x00,0x00,0x00,0x00,0x00,0x00,0xD5,0xFE,0xC3,
0x00,0x00,0x00,0x00,0x00,0x30,0xFF,0x8C,0xFE,0x1F,0x00,0x00,0x00,0x00,0x8B,0xDF,0x07,0xEE,0x79,0x00,0x00,0x00,0x02,0xE4,
0x86,0x00,0x9A,0xD4,0x00,0x00,0x00,0x42,0xFF,0x43,0x18,0x53,0xFF,0x2E,0x00,0x00,0x9D,0xFF,0xFF,0xFF,0xFF,0xFF,0x89,0x00,
0x07,0xF0,0xA6,0x48,0x48,0x48,0xB7,0xE2,0x01,0x53,0xFF,0x40,0x00,0x00,0x00,0x57,0xFF,0x3F,0xAE,0xEE,0x04,0x00,0x00,0x00,
0x0E,0xF9,0x9A,0x00,0xFF,0xFF,0xFF,0xFF,0xFF,0xF6,0x3E,0x00,0x00,0xFF,0xB9,0x58,0x58,0x59,0xDA,0xF2,0x00,0x00,0xFF,0x94,
0x00,0x00,0x00,0x94,0xFF,0x00,0x00,0xFF,0x9C,0x14,0x14,0x15,0xBD,0xFC,0x00,0x00,0xFF,0xFF,0xFF,0xFF,0xFF,0xFF,0xB9,0x00,
0x00,0xFF,0xB0,0x44,0x44,0x44,0x92,0xFF,0x71,0x00,0xFF,0x94,0x00,0x00,0x00,0x00,0xFF,0x94,0x00,0xFF,0x94,0x00,0x00,0x00,
0x01,0xFF,0x94,0x00,0xFF,0xB9,0x58,0x58,0x58,0xA5,0xFF,0x79,0x00,0xFF,0xFF,0xFF,0xFF,0xFF,0xFF,0x9B,0x01,0x00,0x1C,0xDB,
0xFF,0xFF,0xFF,0xFF,0x8F,0x00,0x00,0xDC,0xF6,0x69,0x58,0x58,0x9D,0xFF,0x73,0x00,0xFF,0x96,0x00,0x00,0x00,0x01,0xD8,0x7C,
0x00,0xFF,0x94,0x00,0x00,0x00,0x00,0x00,0x00,0x00,0xFF,0x94,0x00,0x00,0x00,0x00,0x00,0x00,0x00,0xFF,0x94,0x00,0x00,0x00,
0x00,0x00,0x00,0x00,0xFF,0x94,0x00,0x00,0x00,0x00,0x00,0x00,0x00,0xFF,0x99,0x00,0x00,0x00,0x03,0xE8,0x86,0x00,0xD4,0xF9,
0x79,0x68,0x68,0xAB,0xFF,0x6C,0x00,0x18,0xDA,0xFF,0xFF,0xFF,0xFF,0x8C,0x00,0x00,0xFF,0xFF,0xFF,0xFF,0xFF,0xFF,0x7B,0x00,
0x00,0x00,0xFF,0xB9,0x58,0x58,0x58,0xA8,0xFF,0x66,0x00,0x00,0xFF,0x94,0x00,0x00,0x00,0x03,0xFF,0x94,0x00,0x00,0xFF,0x94,
0x00,0x00,0x00,0x00,0xFF,0x94,0x00,0x00,0xFF,0x94,0x00,0x00,0x00,0x00,0xFF,0x94,0x00,0x00,0xFF,0x94,0x00,0x00,0x00,0x00,
0xFF,0x94,0x00,0x00,0xFF,0x94,0x00,0x00,0x00,0x00,0xFF,0x94,0x00,0x00,0xFF,0x94,0x00,0x00,0x00,0x03,0xFF,0x94,0x00,0x00,
0xFF,0xB9,0x58,0x58,0x58,0xA8,0xFF,0x67,0x00,0x00,0xFF,0xFF,0xFF,0xFF,0xFF,0xFF,0x7C,0x00,0x00,0x00,0xFF,0xFF,0xFF,0xFF,
0xFF,0xFF,0xC8,0x00,0xFF,0xB9,0x58,0x58,0x58,0x58,0x44,0x00,0xFF,0x94,0x00,0x00,0x00,0x00,0x00,0x00,0xFF,0x9C,0x14,0x14,
0x14,0x14,0x07,0x00,0xFF,0xFF,0xFF,0xFF,0xFF,0xFF,0x60,0x00,0xFF,0xB0,0x44,0x44,0x44,0x44,0x19,0x00,0xFF,0x94,0x00,0x00,
0x00,0x00,0x00,0x00,0xFF,0x94,0x00,0x00,0x00,0x00,0x00,0x00,0xFF,0xB9,0x58,0x58,0x58,0x58,0x44,0x00,0xFF,0xFF,0xFF,0xFF,
0xFF,0xFF,0xC8,0x00,0xFF,0xFF,0xFF,0xFF,0xFF,0xFF,0xA4,0x00,0xFF,0xB9,0x58,0x58,0x58,0x58,0x38,0x00,0xFF,0x94,0x00,0x00,
0x00,0x00,0x00,0x00,0xFF,0x94,0x00,0x00,0x00,0x00,0x00,0x00,0xFF,0x9C,0x14,0x14,0x14,0x13,0x00,0x00,0xFF,0xFF,0xFF,0xFF,
0xFF,0xF8,0x00,0x00,0xFF,0xB0,0x44,0x44,0x44,0x41,0x00,0x00,0xFF,0x94,0x00,0x00,0x00,0x00,0x00,0x00,0xFF,0x94,0x00,0x00,
0x00,0x00,0x00,0x00,0xFF,0x94,0x00,0x00,0x00,0x00,0x00,0x00,0x1A,0xDB,0xFF,0xFF,0xFF,0xFF,0xDD,0x1C,0x00,0xD8,0xFB,0x71,
0x58,0x58,0x6A,0xF8,0xDB,0x00,0xFF,0x9C,0x00,0x00,0x00,0x00,0x98,0xFF,0x00,0xFF,0x94,0x00,0x00,0x00,0x00,0x06,0x0C,0x00,
0xFF,0x94,0x00,0x00,0x10,0x14,0x14,0x14,0x00,0xFF,0x94,0x00,0x00,0xD0,0xFF,0xFF,0xFF,0x00,0xFF,0x94,0x00,0x00,0x37,0x44,
0xB0,0xFF,0x00,0xFF,0x94,0x00,0x00,0x00,0x00,0x94,0xFF,0x00,0xDD,0xF3,0x6B,0x58,0x58,0x67,0xF1,0xDD,0x00,0x1D,0xDC,0xFF,
0xFF,0xFF,0xFF,0xDC,0x1D,0x00,0xFF,0x94,0x00,0x00,0x00,0x00,0xFF,0x94,0x00,0x00,0xFF,0x94,0x00,0x00,0x00,0x00,0xFF,0x94,
0x00,0x00,0xFF,0x94,0x00,0x00,0x00,0x00,0xFF,0x94,0x00,0x00,0xFF,0x9C,0x14,0x14,0x14,0x14,0xFF,0x94,0x00,0x00,0xFF,0xFF,
0xFF,0xFF,0xFF,0xFF,0xFF,0x94,0x00,0x00,0xFF,0xB0,0x44,0x44,0x44,0x44,0xFF,0x94,0x00,0x00,0xFF,0x94,0x00,0x00,0x00,0x00,
0xFF,0x94,0x00,0x00,0xFF,0x94,0x00,0x00,0x00,0x00,0xFF,0x94,0x00,0x00,0xFF,0x94,0x00,0x00,0x00,0x00,0xFF,0x94,0x00,0x00,
0xFF,0x94,0x00,0x00,0x00,0x00,0xFF,0x94,0x00,0x00,0xFF,0x94,0x00,0x00,0xFF,0x94,0x00,0x00,0xFF,0x94,0x00,0x00,0xFF,0x94,
0x00,0x00,0xFF,0x94,0x00,0x00,0xFF,0x94,0x00,0x00,0xFF,0x94,0x00,0x00,0xFF,0x94,0x00,0x00,0xFF,0x94,0x00,0x00,0xFF,0x94,
0x00,0x00,0x00,0x00,0x00,0x00,0x00,0xFF,0x94,0x00,0x00,0x00,0x00,0x00,0x00,0xFF,0x94,0x00,0x00,0x00,0x00,0x00,0x00,0xFF,
0x94,0x00,0x00,0x00,0x00,0x00,0x00,0xFF,0x94,0x00,0x00,0x00,0x00,0x00,0x00,0xFF,0x94,0x00,0x00,0x00,0x00,0x00,0x00,0xFF,
0x94,0x00,0x5C,0x35,0x00,0x00,0x00,0xFF,0x94,0x00,0xFF,0x98,0x00,0x00,0x01,0xFF,0x94,0x00,0xCA,0xF8,0x76,0x68,0xA5,0xFF,
0x6C,0x00,0x10,0xCD,0xFF,0xFF,0xFF,0x8C,0x00,0x00,0xFF,0x94,0x00,0x00,0x00,0x90,0xFE,0x3D,0x00,0xFF,0x94,0x00,0x00,0x31,
0xFC,0x9C,0x00,0x00,0xFF,0x94,0x00,0x02,0xC9,0xEA,0x12,0x00,0x00,0xFF,0x9C,0x14,0x6F,0xFF,0x5D,0x00,0x00,0x00,0xFF,0xFF,
0xFF,0xFF,0xDA,0x00,0x00,0x00,0x00,0xFF,0xB0,0x44,0x9C,0xFF,0x3C,0x00,0x00,0x00,0xFF,0x94,0x00,0x10,0xED,0xCA,0x01,0x00,
0x00,0xFF,0x94,0x00,0x00,0x71,0xFF,0x5D,0x00,0x00,0xFF,0x94,0x00,0x00,0x06,0xDD,0xE4,0x0A,0x00,0xFF,0x94,0x00,0x00,0x00,
0x57,0xFF,0x7F,0x00,0xFF,0x94,0x00,0x00,0x00,0x00,0x00,0x00,0xFF,0x94,0x00,0x00,0x00,0x00,0x00,0x00,0xFF,0x94,0x00,0x00,
0x00,0x00,0x00,0x00,0xFF,0x94,0x00,0x00,0x00,0x00,0x00,0x00,0xFF,0x94,0x00,0x00,0x00,0x00,0x00,0x00,0xFF,0x94,0x00,0x00,
0x00,0x00,0x00,0x00,0xFF,0x94,0x00,0x00,0x00,0x00,0x00,0x00,0xFF,0x94,0x00,0x00,0x00,0x00,0x00,0x00,0xFF,0xBE,0x64,0x64,
0x64,0x64,0x32,0x00,0xFF,0xFF,0xFF,0xFF,0xFF,0xFF,0x80,0x00,0xFF,0xC5,0x00,0x00,0x00,0x00,0x00,0xCE,0xFF,0x00,0x00,0xFF,
0xFF,0x31,0x00,0x00,0x00,0x3A,0xFF,0xFF,0x00,0x00,0xFF,0xFF,0x9D,0x00,0x00,0x00,0xA6,0xFF,0xFF,0x00,0x00,0xFF,0xE5,0xF6,
0x12,0x00,0x17,0xF9,0xE2,0xFF,0x00,0x00,0xFF,0x98,0xE2,0x75,0x00,0x7E,0xDE,0x96,0xFF,0x00,0x00,0xFF,0x94,0x75,0xDE,0x07,
0xE5,0x6F,0x94,0xFF,0x00,0x00,0xFF,0x94,0x10,0xF4,0xA2,0xF0,0x0D,0x94,0xFF,0x00,0x00,0xFF,0x94,0x00,0x93,0xFF,0x8C,0x00,
0x94,0xFF,0x00,0x00,0xFF,0x94,0x00,0x24,0xBC,0x1E,0x00,0x94,0xFF,0x00,0x00,0xFF,0x94,0x00,0x00,0x00,0x00,0x00,0x94,0xFF,
0x00,0x00,0xFF,0xCB,0x02,0x00,0x00,0x00,0xFF,0x94,0x00,0x00,0xFF,0xFF,0x6D,0x00,0x00,0x00,0xFF,0x94,0x00,0x00,0xFF,0xFB,
0xF1,0x1A,0x00,0x00,0xFF,0x94,0x00,0x00,0xFF,0xA2,0xE6,0xAA,0x00,0x00,0xFF,0x94,0x00,0x00,0xFF,0x94,0x56,0xFF,0x49,0x00,
0xFF,0x94,0x00,0x00,0xFF,0x94,0x00,0xB7,0xDE,0x09,0xFF,0x94,0x00,0x00,0xFF,0x94,0x00,0x21,0xF6,0x86,0xFF,0x94,0x00,0x00,
0xFF,0x94,0x00,0x00,0x79,0xFA,0xFF,0x94,0x00,0x00,0xFF,0x94,0x00,0x00,0x05,0xD5,0xFF,0x94,0x00,0x00,0xFF,0x94,0x00,0x00,
0x00,0x3C,0xFE,0x94,0x00,0x00,0x1C,0xDB,0xFF,0xFF,0xFF,0xFF,0xDB,0x1B,0x00,0x00,0xDC,0xF6,0x6B,0x58,0x58,0x6B,0xF7,0xDB,
0x00,0x00,0xFF,0x97,0x00,0x00,0x00,0x00,0x97,0xFF,0x00,0x00,0xFF,0x94,0x00,0x00,0x00,0x00,0x94,0xFF,0x00,0x00,0xFF,0x94,
0x00,0x00,0x00,0x00,0x94,0xFF,0x00,0x00,0xFF,0x94,0x00,0x00,0x00,0x00,0x94,0xFF,0x00,0x00,0xFF,0x94,0x00,0x00,0x00,0x00,
0x94,0xFF,0x00,0x00,0xFF,0x97,0x00,0x00,0x00,0x00,0x97,0xFF,0x00,0x00,0xDC,0xF6,0x6B,0x58,0x58,0x6B,0xF6,0xDB,0x00,0x00,
0x1C,0xDC,0xFF,0xFF,0xFF,0xFF,0xDC,0x1C,0x00,0x00,0xFF,0xFF,0xFF,0xFF,0xFF,0xFF,0xA6,0x03,0x00,0xFF,0xB9,0x58,0x58,0x58,
0x84,0xFF,0x7D,0x00,0xFF,0x94,0x00,0x00,0x00,0x00,0xFF,0x94,0x00,0xFF,0x94,0x00,0x00,0x00,0x00,0xFF,0x94,0x00,0xFF,0x9C,
0x14,0x14,0x14,0x3F,0xFF,0x90,0x00,0xFF,0xFF,0xFF,0xFF,0xFF,0xFF,0xD4,0x15,0x00,0xFF,0xB0,0x44,0x44,0x44,0x44,0x13,0x00,
0x00,0xFF,0x94,0x00,0x00,0x00,0x00,0x00,0x00,0x00,0xFF,0x94,0x00,0x00,0x00,0x00,0x00,0x00,0x00,0xFF,0x94,0x00,0x00,0x00,
0x00,0x00,0x00,0x00,0x1C,0xDB,0xFF,0xFF,0xFF,0xFF,0xDB,0x1B,0x00,0x00,0xDC,0xF6,0x6B,0x58,0x58,0x6B,0xF7,0xDB,0x00,0x00,
0xFF,0x97,0x00,0x00,0x00,0x00,0x97,0xFF,0x00,0x00,0xFF,0x94,0x00,0x00,0x00,0x00,0x94,0xFF,0x00,0x00,0xFF,0x94,0x00,0x00,
0x00,0x00,0x94,0xFF,0x00,0x00,0xFF,0x94,0x00,0x00,0x00,0x00,0x94,0xFF,0x00,0x00,0xFF,0x94,0x00,0x00,0x00,0x00,0x94,0xFF,
0x00,0x00,0xFF,0x97,0x00,0x00,0x00,0x00,0x97,0xFF,0x00,0x00,0xDC,0xF6,0x6B,0x58,0x58,0x6B,0xF6,0xDB,0x00,0x00,0x1C,0xDC,
0xFF,0xFF,0xFF,0xFF,0xFF,0x3E,0x00,0x00,0x00,0x00,0x00,0x00,0x00,0x1C,0xDD,0xE1,0x18,0x00,0x00,0x00,0x00,0x00,0x00,0x00,
0x1D,0x89,0x02,0x00,0xFF,0xFF,0xFF,0xFF,0xFF,0xFF,0xA1,0x02,0x00,0xFF,0xB9,0x58,0x58,0x58,0x8A,0xFF,0x7C,0x00,0xFF,0x94,
0x00,0x00,0x00,0x00,0xFF,0x94,0x00,0xFF,0x94,0x00,0x00,0x00,0x00,0xFF,0x94,0x00,0xFF,0x9C,0x14,0x14,0x14,0x45,0xFF,0x8D,
0x00,0xFF,0xFF,0xFF,0xFF,0xFF,0xFF,0xD1,0x0F,0x00,0xFF,0xB0,0x44,0x44,0x44,0xC6,0xF3,0x35,0x00,0xFF,0x94,0x00,0x00,0x00,
0x0E,0xFF,0x94,0x00,0xFF,0x94,0x00,0x00,0x00,0x00,0xFF,0x94,0x00,0xFF,0x94,0x00,0x00,0x00,0x00,0xFF,0x94,0x00,0x2A,0xE6,
0xFF,0xFF,0xFF,0xDE,0x25,0x00,0x00,0xEB,0xDA,0x59,0x58,0x5B,0xDD,0xEA,0x00,0x00,0xFF,0x94,0x00,0x00,0x00,0x55,0x94,0x00,
0x00,0xFE,0xBD,0x15,0x14,0x14,0x0C,0x00,0x00,0x00,0x5F,0xFC,0xFF,0xFF,0xFF,0xF1,0x39,0x00,0x00,0x00,0x2E,0x44,0x44,0x45,
0xD7,0xF3,0x00,0x00,0x00,0x00,0x00,0x00,0x00,0x94,0xFF,0x00,0x00,0xDC,0x7F,0x00,0x00,0x00,0x94,0xFF,0x00,0x00,0xE6,0xE5,
0x68,0x68,0x69,0xE8,0xE2,0x00,0x00,0x28,0xE8,0xFF,0xFF,0xFF,0xE6,0x25,0x00,0x00,0xFF,0xFF,0xFF,0xFF,0xFF,0xFF,0xFF,0xFF,
0x00,0x58,0x58,0x58,0xFF,0xB9,0x58,0x58,0x58,0x00,0x00,0x00,0x00,0xFF,0x94,0x00,0x00,0x00,0x00,0x00,0x00,0x00,0xFF,0x94,
0x00,0x00,0x00,0x00,0x00,0x00,0x00,0xFF,0x94,0x00,0x00,0x00,0x00,0x00,0x00,0x00,0xFF,0x94,0x00,0x00,0x00,0x00,0x00,0x00,
0x00,0xFF,0x94,0x00,0x00,0x00,0x00,0x00,0x00,0x00,0xFF,0x94,0x00,0x00,0x00,0x00,0x00,0x00,0x00,0xFF,0x94,0x00,0x00,0x00,
0x00,0x00,0x00,0x00,0xFF,0x94,0x00,0x00,0x00,0x00,0xFF,0x94,0x00,0x00,0x00,0x00,0xFF,0x94,0x00,0x00,0xFF,0x94,0x00,0x00,
0x00,0x00,0xFF,0x94,0x00,0x00,0xFF,0x94,0x00,0x00,0x00,0x00,0xFF,0x94,0x00,0x00,0xFF,0x94,0x00,0x00,0x00,0x00,0xFF,0x94,
0x00,0x00,0xFF,0x94,0x00,0x00,0x00,0x00,0xFF,0x94,0x00,0x00,0xFF,0x94,0x00,0x00,0x00,0x00,0xFF,0x94,0x00,0x00,0xFF,0x94,
0x00,0x00,0x00,0x00,0xFF,0x94,0x00,0x00,0xFF,0x96,0x00,0x00,0x00,0x02,0xFF,0x94,0x00,0x00,0xD3,0xF6,0x69,0x58,0x58,0xA6,
0xFF,0x67,0x00,0x00,0x15,0xD3,0xFF,0xFF,0xFF,0xFF,0x7C,0x00,0x00,0xA0,0xFB,0x11,0x00,0x00,0x00,0x14,0xFC,0x9B,0x46,0xFF,
0x5F,0x00,0x00,0x00,0x64,0xFF,0x42,0x03,0xE9,0xB2,0x00,0x00,0x00,0xB6,0xE7,0x02,0x00,0x94,0xF8,0x0C,0x00,0x0E,0xF9,0x90,
0x00,0x00,0x3B,0xFF,0x57,0x00,0x5A,0xFF,0x37,0x00,0x00,0x01,0xE0,0xAA,0x00,0xAC,0xDE,0x00,0x00,0x00,0x00,0x88,0xF4,0x12,
0xF5,0x86,0x00,0x00,0x00,0x00,0x2F,0xFF,0xA0,0xFF,0x2D,0x00,0x00,0x00,0x00,0x00,0xD6,0xFF,0xD4,0x00,0x00,0x00,0x00,0x00,
0x00,0x7D,0xFF,0x7C,0x00,0x00,0x00,0x7B,0xFF,0x25,0x00,0x00,0xA4,0xEB,0x01,0x00,0x00,0xEA,0xB5,0x47,0xFF,0x52,0x00,0x01,
0xE8,0xFF,0x32,0x00,0x17,0xFF,0x82,0x13,0xFF,0x7F,0x00,0x31,0xFF,0xE8,0x77,0x00,0x43,0xFF,0x4E,0x00,0xE0,0xAB,0x00,0x77,
0xD7,0x8E,0xBB,0x00,0x6F,0xFF,0x1B,0x00,0xAC,0xD8,0x00,0xBE,0x8E,0x48,0xF7,0x08,0x9B,0xE7,0x00,0x00,0x79,0xFC,0x13,0xF9,
0x46,0x09,0xF7,0x44,0xC7,0xB3,0x00,0x00,0x45,0xFF,0x7D,0xF5,0x08,0x00,0xBB,0x89,0xF1,0x80,0x00,0x00,0x11,0xFF,0xE9,0xB5,
0x00,0x00,0x74,0xE7,0xFF,0x4C,0x00,0x00,0x00,0xDE,0xFF,0x6C,0x00,0x00,0x2E,0xFF,0xFF,0x19,0x00,0x00,0x00,0xAA,0xFF,0x24,
0x00,0x00,0x00,0xE6,0xE5,0x00,0x00,0x62,0xFF,0x6D,0x00,0x00,0x00,0x89,0xFF,0x4B,0x00,0xB4,0xF5,0x23,0x00,0x36,0xFC,0xA1,
0x00,0x00,0x1A,0xEE,0xC1,0x09,0xD5,0xE6,0x11,0x00,0x00,0x00,0x5C,0xFF,0xCF,0xFF,0x4E,0x00,0x00,0x00,0x00,0x00,0xB3,0xFF,
0xA6,0x00,0x00,0x00,0x00,0x00,0x09,0xDA,0xFF,0xC2,0x01,0x00,0x00,0x00,0x00,0x8C,0xFF,0x9D,0xFF,0x6F,0x00,0x00,0x00,0x38,
0xFD,0x9C,0x00,0xB6,0xF5,0x24,0x00,0x07,0xD6,0xE3,0x0F,0x00,0x1C,0xF1,0xC2,0x01,0x87,0xFF,0x48,0x00,0x00,0x00,0x64,0xFF,
0x6E,0x30,0xFC,0x98,0x00,0x00,0x00,0x16,0xF1,0xBC,0x00,0x00,0x96,0xFC,0x2C,0x00,0x00,0x98,0xFB,0x2B,0x00,0x00,0x12,0xEC,
0xBA,0x00,0x2A,0xFC,0x90,0x00,0x00,0x00,0x00,0x69,0xFF,0x4C,0xB7,0xEA,0x10,0x00,0x00,0x00,0x00,0x02,0xCF,0xEB,0xFF,0x64,
0x00,0x00,0x00,0x00,0x00,0x00,0x3C,0xFF,0xCD,0x02,0x00,0x00,0x00,0x00,0x00,0x00,0x00,0xFF,0x94,0x00,0x00,0x00,0x00,0x00,
0x00,0x00,0x00,0xFF,0x94,0x00,0x00,0x00,0x00,0x00,0x00,0x00,0x00,0xFF,0x94,0x00,0x00,0x00,0x00,0x00,0x00,0x00,0x00,0xFF,
0x94,0x00,0x00,0x00,0x00,0x00,0xFF,0xFF,0xFF,0xFF,0xFF,0xFF,0xFF,0x00,0x58,0x58,0x58,0x58,0x72,0xFE,0xD4,0x00,0x00,0x00,
0x00,0x00,0xB7,0xF8,0x2E,0x00,0x00,0x00,0x00,0x6A,0xFF,0x72,0x00,0x00,0x00,0x00,0x25,0xF5,0xBA,0x01,0x00,0x00,0x00,0x03,
0xC8,0xEC,0x19,0x00,0x00,0x00,0x00,0x7D,0xFF,0x50,0x00,0x00,0x00,0x00,0x33,0xFA,0x9A,0x00,0x00,0x00,0x00,0x00,0xD6,0xF7,
0x63,0x58,0x58,0x58,0x58,0x00,0xFF,0xFF,0xFF,0xFF,0xFF,0xFF,0xFF,0x00,0x14,0x14,0x14,0x08,0x00,0xFF,0xFF,0xFF,0x68,0x00,
0xFF,0xB0,0x44,0x1B,0x00,0xFF,0x94,0x00,0x00,0x00,0xFF,0x94,0x00,0x00,0x00,0xFF,0x94,0x00,0x00,0x00,0xFF,0x94,0x00,0x00,
0x00,0xFF,0x94,0x00,0x00,0x00,0xFF,0x94,0x00,0x00,0x00,0xFF,0x94,0x00,0x00,0x00,0xFF,0x94,0x00,0x00,0x00,0xFF,0x94,0x00,
0x00,0x00,0xFF,0x9C,0x14,0x08,0x00,0xFF,0xFF,0xFF,0x68,0x00,0x44,0x44,0x44,0x1B,0xB8,0xE2,0x09,0x00,0x00,0x00,0x00,0x00,
0x2C,0xFC,0x7B,0x00,0x00,0x00,0x00,0x00,0x00,0x99,0xF3,0x17,0x00,0x00,0x00,0x00,0x00,0x17,0xF2,0x9A,0x00,0x00,0x00,0x00,
0x00,0x00,0x7A,0xFC,0x2C,0x00,0x00,0x00,0x00,0x00,0x08,0xE1,0xB9,0x00,0x00,0x00,0x00,0x00,0x00,0x5B,0xFF,0x49,0x00,0x00,
0x00,0x00,0x00,0x01,0xCA,0xD5,0x03,0x00,0x00,0x00,0x00,0x00,0x3C,0xFF,0x68,0x00,0x00,0x00,0x00,0x00,0x00,0xAC,0xE9,0x0E,
0x10,0x14,0x14,0x0B,0x00,0xD8,0xFF,0xFF,0x94,0x00,0x39,0x44,0xFF,0x94,0x00,0x00,0x00,0xFF,0x94,0x00,0x00,0x00,0xFF,0x94,
0x00,0x00,0x00,0xFF,0x94,0x00,0x00,0x00,0xFF,0x94,0x00,0x00,0x00,0xFF,0x94,0x00,0x00,0x00,0xFF,0x94,0x00,0x00,0x00,0xFF,
0x94,0x00,0x00,0x00,0xFF,0x94,0x00,0x00,0x00,0xFF,0x94,0x00,0x10,0x14,0xFF,0x94,0x00,0xD8,0xFF,0xFF,0x94,0x00,0x39,0x44,
0x44,0x27,0x00,0x00,0x00,0x00,0x2F,0x80,0x37,0x00,0x00,0x00,0x00,0x00,0x00,0xBB,0xFF,0xCB,0x00,0x00,0x00,0x00,0x00,0x36,
0xFF,0xAD,0xFF,0x48,0x00,0x00,0x00,0x00,0xB1,0xE3,0x07,0xD3,0xC4,0x00,0x00,0x00,0x2D,0xFE,0x70,0x00,0x5B,0xFF,0x41,0x00,
0x00,0xA7,0xED,0x0B,0x00,0x03,0xDE,0xBD,0x00,0x25,0xFC,0x80,0x00,0x00,0x00,0x69,0xFF,0x39,0x00,0x00,0x00,0x00,0x00,0x00,
0x00,0x00,0x00,0x00,0x00,0x00,0x00,0x00,0x00,0x00,0x00,0x00,0x00,0x00,0x00,0x00,0x00,0x00,0x00,0x00,0x00,0x14,0x14,0x14,
0x14,0x14,0x14,0xFF,0xFF,0xFF,0xFF,0xFF,0xFF,0x44,0x44,0x44,0x44,0x44,0x44,0x19,0x28,0x01,0x00,0x48,0xFF,0x52,0x00,0x00,
0xA8,0xCF,0x01,0x00,0x00,0x00,0x00,0x00,0x00,0x00,0x00,0x00,0x00,0x00,0x00,0x00,0x00,0x00,0x00,0x00,0x00,0x00,0x00,0x00,
0x00,0x00,0x00,0x00,0x00,0x00,0x00,0x00,0x00,0x00,0x00,0x00,0x1F,0xE0,0xFF,0xFF,0xFF,0x88,0x00,0x00,0xE0,0xE2,0x5B,0x58,
0x8D,0xFF,0x72,0x00,0x50,0x42,0x14,0x14,0x2D,0xFF,0x94,0x00,0x48,0xFA,0xFF,0xFF,0xFF,0xFF,0x94,0x00,0xF4,0xC5,0x44,0x44,
0x62,0xFF,0x94,0x00,0xF1,0xCB,0x58,0x5F,0xDD,0xFF,0x94,0x00,0x3E,0xF6,0xFF,0xFE,0x5E,0xFF,0x94,0x00,0xFF,0x94,0x00,0x00,
0x00,0x00,0x00,0x00,0xFF,0x94,0x00,0x00,0x00,0x00,0x00,0x00,0xFF,0x94,0x00,0x00,0x00,0x00,0x00,0x00,0xFF,0xA2,0xC3,0xFF,
0xFF,0xAA,0x04,0x00,0xFF,0xFF,0xC1,0x58,0x84,0xFF,0x80,0x00,0xFF,0xCD,0x0C,0x00,0x00,0xFF,0x94,0x00,0xFF,0x94,0x00,0x00,
0x00,0xFF,0x94,0x00,0xFF,0x94,0x00,0x00,0x00,0xFF,0x94,0x00,0xE7,0xE3,0x5F,0x5C,0x87,0xFF,0x7F,0x00,0x29,0xE9,0xFF,0xFF,
0xFF,0xAA,0x04,0x00,0x31,0xEE,0xFF,0xFF,0xFF,0x97,0x01,0x00,0xEE,0xDE,0x5A,0x58,0x91,0xFF,0x6C,0x00,0xFF,0x94,0x00,0x00,
0x0F,0x8C,0x46,0x00,0xFF,0x94,0x00,0x00,0x00,0x00,0x00,0x00,0xFF,0x94,0x00,0x00,0x0F,0x90,0x48,0x00,0xEC,0xDF,0x5E,0x5C,
0x95,0xFF,0x6A,0x00,0x31,0xED,0xFF,0xFF,0xFF,0x97,0x01,0x00,0x00,0x00,0x00,0x00,0x00,0xFF,0x94,0x00,0x00,0x00,0x00,0x00,
0x00,0xFF,0x94,0x00,0x00,0x00,0x00,0x00,0x00,0xFF,0x94,0x00,0x30,0xED,0xFF,0xFF,0xA1,0xFF,0x94,0x00,0xEC,0xE2,0x5B,0x58,
0xCD,0xFF,0x94,0x00,0xFF,0x94,0x00,0x00,0x0D,0xFF,0x94,0x00,0xFF,0x94,0x00,0x00,0x00,0xFF,0x94,0x00,0xFF,0x94,0x00,0x00,
0x2F,0xFF,0x94,0x00,0xEC,0xE1,0x5B,0x5E,0xE9,0xFE,0x94,0x00,0x31,0xED,0xFF,0xFF,0x72,0xEC,0x94,0x00,0x2D,0xED,0xFF,0xFF,
0xFF,0xA5,0x02,0x00,0xE8,0xDF,0x5A,0x58,0x80,0xFF,0x7B,0x00,0xFF,0x9C,0x14,0x14,0x14,0xFF,0x94,0x00,0xFF,0xFF,0xFF,0xFF,
0xFF,0xFF,0x94,0x00,0xFF,0xB0,0x44,0x44,0x44,0x88,0x4E,0x00,0xEC,0xD9,0x55,0x54,0x74,0xFF,0x81,0x00,0x31,0xED,0xFF,0xFF,
0xFF,0xAF,0x05,0x00,0x00,0x05,0xB1,0xFF,0xFF,0x00,0x00,0x82,0xFF,0x74,0x58,0x00,0x00,0x94,0xFF,0x00,0x00,0x00,0xFF,0xFF,
0xFF,0xFF,0xFF,0x00,0x58,0xB9,0xFF,0x58,0x58,0x00,0x00,0x94,0xFF,0x00,0x00,0x00,0x00,0x94,0xFF,0x00,0x00,0x00,0x00,0x94,
0xFF,0x00,0x00,0x00,0x00,0x94,0xFF,0x00,0x00,0x00,0x00,0x94,0xFF,0x00,0x00,0x00,0x2F,0xEC,0xFF,0xFF,0x8C,0xE8,0x94,0x00,
0xEC,0xE2,0x5B,0x59,0xD6,0xFF,0x94,0x00,0xFF,0x94,0x00,0x00,0x16,0xFF,0x94,0x00,0xFF,0x94,0x00,0x00,0x00,0xFF,0x94,0x00,
0xFF,0x94,0x00,0x00,0x2A,0xFF,0x94,0x00,0xEC,0xE1,0x5B,0x5E,0xE8,0xFF,0x94,0x00,0x30,0xEC,0xFF,0xFF,0x7B,0xFF,0x94,0x00,
0x1B,0x22,0x00,0x00,0x00,0xFF,0x94,0x00,0xA9,0xF2,0x59,0x54,0x7B,0xFF,0x7C,0x00,0x1D,0xDD,0xFF,0xFF,0xFF,0xA2,0x02,0x00,
0xFF,0x94,0x00,0x00,0x00,0x00,0x00,0x00,0xFF,0x94,0x00,0x00,0x00,0x00,0x00,0x00,0xFF,0x94,0x00,0x00,0x00,0x00,0x00,0x00,
0xFF,0x9A,0xAC,0xFF,0xFF,0x9A,0x01,0x00,0xFF,0xFB,0xD6,0x59,0x7F,0xFF,0x79,0x00,0xFF,0xD7,0x16,0x00,0x00,0xFF,0x94,0x00,
0xFF,0x94,0x00,0x00,0x00,0xFF,0x94,0x00,0xFF,0x94,0x00,0x00,0x00,0xFF,0x94,0x00,0xFF,0x94,0x00,0x00,0x00,0xFF,0x94,0x00,
0xFF,0x94,0x00,0x00,0x00,0xFF,0x94,0x00,0xE9,0x7C,0x00,0x00,0x41,0x1C,0x00,0x00,0x00,0x00,0x00,0x00,0xFF,0x94,0x00,0x00,
0xFF,0x94,0x00,0x00,0xFF,0x94,0x00,0x00,0xFF,0x94,0x00,0x00,0xFF,0x94,0x00,0x00,0xFF,0x94,0x00,0x00,0xFF,0x94,0x00,0x00,
0x00,0xE9,0x7C,0x00,0x00,0x00,0x41,0x1C,0x00,0x00,0x00,0x00,0x00,0x00,0x00,0x00,0xFF,0x94,0x00,0x00,0x00,0xFF,0x94,0x00,
0x00,0x00,0xFF,0x94,0x00,0x00,0x00,0xFF,0x94,0x00,0x00,0x00,0xFF,0x94,0x00,0x00,0x00,0xFF,0x94,0x00,0x00,0x00,0xFF,0x94,
0x00,0x00,0x00,0xFF,0x94,0x00,0x5C,0x76,0xFF,0x7F,0x00,0xFF,0xFF,0xB7,0x05,0x00,0x00,0xFF,0x94,0x00,0x00,0x00,0x00,0x00,
0x00,0xFF,0x94,0x00,0x00,0x00,0x00,0x00,0x00,0xFF,0x94,0x00,0x00,0x00,0x00,0x00,0x00,0xFF,0x94,0x00,0x00,0x83,0xFE,0x3E,
0x00,0xFF,0x94,0x00,0x2C,0xFA,0x96,0x00,0x00,0xFF,0x9C,0x14,0xC8,0xE2,0x0D,0x00,0x00,0xFF,0xFF,0xFF,0xFF,0x65,0x00,0x00,
0x00,0xFF,0xB0,0x45,0xDA,0xD5,0x09,0x00,0x00,0xFF,0x94,0x00,0x31,0xF8,0x9A,0x00,0x00,0xFF,0x94,0x00,0x00,0x6B,0xFF,0x56,
0x00,0xFF,0x94,0x00,0x00,0xFF,0x94,0x00,0x00,0xFF,0x94,0x00,0x00,0xFF,0x94,0x00,0x00,0xFF,0x94,0x00,0x00,0xFF,0x94,0x00,
0x00,0xFF,0x94,0x00,0x00,0xFF,0x94,0x00,0x00,0xFF,0x94,0x00,0x00,0xFF,0x94,0x00,0x00,0xFF,0x85,0xC6,0xFF,0xD5,0x41,0xE9,
0xFF,0xE8,0x2A,0x00,0x00,0xFF,0xFA,0xBC,0x59,0xDB,0xFF,0xA1,0x58,0xDB,0xE8,0x00,0x00,0xFF,0xCA,0x0A,0x00,0x94,0xFF,0x02,
0x00,0x94,0xFF,0x00,0x00,0xFF,0x94,0x00,0x00,0x94,0xFF,0x00,0x00,0x94,0xFF,0x00,0x00,0xFF,0x94,0x00,0x00,0x94,0xFF,0x00,
0x00,0x94,0xFF,0x00,0x00,0xFF,0x94,0x00,0x00,0x94,0xFF,0x00,0x00,0x94,0xFF,0x00,0x00,0xFF,0x94,0x00,0x00,0x94,0xFF,0x00,
0x00,0x94,0xFF,0x00,0x00,0xFF,0x7F,0xB2,0xFF,0xFF,0x9A,0x01,0x00,0xFF,0xF6,0xD8,0x59,0x80,0xFF,0x79,0x00,0xFF,0xD7,0x17,
0x00,0x00,0xFF,0x94,0x00,0xFF,0x94,0x00,0x00,0x00,0xFF,0x94,0x00,0xFF,0x94,0x00,0x00,0x00,0xFF,0x94,0x00,0xFF,0x94,0x00,
0x00,0x00,0xFF,0x94,0x00,0xFF,0x94,0x00,0x00,0x00,0xFF,0x94,0x00,0x2F,0xED,0xFF,0xFF,0xFF,0xA9,0x03,0x00,0xEB,0xDE,0x5A,
0x58,0x7F,0xFF,0x7F,0x00,0xFF,0x94,0x00,0x00,0x00,0xFF,0x94,0x00,0xFF,0x94,0x00,0x00,0x00,0xFF,0x94,0x00,0xFF,0x94,0x00,
0x00,0x00,0xFF,0x94,0x00,0xEB,0xDE,0x5A,0x58,0x7F,0xFF,0x7F,0x00,0x2F,0xED,0xFF,0xFF,0xFF,0xAA,0x04,0x00,0xFF,0x92,0xD9,
0xFF,0xFF,0xAA,0x04,0x00,0xFF,0xFF,0xA8,0x58,0x7E,0xFF,0x80,0x00,0xFF,0xBE,0x03,0x00,0x00,0xFF,0x94,0x00,0xFF,0x94,0x00,
0x00,0x00,0xFF,0x94,0x00,0xFF,0xAC,0x00,0x00,0x00,0xFF,0x94,0x00,0xFF,0xFF,0x97,0x58,0x7E,0xFF,0x80,0x00,0xFF,0xBB,0xE0,
0xFF,0xFF,0xAB,0x04,0x00,0xFF,0x94,0x00,0x00,0x00,0x00,0x00,0x00,0xFF,0x94,0x00,0x00,0x00,0x00,0x00,0x00,0xFF,0x94,0x00,
0x00,0x00,0x00,0x00,0x00,0x30,0xED,0xFF,0xFF,0xFF,0xA4,0x02,0x00,0xEC,0xDD,0x5A,0x58,0x7E,0xFF,0x7D,0x00,0xFF,0x94,0x00,
0x00,0x00,0xFF,0x94,0x00,0xFF,0x94,0x00,0x00,0x00,0xFF,0x94,0x00,0xFF,0x94,0x00,0x00,0x4B,0xFF,0x94,0x00,0xEC,0xDD,0x59,
0x69,0xF5,0xFF,0x94,0x00,0x31,0xED,0xFF,0xFE,0x65,0xFF,0x94,0x00,0x00,0x00,0x00,0x00,0x00,0xFF,0x94,0x00,0x00,0x00,0x00,
0x00,0x00,0xFF,0x94,0x00,0x00,0x00,0x00,0x00,0x00,0xFF,0x94,0x00,0xFF,0x88,0xCB,0xFF,0x90,0x00,0xFF,0xFC,0xC7,0x58,0x31,
0x00,0xFF,0xD1,0x0F,0x00,0x00,0x00,0xFF,0x94,0x00,0x00,0x00,0x00,0xFF,0x94,0x00,0x00,0x00,0x00,0xFF,0x94,0x00,0x00,0x00,
0x00,0xFF,0x94,0x00,0x00,0x00,0x00,0x3D,0xF4,0xFF,0xFF,0xE8,0x2F,0x00,0xF3,0xCB,0x58,0x58,0xE0,0xEF,0x00,0xFF,0xB1,0x14,
0x14,0x34,0x34,0x00,0x78,0xFF,0xFF,0xFF,0xFB,0x4E,0x00,0x2C,0x50,0x44,0x44,0xBF,0xF8,0x00,0xF3,0xBE,0x50,0x50,0xC8,0xF6,
0x00,0x41,0xF6,0xFF,0xFF,0xF6,0x43,0x00,0x00,0x4A,0x80,0x00,0x00,0x00,0x00,0x94,0xFF,0x00,0x00,0x00,0x00,0x94,0xFF,0x00,
0x00,0x00,0xFF,0xFF,0xFF,0xFF,0xFF,0x00,0x58,0xB9,0xFF,0x58,0x58,0x00,0x00,0x94,0xFF,0x00,0x00,0x00,0x00,0x94,0xFF,0x00,
0x00,0x00,0x00,0x94,0xFF,0x00,0x00,0x00,0x00,0x80,0xFF,0x7C,0x58,0x00,0x00,0x04,0xAD,0xFF,0xFF,0x00,0xFF,0x94,0x00,0x00,
0x00,0xFF,0x94,0x00,0xFF,0x94,0x00,0x00,0x00,0xFF,0x94,0x00,0xFF,0x94,0x00,0x00,0x00,0xFF,0x94,0x00,0xFF,0x94,0x00,0x00,
0x00,0xFF,0x94,0x00,0xFF,0x94,0x00,0x00,0x5F,0xFF,0x94,0x00,0xE9,0xE0,0x5E,0x82,0xF9,0xF9,0x94,0x00,0x2C,0xEA,0xFF,0xF8,
0x4D,0xE4,0x94,0xC0,0xDE,0x00,0x00,0x00,0xDB,0xBF,0x5F,0xFF,0x35,0x00,0x32,0xFF,0x5E,0x0B,0xF3,0x8B,0x00,0x89,0xF3,0x0B,
0x00,0x9E,0xE0,0x01,0xDF,0x9D,0x00,0x00,0x3E,0xFF,0x6E,0xFF,0x3D,0x00,0x00,0x00,0xDC,0xF6,0xDB,0x00,0x00,0x00,0x00,0x7C,
0xFF,0x7C,0x00,0x00,0x8A,0xFE,0x0D,0x00,0xCD,0xEB,0x01,0x02,0xF4,0xA2,0x4C,0xFF,0x3D,0x18,0xFE,0xFE,0x2F,0x2C,0xFF,0x61,
0x11,0xFE,0x6E,0x61,0xD9,0xC8,0x71,0x62,0xFF,0x1F,0x00,0xD2,0x9F,0xAB,0x8F,0x83,0xB4,0x97,0xDD,0x00,0x00,0x95,0xD5,0xF0,
0x45,0x3D,0xF2,0xD1,0x9C,0x00,0x00,0x58,0xFF,0xF4,0x06,0x05,0xF3,0xFF,0x5A,0x00,0x00,0x1B,0xFF,0xB1,0x00,0x00,0xB3,0xFF,
0x19,0x00,0x6E,0xFF,0x57,0x00,0x2C,0xF7,0xA3,0x00,0x00,0xB0,0xEF,0x27,0xD4,0xDD,0x0D,0x00,0x00,0x12,0xE2,0xF4,0xFB,0x37,
0x00,0x00,0x00,0x00,0x73,0xFF,0xAE,0x00,0x00,0x00,0x00,0x1C,0xED,0xEA,0xFD,0x41,0x00,0x00,0x03,0xC1,0xE8,0x1A,0xC7,0xE5,
0x13,0x00,0x7F,0xFE,0x48,0x00,0x20,0xF0,0xB2,0x00,0x00,0xFF,0x94,0x00,0x00,0x94,0xFF,0x00,0x00,0xFF,0x94,0x00,0x00,0x94,
0xFF,0x00,0x00,0xFF,0x94,0x00,0x00,0x94,0xFF,0x00,0x00,0xFF,0x94,0x00,0x00,0x94,0xFF,0x00,0x00,0xFF,0x94,0x00,0x0E,0xD7,
0xFF,0x00,0x00,0xE8,0xDB,0x5C,0xBA,0xFC,0xFF,0x00,0x00,0x2B,0xEA,0xFF,0xCB,0x9E,0xFF,0x00,0x00,0x28,0x1E,0x00,0x00,0x94,
0xFF,0x00,0x00,0xF8,0xE4,0x54,0x54,0xD9,0xE9,0x00,0x00,0x3D,0xEC,0xFF,0xFF,0xE7,0x29,0x00,0x00,0xFF,0xFF,0xFF,0xFF,0xFF,
0xFF,0x00,0x58,0x58,0x58,0x8F,0xFF,0xC6,0x00,0x00,0x00,0x29,0xEC,0xCF,0x10,0x00,0x00,0x1D,0xE3,0xD8,0x16,0x00,0x00,0x13,
0xD7,0xDF,0x1C,0x00,0x00,0x00,0xC9,0xFE,0x7B,0x58,0x58,0x58,0x00,0xFF,0xFF,0xFF,0xFF,0xFF,0xFF,0x00,0x00,0x00,0x0C,0x14,
0x0A,0x00,0x00,0x3B,0xF2,0xFF,0x80,0x00,0x00,0xF3,0xD8,0x48,0x22,0x00,0x00,0xFF,0x94,0x00,0x00,0x00,0x00,0xFF,0x94,0x00,
0x00,0x00,0x00,0xFF,0x94,0x00,0x00,0x00,0x6A,0xFF,0x6E,0x00,0x00,0x00,0xFC,0xBF,0x00,0x00,0x00,0x00,0x91,0xFE,0x54,0x00,
0x00,0x00,0x02,0xFF,0x94,0x00,0x00,0x00,0x00,0xFF,0x94,0x00,0x00,0x00,0x00,0xFF,0x94,0x00,0x00,0x00,0x00,0xFE,0xC4,0x18,
0x0A,0x00,0x00,0x61,0xFD,0xFF,0x80,0x00,0x00,0x00,0x31,0x44,0x22,0x00,0xFF,0x94,0x00,0x00,0xFF,0x94,0x00,0x00,0xFF,0x94,
0x00,0x00,0xFF,0x94,0x00,0x00,0xFF,0x94,0x00,0x00,0xFF,0x94,0x00,0x00,0xFF,0x94,0x00,0x00,0xFF,0x94,0x00,0x00,0xFF,0x94,
0x00,0x00,0xFF,0x94,0x00,0x00,0xFF,0x94,0x00,0x00,0xFF,0x94,0x00,0x00,0xFF,0x94,0x00,0x00,0xFF,0x94,0x00,0x00,0xFF,0x94,
0x00,0x0A,0x14,0x04,0x00,0x00,0x80,0xFF,0xB8,0x08,0x00,0x22,0x67,0xFF,0x87,0x00,0x00,0x00,0xFF,0x94,0x00,0x00,0x00,0xFF,
0x94,0x00,0x00,0x00,0xFF,0x94,0x00,0x00,0x00,0xDA,0xE1,0x14,0x00,0x00,0x2C,0xFF,0x7C,0x00,0x00,0xC0,0xF1,0x27,0x00,0x00,
0xFF,0x96,0x00,0x00,0x00,0xFF,0x94,0x00,0x00,0x00,0xFF,0x94,0x00,0x0A,0x36,0xFF,0x91,0x00,0x80,0xFF,0xD8,0x19,0x00,0x22,
0x44,0x14,0x00,0x00,0x00,0x00,0x0C,0x10,0x00,0x00,0x0B,0x14,0x00,0x3D,0xF1,0xFF,0xB0,0x36,0xB9,0xFE,0x00,0xF6,0xC5,0x5F,
0xD8,0xFF,0xFB,0x5B,0x00,0x3C,0x22,0x00,0x03,0x38,0x28,0x00,0x00,0x00,0x00,0x00,0x00,0x00,0x00,0x00,0x00,0x00,0x00,0x00,
0x00,0x00,0x00,0x00,
};
const uint8_t FONT_HUD_B[] PROGMEM = {  // ChakraPetch-Bold.ttf 17px, 95 glyphs, 13450 bytes
0x00,0x00,0x00,0x5F,0x00,0x00,0x00,0x0B,0x00,0x00,0x00,0x11,0x00,0x00,0x00,0x00,0x00,0x00,0x00,0x11,0x00,0x00,0x00,0x06,
0x00,0x00,0x00,0x20,0x00,0x00,0x00,0x00,0x00,0x00,0x00,0x00,0x00,0x00,0x00,0x05,0x00,0x00,0x00,0x00,0x00,0x00,0x00,0x00,
0x00,0x00,0x00,0x00,0x00,0x00,0x00,0x21,0x00,0x00,0x00,0x0D,0x00,0x00,0x00,0x05,0x00,0x00,0x00,0x05,0x00,0x00,0x00,0x0D,
0x00,0x00,0x00,0x00,0x00,0x00,0x00,0x00,0x00,0x00,0x00,0x22,0x00,0x00,0x00,0x0D,0x00,0x00,0x00,0x08,0x00,0x00,0x00,0x08,
0x00,0x00,0x00,0x0D,0x00,0x00,0x00,0x00,0x00,0x00,0x00,0x00,0x00,0x00,0x00,0x23,0x00,0x00,0x00,0x0D,0x00,0x00,0x00,0x0C,
0x00,0x00,0x00,0x0C,0x00,0x00,0x00,0x0D,0x00,0x00,0x00,0x00,0x00,0x00,0x00,0x00,0x00,0x00,0x00,0x24,0x00,0x00,0x00,0x11,
0x00,0x00,0x00,0x0B,0x00,0x00,0x00,0x0B,0x00,0x00,0x00,0x0F,0x00,0x00,0x00,0x00,0x00,0x00,0x00,0x00,0x00,0x00,0x00,0x25,
0x00,0x00,0x00,0x0D,0x00,0x00,0x00,0x0F,0x00,0x00,0x00,0x0F,0x00,0x00,0x00,0x0D,0x00,0x00,0x00,0x00,0x00,0x00,0x00,0x00,
0x00,0x00,0x00,0x26,0x00,0x00,0x00,0x0D,0x00,0x00,0x00,0x0B,0x00,0x00,0x00,0x0B,0x00,0x00,0x00,0x0D,0x00,0x00,0x00,0x00,
0x00,0x00,0x00,0x00,0x00,0x00,0x00,0x27,0x00,0x00,0x00,0x0D,0x00,0x00,0x00,0x04,0x00,0x00,0x00,0x04,0x00,0x00,0x00,0x0D,
0x00,0x00,0x00,0x00,0x00,0x00,0x00,0x00,0x00,0x00,0x00,0x28,0x00,0x00,0x00,0x11,0x00,0x00,0x00,0x06,0x00,0x00,0x00,0x06,
0x00,0x00,0x00,0x0F,0x00,0x00,0x00,0x00,0x00,0x00,0x00,0x00,0x00,0x00,0x00,0x29,0x00,0x00,0x00,0x11,0x00,0x00,0x00,0x06,
0x00,0x00,0x00,0x06,0x00,0x00,0x00,0x0F,0x00,0x00,0x00,0x00,0x00,0x00,0x00,0x00,0x00,0x00,0x00,0x2A,0x00,0x00,0x00,0x0D,
0x00,0x00,0x00,0x06,0x00,0x00,0x00,0x06,0x00,0x00,0x00,0x0D,0x00,0x00,0x00,0x00,0x00,0x00,0x00,0x00,0x00,0x00,0x00,0x2B,
0x00,0x00,0x00,0x09,0x00,0x00,0x00,0x0A,0x00,0x00,0x00,0x0A,0x00,0x00,0x00,0x09,0x00,0x00,0x00,0x00,0x00,0x00,0x00,0x00,
0x00,0x00,0x00,0x2C,0x00,0x00,0x00,0x06,0x00,0x00,0x00,0x04,0x00,0x00,0x00,0x04,0x00,0x00,0x00,0x03,0x00,0x00,0x00,0x00,
0x00,0x00,0x00,0x00,0x00,0x00,0x00,0x2D,0x00,0x00,0x00,0x06,0x00,0x00,0x00,0x07,0x00,0x00,0x00,0x07,0x00,0x00,0x00,0x06,
0x00,0x00,0x00,0x00,0x00,0x00,0x00,0x00,0x00,0x00,0x00,0x2E,0x00,0x00,0x00,0x03,0x00,0x00,0x00,0x04,0x00,0x00,0x00,0x04,
0x00,0x00,0x00,0x03,0x00,0x00,0x00,0x00,0x00,0x00,0x00,0x00,0x00,0x00,0x00,0x2F,0x00,0x00,0x00,0x0D,0x00,0x00,0x00,0x09,
0x00,0x00,0x00,0x09,0x00,0x00,0x00,0x0D,0x00,0x00,0x00,0x00,0x00,0x00,0x00,0x00,0x00,0x00,0x00,0x30,0x00,0x00,0x00,0x0D,
0x00,0x00,0x00,0x0B,0x00,0x00,0x00,0x0B,0x00,0x00,0x00,0x0D,0x00,0x00,0x00,0x00,0x00,0x00,0x00,0x00,0x00,0x00,0x00,0x31,
0x00,0x00,0x00,0x0D,0x00,0x00,0x00,0x07,0x00,0x00,0x00,0x06,0x00,0x00,0x00,0x0D,0x00,0x00,0x00,0x00,0x00,0x00,0x00,0x00,
0x00,0x00,0x00,0x32,0x00,0x00,0x00,0x0D,0x00,0x00,0x00,0x0A,0x00,0x00,0x00,0x0A,0x00,0x00,0x00,0x0D,0x00,0x00,0x00,0x00,
0x00,0x00,0x00,0x00,0x00,0x00,0x00,0x33,0x00,0x00,0x00,0x0D,0x00,0x00,0x00,0x0A,0x00,0x00,0x00,0x0A,0x00,0x00,0x00,0x0D,
0x00,0x00,0x00,0x00,0x00,0x00,0x00,0x00,0x00,0x00,0x00,0x34,0x00,0x00,0x00,0x0D,0x00,0x00,0x00,0x0B,0x00,0x00,0x00,0x0A,
0x00,0x00,0x00,0x0D,0x00,0x00,0x00,0x00,0x00,0x00,0x00,0x00,0x00,0x00,0x00,0x35,0x00,0x00,0x00,0x0D,0x00,0x00,0x00,0x0A,
0x00,0x00,0x00,0x0A,0x00,0x00,0x00,0x0D,0x00,0x00,0x00,0x00,0x00,0x00,0x00,0x00,0x00,0x00,0x00,0x36,0x00,0x00,0x00,0x0D,
0x00,0x00,0x00,0x0B,0x00,0x00,0x00,0x0B,0x00,0x00,0x00,0x0D,0x00,0x00,0x00,0x00,0x00,0x00,0x00,0x00,0x00,0x00,0x00,0x37,
0x00,0x00,0x00,0x0D,0x00,0x00,0x00,0x0A,0x00,0x00,0x00,0x09,0x00,0x00,0x00,0x0D,0x00,0x00,0x00,0x00,0x00,0x00,0x00,0x00,
0x00,0x00,0x00,0x38,0x00,0x00,0x00,0x0D,0x00,0x00,0x00,0x0B,0x00,0x00,0x00,0x0B,0x00,0x00,0x00,0x0D,0x00,0x00,0x00,0x00,
0x00,0x00,0x00,0x00,0x00,0x00,0x00,0x39,0x00,0x00,0x00,0x0D,0x00,0x00,0x00,0x0B,0x00,0x00,0x00,0x0B,0x00,0x00,0x00,0x0D,
0x00,0x00,0x00,0x00,0x00,0x00,0x00,0x00,0x00,0x00,0x00,0x3A,0x00,0x00,0x00,0x08,0x00,0x00,0x00,0x04,0x00,0x00,0x00,0x04,
0x00,0x00,0x00,0x08,0x00,0x00,0x00,0x00,0x00,0x00,0x00,0x00,0x00,0x00,0x00,0x3B,0x00,0x00,0x00,0x0B,0x00,0x00,0x00,0x04,
0x00,0x00,0x00,0x04,0x00,0x00,0x00,0x08,0x00,0x00,0x00,0x00,0x00,0x00,0x00,0x00,0x00,0x00,0x00,0x3C,0x00,0x00,0x00,0x0B,
0x00,0x00,0x00,0x0A,0x00,0x00,0x00,0x0A,0x00,0x00,0x00,0x0B,0x00,0x00,0x00,0x00,0x00,0x00,0x00,0x00,0x00,0x00,0x00,0x3D,
0x00,0x00,0x00,0x07,0x00,0x00,0x00,0x0A,0x00,0x00,0x00,0x0A,0x00,0x00,0x00,0x07,0x00,0x00,0x00,0x00,0x00,0x00,0x00,0x00,
0x00,0x00,0x00,0x3E,0x00,0x00,0x00,0x0B,0x00,0x00,0x00,0x0A,0x00,0x00,0x00,0x0A,0x00,0x00,0x00,0x0B,0x00,0x00,0x00,0x00,
0x00,0x00,0x00,0x00,0x00,0x00,0x00,0x3F,0x00,0x00,0x00,0x0D,0x00,0x00,0x00,0x0A,0x00,0x00,0x00,0x0A,0x00,0x00,0x00,0x0D,
0x00,0x00,0x00,0x00,0x00,0x00,0x00,0x00,0x00,0x00,0x00,0x40,0x00,0x00,0x00,0x0D,0x00,0x00,0x00,0x0E,0x00,0x00,0x00,0x0E,
0x00,0x00,0x00,0x0C,0x00,0x00,0x00,0x00,0x00,0x00,0x00,0x00,0x00,0x00,0x00,0x41,0x00,0x00,0x00,0x0D,0x00,0x00,0x00,0x0B,
0x00,0x00,0x00,0x0B,0x00,0x00,0x00,0x0D,0x00,0x00,0x00,0x00,0x00,0x00,0x00,0x00,0x00,0x00,0x00,0x42,0x00,0x00,0x00,0x0D,
0x00,0x00,0x00,0x0B,0x00,0x00,0x00,0x0B,0x00,0x00,0x00,0x0D,0x00,0x00,0x00,0x00,0x00,0x00,0x00,0x00,0x00,0x00,0x00,0x43,
0x00,0x00,0x00,0x0D,0x00,0x00,0x00,0x0B,0x00,0x00,0x00,0x0B,0x00,0x00,0x00,0x0D,0x00,0x00,0x00,0x00,0x00,0x00,0x00,0x00,
0x00,0x00,0x00,0x44,0x00,0x00,0x00,0x0D,0x00,0x00,0x00,0x0C,0x00,0x00,0x00,0x0C,0x00,0x00,0x00,0x0D,0x00,0x00,0x00,0x00,
0x00,0x00,0x00,0x00,0x00,0x00,0x00,0x45,0x00,0x00,0x00,0x0D,0x00,0x00,0x00,0x0A,0x00,0x00,0x00,0x0A,0x00,0x00,0x00,0x0D,
0x00,0x00,0x00,0x00,0x00,0x00,0x00,0x00,0x00,0x00,0x00,0x46,0x00,0x00,0x00,0x0D,0x00,0x00,0x00,0x0A,0x00,0x00,0x00,0x0A,
0x00,0x00,0x00,0x0D,0x00,0x00,0x00,0x00,0x00,0x00,0x00,0x00,0x00,0x00,0x00,0x47,0x00,0x00,0x00,0x0D,0x00,0x00,0x00,0x0B,
0x00,0x00,0x00,0x0B,0x00,0x00,0x00,0x0D,0x00,0x00,0x00,0x00,0x00,0x00,0x00,0x00,0x00,0x00,0x00,0x48,0x00,0x00,0x00,0x0D,
0x00,0x00,0x00,0x0C,0x00,0x00,0x00,0x0C,0x00,0x00,0x00,0x0D,0x00,0x00,0x00,0x00,0x00,0x00,0x00,0x00,0x00,0x00,0x00,0x49,
0x00,0x00,0x00,0x0D,0x00,0x00,0x00,0x05,0x00,0x00,0x00,0x05,0x00,0x00,0x00,0x0D,0x00,0x00,0x00,0x00,0x00,0x00,0x00,0x00,
0x00,0x00,0x00,0x4A,0x00,0x00,0x00,0x0D,0x00,0x00,0x00,0x0A,0x00,0x00,0x00,0x0A,0x00,0x00,0x00,0x0D,0x00,0x00,0x00,0x00,
0x00,0x00,0x00,0x00,0x00,0x00,0x00,0x4B,0x00,0x00,0x00,0x0D,0x00,0x00,0x00,0x0B,0x00,0x00,0x00,0x0B,0x00,0x00,0x00,0x0D,
0x00,0x00,0x00,0x00,0x00,0x00,0x00,0x00,0x00,0x00,0x00,0x4C,0x00,0x00,0x00,0x0D,0x00,0x00,0x00,0x0A,0x00,0x00,0x00,0x0A,
0x00,0x00,0x00,0x0D,0x00,0x00,0x00,0x00,0x00,0x00,0x00,0x00,0x00,0x00,0x00,0x4D,0x00,0x00,0x00,0x0D,0x00,0x00,0x00,0x0E,
0x00,0x00,0x00,0x0E,0x00,0x00,0x00,0x0D,0x00,0x00,0x00,0x00,0x00,0x00,0x00,0x00,0x00,0x00,0x00,0x4E,0x00,0x00,0x00,0x0D,
0x00,0x00,0x00,0x0C,0x00,0x00,0x00,0x0C,0x00,0x00,0x00,0x0D,0x00,0x00,0x00,0x00,0x00,0x00,0x00,0x00,0x00,0x00,0x00,0x4F,
0x00,0x00,0x00,0x0D,0x00,0x00,0x00,0x0C,0x00,0x00,0x00,0x0C,0x00,0x00,0x00,0x0D,0x00,0x00,0x00,0x00,0x00,0x00,0x00,0x00,
0x00,0x00,0x00,0x50,0x00,0x00,0x00,0x0D,0x00,0x00,0x00,0x0B,0x00,0x00,0x00,0x0B,0x00,0x00,0x00,0x0D,0x00,0x00,0x00,0x00,
0x00,0x00,0x00,0x00,0x00,0x00,0x00,0x51,0x00,0x00,0x00,0x10,0x00,0x00,0x00,0x0C,0x00,0x00,0x00,0x0C,0x00,0x00,0x00,0x0D,
0x00,0x00,0x00,0x00,0x00,0x00,0x00,0x00,0x00,0x00,0x00,0x52,0x00,0x00,0x00,0x0D,0x00,0x00,0x00,0x0B,0x00,0x00,0x00,0x0B,
0x00,0x00,0x00,0x0D,0x00,0x00,0x00,0x00,0x00,0x00,0x00,0x00,0x00,0x00,0x00,0x53,0x00,0x00,0x00,0x0D,0x00,0x00,0x00,0x0B,
0x00,0x00,0x00,0x0B,0x00,0x00,0x00,0x0D,0x00,0x00,0x00,0x00,0x00,0x00,0x00,0x00,0x00,0x00,0x00,0x54,0x00,0x00,0x00,0x0D,
0x00,0x00,0x00,0x0A,0x00,0x00,0x00,0x0A,0x00,0x00,0x00,0x0D,0x00,0x00,0x00,0x00,0x00,0x00,0x00,0x00,0x00,0x00,0x00,0x55,
0x00,0x00,0x00,0x0D,0x00,0x00,0x00,0x0C,0x00,0x00,0x00,0x0C,0x00,0x00,0x00,0x0D,0x00,0x00,0x00,0x00,0x00,0x00,0x00,0x00,
0x00,0x00,0x00,0x56,0x00,0x00,0x00,0x0D,0x00,0x00,0x00,0x0B,0x00,0x00,0x00,0x0B,0x00,0x00,0x00,0x0D,0x00,0x00,0x00,0x00,
0x00,0x00,0x00,0x00,0x00,0x00,0x00,0x57,0x00,0x00,0x00,0x0D,0x00,0x00,0x00,0x0F,0x00,0x00,0x00,0x0F,0x00,0x00,0x00,0x0D,
0x00,0x00,0x00,0x00,0x00,0x00,0x00,0x00,0x00,0x00,0x00,0x58,0x00,0x00,0x00,0x0D,0x00,0x00,0x00,0x0B,0x00,0x00,0x00,0x0B,
0x00,0x00,0x00,0x0D,0x00,0x00,0x00,0x00,0x00,0x00,0x00,0x00,0x00,0x00,0x00,0x59,0x00,0x00,0x00,0x0D,0x00,0x00,0x00,0x0C,
0x00,0x00,0x00,0x0B,0x00,0x00,0x00,0x0D,0xFF,0xFF,0xFF,0xFF,0x00,0x00,0x00,0x00,0x00,0x00,0x00,0x5A,0x00,0x00,0x00,0x0D,
0x00,0x00,0x00,0x0A,0x00,0x00,0x00,0x0A,0x00,0x00,0x00,0x0D,0x00,0x00,0x00,0x00,0x00,0x00,0x00,0x00,0x00,0x00,0x00,0x5B,
0x00,0x00,0x00,0x11,0x00,0x00,0x00,0x06,0x00,0x00,0x00,0x06,0x00,0x00,0x00,0x0F,0x00,0x00,0x00,0x00,0x00,0x00,0x00,0x00,
0x00,0x00,0x00,0x5C,0x00,0x00,0x00,0x0D,0x00,0x00,0x00,0x0A,0x00,0x00,0x00,0x09,0x00,0x00,0x00,0x0D,0x00,0x00,0x00,0x00,
0x00,0x00,0x00,0x00,0x00,0x00,0x00,0x5D,0x00,0x00,0x00,0x11,0x00,0x00,0x00,0x06,0x00,0x00,0x00,0x06,0x00,0x00,0x00,0x0F,
0x00,0x00,0x00,0x00,0x00,0x00,0x00,0x00,0x00,0x00,0x00,0x5E,0x00,0x00,0x00,0x0C,0x00,0x00,0x00,0x0B,0x00,0x00,0x00,0x0B,
0x00,0x00,0x00,0x0C,0x00,0x00,0x00,0x00,0x00,0x00,0x00,0x00,0x00,0x00,0x00,0x5F,0x00,0x00,0x00,0x02,0x00,0x00,0x00,0x08,
0x00,0x00,0x00,0x08,0x00,0x00,0x00,0x00,0x00,0x00,0x00,0x00,0x00,0x00,0x00,0x00,0x00,0x00,0x00,0x60,0x00,0x00,0x00,0x0D,
0x00,0x00,0x00,0x04,0x00,0x00,0x00,0x04,0x00,0x00,0x00,0x0D,0x00,0x00,0x00,0x00,0x00,0x00,0x00,0x00,0x00,0x00,0x00,0x61,
0x00,0x00,0x00,0x09,0x00,0x00,0x00,0x0A,0x00,0x00,0x00,0x0A,0x00,0x00,0x00,0x09,0x00,0x00,0x00,0x00,0x00,0x00,0x00,0x00,
0x00,0x00,0x00,0x62,0x00,0x00,0x00,0x0D,0x00,0x00,0x00,0x0A,0x00,0x00,0x00,0x0A,0x00,0x00,0x00,0x0D,0x00,0x00,0x00,0x00,
0x00,0x00,0x00,0x00,0x00,0x00,0x00,0x63,0x00,0x00,0x00,0x09,0x00,0x00,0x00,0x09,0x00,0x00,0x00,0x09,0x00,0x00,0x00,0x09,
0x00,0x00,0x00,0x00,0x00,0x00,0x00,0x00,0x00,0x00,0x00,0x64,0x00,0x00,0x00,0x0D,0x00,0x00,0x00,0x0A,0x00,0x00,0x00,0x0A,
0x00,0x00,0x00,0x0D,0x00,0x00,0x00,0x00,0x00,0x00,0x00,0x00,0x00,0x00,0x00,0x65,0x00,0x00,0x00,0x09,0x00,0x00,0x00,0x0A,
0x00,0x00,0x00,0x0A,0x00,0x00,0x00,0x09,0x00,0x00,0x00,0x00,0x00,0x00,0x00,0x00,0x00,0x00,0x00,0x66,0x00,0x00,0x00,0x0D,
0x00,0x00,0x00,0x07,0x00,0x00,0x00,0x07,0x00,0x00,0x00,0x0D,0x00,0x00,0x00,0x00,0x00,0x00,0x00,0x00,0x00,0x00,0x00,0x67,
0x00,0x00,0x00,0x0D,0x00,0x00,0x00,0x0A,0x00,0x00,0x00,0x0A,0x00,0x00,0x00,0x09,0x00,0x00,0x00,0x00,0x00,0x00,0x00,0x00,
0x00,0x00,0x00,0x68,0x00,0x00,0x00,0x0D,0x00,0x00,0x00,0x0A,0x00,0x00,0x00,0x0A,0x00,0x00,0x00,0x0D,0x00,0x00,0x00,0x00,
0x00,0x00,0x00,0x00,0x00,0x00,0x00,0x69,0x00,0x00,0x00,0x0D,0x00,0x00,0x00,0x05,0x00,0x00,0x00,0x05,0x00,0x00,0x00,0x0D,
0x00,0x00,0x00,0x00,0x00,0x00,0x00,0x00,0x00,0x00,0x00,0x6A,0x00,0x00,0x00,0x11,0x00,0x00,0x00,0x06,0x00,0x00,0x00,0x05,
0x00,0x00,0x00,0x0D,0xFF,0xFF,0xFF,0xFF,0x00,0x00,0x00,0x00,0x00,0x00,0x00,0x6B,0x00,0x00,0x00,0x0D,0x00,0x00,0x00,0x0A,
0x00,0x00,0x00,0x0A,0x00,0x00,0x00,0x0D,0x00,0x00,0x00,0x00,0x00,0x00,0x00,0x00,0x00,0x00,0x00,0x6C,0x00,0x00,0x00,0x0D,
0x00,0x00,0x00,0x04,0x00,0x00,0x00,0x04,0x00,0x00,0x00,0x0D,0x00,0x00,0x00,0x00,0x00,0x00,0x00,0x00,0x00,0x00,0x00,0x6D,
0x00,0x00,0x00,0x09,0x00,0x00,0x00,0x0F,0x00,0x00,0x00,0x0F,0x00,0x00,0x00,0x09,0x00,0x00,0x00,0x00,0x00,0x00,0x00,0x00,
0x00,0x00,0x00,0x6E,0x00,0x00,0x00,0x09,0x00,0x00,0x00,0x0A,0x00,0x00,0x00,0x0A,0x00,0x00,0x00,0x09,0x00,0x00,0x00,0x00,
0x00,0x00,0x00,0x00,0x00,0x00,0x00,0x6F,0x00,0x00,0x00,0x09,0x00,0x00,0x00,0x0A,0x00,0x00,0x00,0x0A,0x00,0x00,0x00,0x09,
0x00,0x00,0x00,0x00,0x00,0x00,0x00,0x00,0x00,0x00,0x00,0x70,0x00,0x00,0x00,0x0D,0x00,0x00,0x00,0x0A,0x00,0x00,0x00,0x0A,
0x00,0x00,0x00,0x09,0x00,0x00,0x00,0x00,0x00,0x00,0x00,0x00,0x00,0x00,0x00,0x71,0x00,0x00,0x00,0x0D,0x00,0x00,0x00,0x0A,
0x00,0x00,0x00,0x0A,0x00,0x00,0x00,0x09,0x00,0x00,0x00,0x00,0x00,0x00,0x00,0x00,0x00,0x00,0x00,0x72,0x00,0x00,0x00,0x09,
0x00,0x00,0x00,0x07,0x00,0x00,0x00,0x07,0x00,0x00,0x00,0x09,0x00,0x00,0x00,0x00,0x00,0x00,0x00,0x00,0x00,0x00,0x00,0x73,
0x00,0x00,0x00,0x09,0x00,0x00,0x00,0x09,0x00,0x00,0x00,0x09,0x00,0x00,0x00,0x09,0x00,0x00,0x00,0x00,0x00,0x00,0x00,0x00,
0x00,0x00,0x00,0x74,0x00,0x00,0x00,0x0C,0x00,0x00,0x00,0x07,0x00,0x00,0x00,0x07,0x00,0x00,0x00,0x0C,0x00,0x00,0x00,0x00,
0x00,0x00,0x00,0x00,0x00,0x00,0x00,0x75,0x00,0x00,0x00,0x09,0x00,0x00,0x00,0x0A,0x00,0x00,0x00,0x0A,0x00,0x00,0x00,0x09,
0x00,0x00,0x00,0x00,0x00,0x00,0x00,0x00,0x00,0x00,0x00,0x76,0x00,0x00,0x00,0x09,0x00,0x00,0x00,0x09,0x00,0x00,0x00,0x09,
0x00,0x00,0x00,0x09,0x00,0x00,0x00,0x00,0x00,0x00,0x00,0x00,0x00,0x00,0x00,0x77,0x00,0x00,0x00,0x09,0x00,0x00,0x00,0x0D,
0x00,0x00,0x00,0x0C,0x00,0x00,0x00,0x09,0x00,0x00,0x00,0x00,0x00,0x00,0x00,0x00,0x00,0x00,0x00,0x78,0x00,0x00,0x00,0x09,
0x00,0x00,0x00,0x09,0x00,0x00,0x00,0x09,0x00,0x00,0x00,0x09,0x00,0x00,0x00,0x00,0x00,0x00,0x00,0x00,0x00,0x00,0x00,0x79,
0x00,0x00,0x00,0x0D,0x00,0x00,0x00,0x0A,0x00,0x00,0x00,0x0A,0x00,0x00,0x00,0x09,0x00,0x00,0x00,0x00,0x00,0x00,0x00,0x00,
0x00,0x00,0x00,0x7A,0x00,0x00,0x00,0x09,0x00,0x00,0x00,0x08,0x00,0x00,0x00,0x08,0x00,0x00,0x00,0x09,0x00,0x00,0x00,0x00,
0x00,0x00,0x00,0x00,0x00,0x00,0x00,0x7B,0x00,0x00,0x00,0x11,0x00,0x00,0x00,0x07,0x00,0x00,0x00,0x06,0x00,0x00,0x00,0x0F,
0x00,0x00,0x00,0x00,0x00,0x00,0x00,0x00,0x00,0x00,0x00,0x7C,0x00,0x00,0x00,0x13,0x00,0x00,0x00,0x04,0x00,0x00,0x00,0x04,
0x00,0x00,0x00,0x0F,0x00,0x00,0x00,0x00,0x00,0x00,0x00,0x00,0x00,0x00,0x00,0x7D,0x00,0x00,0x00,0x11,0x00,0x00,0x00,0x07,
0x00,0x00,0x00,0x06,0x00,0x00,0x00,0x0F,0x00,0x00,0x00,0x00,0x00,0x00,0x00,0x00,0x00,0x00,0x00,0x7E,0x00,0x00,0x00,0x07,
0x00,0x00,0x00,0x0A,0x00,0x00,0x00,0x0A,0x00,0x00,0x00,0x07,0x00,0x00,0x00,0x00,0x00,0x00,0x00,0x00,0x00,0xFF,0xFF,0x40,
0x00,0x00,0xFF,0xFF,0x40,0x00,0x00,0xFF,0xFF,0x40,0x00,0x00,0xFF,0xFF,0x40,0x00,0x00,0xFF,0xFF,0x40,0x00,0x00,0xFF,0xFF,
0x40,0x00,0x00,0xFF,0xFF,0x40,0x00,0x00,0xFF,0xFF,0x40,0x00,0x00,0xFF,0xFF,0x40,0x00,0x00,0x00,0x00,0x00,0x00,0x00,0xA3,
0xCB,0x0D,0x00,0x00,0xFF,0xFF,0x40,0x00,0x00,0xCB,0xF3,0x18,0x00,0x00,0xFF,0xFF,0x40,0x40,0xFF,0xFF,0x00,0x00,0xFF,0xFF,
0x40,0x40,0xFF,0xFF,0x00,0x00,0xF8,0xFF,0x37,0x38,0xFF,0xF7,0x00,0x00,0xE1,0xFF,0x20,0x21,0xFF,0xE0,0x00,0x00,0xC8,0xFF,
0x08,0x08,0xFF,0xC8,0x00,0x00,0x00,0x00,0x00,0x00,0x00,0x00,0x00,0x00,0x00,0x00,0x00,0x00,0x00,0x00,0x00,0x00,0x00,0x00,
0x00,0x00,0x00,0x00,0x00,0x00,0x00,0x00,0x00,0x00,0x00,0x00,0x00,0x00,0x00,0x00,0x00,0x00,0x00,0x00,0x00,0x00,0x00,0x00,
0x00,0x00,0x00,0x00,0x00,0x00,0x00,0x00,0x00,0x00,0x00,0x00,0x00,0x00,0x00,0x00,0x00,0x00,0x00,0x00,0x00,0x00,0x00,0x00,
0x39,0xFF,0xFA,0x04,0x25,0xFF,0xFF,0x0F,0x00,0x00,0x00,0x00,0x62,0xFF,0xD5,0x00,0x4E,0xFF,0xE5,0x00,0x00,0x00,0x00,0x00,
0x8B,0xFF,0xAC,0x00,0x77,0xFF,0xBC,0x00,0x00,0x00,0xFF,0xFF,0xFF,0xFF,0xFF,0xFF,0xFF,0xFF,0xFF,0xFF,0xFF,0x00,0xFF,0xFF,
0xFF,0xFF,0xFF,0xFF,0xFF,0xFF,0xFF,0xFF,0xFF,0x00,0x10,0x15,0xFD,0xFF,0x3D,0x10,0xF3,0xFF,0x50,0x10,0x10,0x00,0x00,0x23,
0xFF,0xFF,0x12,0x11,0xFF,0xFF,0x24,0x00,0x00,0x00,0x00,0x44,0xFF,0xF3,0x00,0x30,0xFF,0xFD,0x06,0x00,0x00,0x00,0xFF,0xFF,
0xFF,0xFF,0xFF,0xFF,0xFF,0xFF,0xFF,0xFF,0x00,0x00,0xFC,0xFE,0xFF,0xFE,0xFC,0xFE,0xFF,0xFE,0xFC,0xFC,0x00,0x00,0x00,0xBE,
0xFF,0x75,0x00,0xAE,0xFF,0x89,0x00,0x00,0x00,0x00,0x00,0xE9,0xFF,0x4B,0x00,0xD9,0xFF,0x5F,0x00,0x00,0x00,0x00,0x12,0xFF,
0xFF,0x21,0x06,0xFC,0xFF,0x35,0x00,0x00,0x00,0x00,0x00,0x00,0x00,0x40,0xFF,0xFF,0x00,0x00,0x00,0x00,0x00,0x00,0x00,0x00,
0x40,0xFF,0xFF,0x00,0x00,0x00,0x00,0x00,0x03,0xA4,0xFF,0xFF,0xFF,0xFF,0xFF,0xD2,0x14,0x00,0x00,0xA5,0xFF,0xFF,0xFD,0xFF,
0xFF,0xFD,0xFF,0xD2,0x11,0x00,0xFF,0xFF,0x7D,0x40,0xFF,0xFF,0x2D,0xFF,0xFF,0x40,0x00,0xFF,0xFF,0x40,0x40,0xFF,0xFF,0x00,
0xFF,0xFF,0x40,0x00,0xFF,0xFF,0x40,0x40,0xFF,0xFF,0x00,0x34,0x34,0x0D,0x00,0xFF,0xFF,0x7D,0x40,0xFF,0xFF,0x00,0x00,0x00,
0x00,0x00,0xA5,0xFF,0xFF,0xFD,0xFF,0xFF,0xFC,0xDD,0x1B,0x00,0x00,0x03,0xA5,0xFF,0xFF,0xFF,0xFF,0xFF,0xFF,0xD5,0x11,0x00,
0x00,0x00,0x00,0x40,0xFF,0xFF,0x18,0xFF,0xFF,0x40,0x00,0x90,0x90,0x24,0x40,0xFF,0xFF,0x00,0xFF,0xFF,0x40,0x00,0xFF,0xFF,
0x7B,0x52,0xFF,0xFF,0x32,0xFF,0xFF,0x40,0x00,0x94,0xFF,0xFF,0xFF,0xFF,0xFF,0xFF,0xFF,0xC8,0x0A,0x00,0x01,0xA5,0xFF,0xFF,
0xFF,0xFF,0xFF,0xDB,0x15,0x00,0x00,0x00,0x00,0x00,0x40,0xFF,0xFF,0x00,0x00,0x00,0x00,0x00,0x00,0x00,0x00,0x40,0xFF,0xFF,
0x00,0x00,0x00,0x00,0x00,0x17,0xD8,0xFF,0xFF,0xD8,0x17,0x00,0x00,0x57,0xFF,0xFB,0x23,0x00,0x00,0x00,0xD4,0xFF,0xFE,0xFE,
0xFF,0xD3,0x00,0x01,0xD1,0xFF,0x9E,0x00,0x00,0x00,0x00,0xFF,0xFF,0x4F,0x4F,0xFF,0xFF,0x00,0x50,0xFF,0xFB,0x22,0x00,0x00,
0x00,0x00,0xFF,0xFF,0x40,0x40,0xFF,0xFF,0x00,0xCB,0xFF,0x9D,0x00,0x00,0x00,0x00,0x00,0xFF,0xFF,0x4F,0x4F,0xFF,0xFF,0x49,
0xFF,0xFB,0x21,0x00,0x00,0x00,0x00,0x00,0xD0,0xFF,0xFE,0xFE,0xFF,0xD0,0xC5,0xFF,0x9C,0x00,0x00,0x00,0x00,0x00,0x00,0x16,
0xD7,0xFF,0xFF,0xD7,0x58,0xFF,0xFA,0x45,0xC5,0xD0,0xD0,0xAA,0x0A,0x00,0x00,0x00,0x00,0x00,0x00,0xBF,0xFF,0xB6,0xE5,0xFF,
0xFF,0xFF,0xFF,0xC1,0x00,0x00,0x00,0x00,0x00,0x3B,0xFF,0xFA,0x60,0xFF,0xFF,0x12,0x52,0xFF,0xFF,0x00,0x00,0x00,0x00,0x00,
0xB8,0xFF,0x99,0x40,0xFF,0xFF,0x00,0x40,0xFF,0xFF,0x00,0x00,0x00,0x00,0x34,0xFF,0xFA,0x1F,0x40,0xFF,0xFF,0x11,0x51,0xFF,
0xFF,0x00,0x00,0x00,0x00,0xB1,0xFF,0x98,0x00,0x22,0xF2,0xFF,0xFD,0xFE,0xFF,0xD4,0x00,0x00,0x00,0x2E,0xFE,0xF9,0x1E,0x00,
0x00,0x3C,0xF4,0xFF,0xFF,0xD8,0x17,0x00,0x00,0x26,0xED,0xFF,0xFF,0xFF,0xFF,0x71,0x00,0x00,0x00,0x13,0xDD,0xFF,0xFD,0xFC,
0xFC,0xFF,0xFF,0x6F,0x00,0x00,0x40,0xFF,0xFF,0x22,0x00,0x00,0xA3,0xFF,0xC4,0x00,0x00,0x40,0xFF,0xFF,0x00,0x00,0x00,0x12,
0x24,0x1B,0x00,0x00,0x40,0xFF,0xFF,0x00,0x00,0x00,0x00,0x74,0x74,0x1D,0x00,0x40,0xFF,0xFF,0x33,0x00,0x00,0x00,0xFF,0xFF,
0x40,0x00,0x13,0xF1,0xFF,0xFF,0xFF,0xFF,0xFF,0xFF,0xFF,0xFF,0x00,0x9D,0xFF,0xFF,0xFC,0xFC,0xFC,0xFC,0xFF,0xFF,0xFD,0x00,
0xFF,0xFF,0x77,0x00,0x00,0x00,0x00,0xFF,0xFF,0x40,0x00,0xFF,0xFF,0x40,0x00,0x00,0x00,0x00,0xFF,0xFF,0x40,0x00,0xFF,0xFF,
0x8C,0x18,0x18,0x18,0x41,0xFF,0xFF,0x40,0x00,0x92,0xFF,0xFF,0xFF,0xFF,0xFF,0xFF,0xFF,0xC6,0x0B,0x00,0x00,0x98,0xFF,0xFF,
0xFF,0xFF,0xFF,0xD0,0x10,0x00,0x00,0xFF,0xFF,0x40,0x00,0xFF,0xFF,0x40,0x00,0xF8,0xFF,0x37,0x00,0xE1,0xFF,0x20,0x00,0xC8,
0xFF,0x08,0x00,0x00,0x00,0x00,0x00,0x00,0x00,0x00,0x00,0x00,0x00,0x00,0x00,0x00,0x00,0x00,0x00,0x00,0x00,0x00,0x00,0x00,
0x00,0x00,0x00,0x00,0x00,0x00,0x00,0x00,0x00,0x00,0x00,0x00,0x4E,0xF7,0xFC,0x7E,0x00,0x48,0xF9,0xFF,0xFF,0x80,0x00,0xF7,
0xFF,0xC3,0x08,0x00,0x00,0xFF,0xFF,0x41,0x00,0x00,0x00,0xFF,0xFF,0x40,0x00,0x00,0x00,0xFF,0xFF,0x40,0x00,0x00,0x00,0xFF,
0xFF,0x40,0x00,0x00,0x00,0xFF,0xFF,0x40,0x00,0x00,0x00,0xFF,0xFF,0x40,0x00,0x00,0x00,0xFF,0xFF,0x40,0x00,0x00,0x00,0xFF,
0xFF,0x40,0x00,0x00,0x00,0xFF,0xFF,0x40,0x00,0x00,0x00,0xFF,0xFF,0x40,0x00,0x00,0x00,0xFF,0xFF,0x40,0x00,0x00,0x00,0xF8,
0xFF,0xC0,0x07,0x00,0x00,0x4B,0xF9,0xFF,0xFC,0x7E,0x00,0x00,0x51,0xFB,0xFF,0x80,0x7E,0xFC,0xFC,0x88,0x00,0x00,0x80,0xFF,
0xFF,0xFF,0x80,0x00,0x00,0x01,0x9B,0xFF,0xFF,0x37,0x00,0x00,0x01,0xFF,0xFF,0x40,0x00,0x00,0x00,0xFF,0xFF,0x40,0x00,0x00,
0x00,0xFF,0xFF,0x40,0x00,0x00,0x00,0xFF,0xFF,0x40,0x00,0x00,0x00,0xFF,0xFF,0x40,0x00,0x00,0x00,0xFF,0xFF,0x40,0x00,0x00,
0x00,0xFF,0xFF,0x40,0x00,0x00,0x00,0xFF,0xFF,0x40,0x00,0x00,0x00,0xFF,0xFF,0x40,0x00,0x00,0x00,0xFF,0xFF,0x40,0x00,0x00,
0x01,0xFF,0xFF,0x40,0x00,0x01,0x96,0xFF,0xFF,0x38,0x7E,0xFC,0xFF,0xFF,0x84,0x00,0x80,0xFF,0xFF,0x8C,0x00,0x00,0x00,0x31,
0xB0,0x9E,0x31,0x00,0x20,0xFB,0xDD,0xDB,0xF9,0x15,0x00,0x6F,0xFD,0xFA,0x61,0x00,0x20,0xFC,0xE3,0xDB,0xF8,0x14,0x00,0x31,
0xAE,0x9F,0x2F,0x00,0x00,0x00,0x00,0x00,0x00,0x00,0x00,0x00,0x00,0x00,0x00,0x00,0x00,0x00,0x00,0x00,0x00,0x00,0x00,0x00,
0x00,0x00,0x00,0x00,0x00,0x00,0x00,0x00,0x00,0x00,0x00,0x00,0x00,0x00,0x00,0x00,0x00,0x00,0x00,0x00,0x00,0x00,0x00,0x00,
0x00,0x00,0x00,0x00,0x00,0x00,0x00,0x00,0xFF,0xFF,0x40,0x00,0x00,0x00,0x00,0x00,0x00,0x00,0xFF,0xFF,0x40,0x00,0x00,0x00,
0x00,0x00,0x00,0x00,0xFF,0xFF,0x40,0x00,0x00,0x00,0x00,0xFC,0xFC,0xFC,0xFF,0xFF,0xFD,0xFC,0xFC,0x00,0x00,0xFF,0xFF,0xFF,
0xFF,0xFF,0xFF,0xFF,0xFF,0x00,0x00,0x00,0x00,0x00,0xFF,0xFF,0x40,0x00,0x00,0x00,0x00,0x00,0x00,0x00,0xFF,0xFF,0x40,0x00,
0x00,0x00,0x00,0x00,0x00,0x00,0xFF,0xFF,0x40,0x00,0x00,0x00,0x00,0x00,0x00,0x00,0x00,0x00,0x00,0x00,0x00,0x00,0x00,0x98,
0xC2,0x0C,0x00,0xFF,0xFF,0x40,0x00,0xC0,0xFF,0x40,0x00,0x35,0xFE,0x18,0x00,0x6F,0xC5,0x00,0x00,0x4D,0x44,0x00,0x00,0xFC,
0xFC,0xFC,0xFC,0xFC,0xFC,0x00,0xFF,0xFF,0xFF,0xFF,0xFF,0xFF,0x00,0x00,0x00,0x00,0x00,0x00,0x00,0x00,0x00,0x00,0x00,0x00,
0x00,0x00,0x00,0x00,0x00,0x00,0x00,0x00,0x00,0x00,0x00,0x00,0x00,0x00,0x00,0x00,0x00,0x98,0xC2,0x0C,0x00,0xFF,0xFF,0x40,
0x00,0xC0,0xEB,0x16,0x00,0x00,0x00,0x00,0x00,0x00,0xB1,0xFF,0x9E,0x00,0x00,0x00,0x00,0x00,0x32,0xFF,0xFB,0x22,0x00,0x00,
0x00,0x00,0x00,0xB3,0xFF,0x9C,0x00,0x00,0x00,0x00,0x00,0x34,0xFF,0xFA,0x20,0x00,0x00,0x00,0x00,0x00,0xB6,0xFF,0x9A,0x00,
0x00,0x00,0x00,0x00,0x37,0xFF,0xF9,0x1E,0x00,0x00,0x00,0x00,0x00,0xB8,0xFF,0x97,0x00,0x00,0x00,0x00,0x00,0x39,0xFF,0xF9,
0x1D,0x00,0x00,0x00,0x00,0x00,0xBB,0xFF,0x95,0x00,0x00,0x00,0x00,0x00,0x3C,0xFF,0xF8,0x1B,0x00,0x00,0x00,0x00,0x00,0xBD,
0xFF,0x92,0x00,0x00,0x00,0x00,0x00,0x3E,0xFF,0xF7,0x1A,0x00,0x00,0x00,0x00,0x00,0xBF,0xFF,0x90,0x00,0x00,0x00,0x00,0x00,
0x00,0x00,0x00,0x90,0xFF,0xFF,0xFF,0xFF,0xFF,0xC3,0x0B,0x00,0x00,0x87,0xFF,0xFF,0xFC,0xFC,0xFC,0xFF,0xFF,0xBE,0x09,0x00,
0xFF,0xFF,0x91,0x00,0x00,0x00,0x51,0xFF,0xFF,0x40,0x00,0xFF,0xFF,0x40,0x00,0x00,0x00,0x00,0xFF,0xFF,0x40,0x00,0xFF,0xFF,
0x40,0x00,0x00,0x00,0x00,0xFF,0xFF,0x40,0x00,0xFF,0xFF,0x40,0x00,0x00,0x00,0x00,0xFF,0xFF,0x40,0x00,0xFF,0xFF,0x40,0x00,
0x00,0x00,0x00,0xFF,0xFF,0x40,0x00,0xFF,0xFF,0x40,0x00,0x00,0x00,0x00,0xFF,0xFF,0x40,0x00,0xFF,0xFF,0x40,0x00,0x00,0x00,
0x00,0xFF,0xFF,0x40,0x00,0xFF,0xFF,0x40,0x00,0x00,0x00,0x00,0xFF,0xFF,0x40,0x00,0xFF,0xFF,0x91,0x00,0x00,0x00,0x51,0xFF,
0xFF,0x40,0x00,0x87,0xFF,0xFF,0xFC,0xFC,0xFC,0xFF,0xFF,0xBE,0x09,0x00,0x00,0x8F,0xFF,0xFF,0xFF,0xFF,0xFF,0xC4,0x0B,0x00,
0x00,0x02,0x69,0xEF,0xFF,0x40,0x00,0x2B,0xCA,0xFF,0xFF,0xFF,0x40,0x00,0x80,0xFF,0xEA,0xFF,0xFF,0x40,0x00,0x7B,0x8F,0x0F,
0xFF,0xFF,0x40,0x00,0x04,0x00,0x00,0xFF,0xFF,0x40,0x00,0x00,0x00,0x00,0xFF,0xFF,0x40,0x00,0x00,0x00,0x00,0xFF,0xFF,0x40,
0x00,0x00,0x00,0x00,0xFF,0xFF,0x40,0x00,0x00,0x00,0x00,0xFF,0xFF,0x40,0x00,0x00,0x00,0x00,0xFF,0xFF,0x40,0x00,0x00,0x00,
0x00,0xFF,0xFF,0x40,0x00,0x00,0x00,0x00,0xFF,0xFF,0x40,0x00,0x00,0x00,0x00,0xFF,0xFF,0x40,0x00,0x00,0x04,0xAF,0xFF,0xFF,
0xFF,0xFF,0xDA,0x18,0x00,0x00,0xA8,0xFF,0xFF,0xFC,0xFC,0xFE,0xFF,0xD5,0x12,0x00,0xFF,0xFF,0x6A,0x00,0x00,0x2B,0xFF,0xFF,
0x40,0x00,0xFC,0xFC,0x3F,0x00,0x00,0x00,0xFF,0xFF,0x40,0x00,0x00,0x00,0x00,0x00,0x00,0x7E,0xFF,0xFF,0x38,0x00,0x00,0x00,
0x00,0x00,0x72,0xFF,0xFF,0x82,0x00,0x00,0x00,0x00,0x00,0x67,0xFF,0xFF,0x85,0x00,0x00,0x00,0x00,0x00,0x5D,0xFE,0xFF,0x88,
0x00,0x00,0x00,0x00,0x00,0x53,0xFC,0xFF,0x8B,0x00,0x00,0x00,0x00,0x00,0x4A,0xFA,0xFF,0x8F,0x00,0x00,0x00,0x00,0x00,0x00,
0xF7,0xFF,0x96,0x00,0x00,0x00,0x00,0x00,0x00,0x00,0xFF,0xFF,0xFD,0xFC,0xFC,0xFC,0xFC,0xFC,0x3F,0x00,0xFF,0xFF,0xFF,0xFF,
0xFF,0xFF,0xFF,0xFF,0x40,0x00,0x02,0x9D,0xFF,0xFF,0xFF,0xFF,0xFF,0xAE,0x04,0x00,0xA2,0xFF,0xFF,0xFC,0xFC,0xFC,0xFF,0xFF,
0xA7,0x00,0xFF,0xFF,0x82,0x00,0x00,0x00,0x79,0xFF,0xFF,0x00,0xFF,0xFF,0x40,0x00,0x00,0x00,0x40,0xFF,0xFF,0x00,0x58,0x58,
0x16,0x00,0x00,0x00,0x40,0xFF,0xFF,0x00,0x00,0x00,0x00,0x00,0x00,0x00,0x77,0xFF,0xFF,0x00,0x00,0x00,0x80,0xFF,0xFF,0xFF,
0xFF,0xFF,0xA1,0x00,0x00,0x00,0x7E,0xFC,0xFC,0xFC,0xFF,0xFF,0xA4,0x00,0x00,0x00,0x00,0x00,0x00,0x00,0x66,0xFF,0xFF,0x00,
0xC4,0xC4,0x31,0x00,0x00,0x00,0x40,0xFF,0xFF,0x00,0xFF,0xFF,0x7B,0x18,0x18,0x18,0x7C,0xFF,0xFF,0x00,0x96,0xFF,0xFF,0xFF,
0xFF,0xFF,0xFF,0xFF,0x96,0x00,0x02,0xAA,0xFF,0xFF,0xFF,0xFF,0xFF,0xAA,0x02,0x00,0x00,0x00,0x00,0x00,0x18,0xEF,0xFF,0xFF,
0x00,0x00,0x00,0x00,0x00,0x00,0x00,0xA7,0xFF,0xFF,0xFF,0x00,0x00,0x00,0x00,0x00,0x00,0x46,0xFF,0xFF,0xFF,0xFF,0x00,0x00,
0x00,0x00,0x00,0x08,0xDC,0xFF,0xA0,0xFF,0xFF,0x00,0x00,0x00,0x00,0x00,0x84,0xFF,0xC5,0x41,0xFF,0xFF,0x00,0x00,0x00,0x00,
0x29,0xF9,0xFC,0x2F,0x40,0xFF,0xFF,0x00,0x00,0x00,0x00,0xC1,0xFF,0x92,0x00,0x40,0xFF,0xFF,0x00,0x00,0x00,0x61,0xFF,0xE9,
0x0F,0x00,0x40,0xFF,0xFF,0x00,0x00,0x00,0xEC,0xFF,0x77,0x18,0x18,0x52,0xFF,0xFF,0x18,0x0C,0x00,0xFF,0xFF,0xFF,0xFF,0xFF,
0xFF,0xFF,0xFF,0xFF,0x80,0x00,0xFF,0xFF,0xFF,0xFF,0xFF,0xFF,0xFF,0xFF,0xFF,0x80,0x00,0x00,0x00,0x00,0x00,0x00,0x40,0xFF,
0xFF,0x00,0x00,0x00,0x00,0x00,0x00,0x00,0x00,0x40,0xFF,0xFF,0x00,0x00,0x00,0xFF,0xFF,0xFF,0xFF,0xFF,0xFF,0xFF,0xFF,0x40,
0x00,0xFF,0xFF,0xFD,0xFC,0xFC,0xFC,0xFC,0xFC,0x3F,0x00,0xFF,0xFF,0x40,0x00,0x00,0x00,0x00,0x00,0x00,0x00,0xFF,0xFF,0x40,
0x00,0x00,0x00,0x00,0x00,0x00,0x00,0xFF,0xFF,0x40,0x00,0x00,0x00,0x00,0x00,0x00,0x00,0xFF,0xFF,0xFF,0xFF,0xFF,0xFF,0xDD,
0x1A,0x00,0x00,0xFC,0xFC,0xFC,0xFC,0xFC,0xFD,0xFF,0xD4,0x11,0x00,0x00,0x00,0x00,0x00,0x00,0x23,0xFF,0xFF,0x40,0x00,0x00,
0x00,0x00,0x00,0x00,0x00,0xFF,0xFF,0x40,0x00,0xF4,0xF4,0x3D,0x00,0x00,0x00,0xFF,0xFF,0x40,0x00,0xFF,0xFF,0x77,0x18,0x18,
0x3C,0xFF,0xFF,0x40,0x00,0x96,0xFF,0xFF,0xFF,0xFF,0xFF,0xFF,0xCC,0x0C,0x00,0x02,0xAA,0xFF,0xFF,0xFF,0xFF,0xDE,0x17,0x00,
0x00,0x04,0xAF,0xFF,0xFF,0xFF,0xFF,0xFF,0xAE,0x04,0x00,0x00,0xA8,0xFF,0xFF,0xFC,0xFC,0xFC,0xFF,0xFF,0xA7,0x00,0x00,0xFF,
0xFF,0x7A,0x00,0x00,0x00,0x7B,0xFF,0xFF,0x00,0x00,0xFF,0xFF,0x40,0x00,0x00,0x00,0x3C,0xF0,0xF0,0x00,0x00,0xFF,0xFF,0x40,
0x00,0x00,0x00,0x00,0x00,0x00,0x00,0x00,0xFF,0xFF,0x83,0xEF,0xFC,0xFC,0xFC,0xB4,0x05,0x00,0x00,0xFF,0xFF,0xFF,0xFF,0xFF,
0xFF,0xFF,0xFF,0xA7,0x00,0x00,0xFF,0xFF,0xEF,0x2E,0x00,0x00,0x70,0xFF,0xFF,0x00,0x00,0xFF,0xFF,0x56,0x00,0x00,0x00,0x40,
0xFF,0xFF,0x00,0x00,0xFF,0xFF,0x40,0x00,0x00,0x00,0x40,0xFF,0xFF,0x00,0x00,0xFF,0xFF,0x74,0x00,0x00,0x00,0x6E,0xFF,0xFF,
0x00,0x00,0xA8,0xFF,0xFF,0xFC,0xFC,0xFC,0xFF,0xFF,0xAB,0x00,0x00,0x04,0xAF,0xFF,0xFF,0xFF,0xFF,0xFF,0xB9,0x06,0x00,0x00,
0xFF,0xFF,0xFF,0xFF,0xFF,0xFF,0xFF,0xFF,0x40,0x00,0xFC,0xFC,0xFC,0xFC,0xFC,0xFC,0xFF,0xFF,0x40,0x00,0x00,0x00,0x00,0x00,
0x00,0x28,0xFF,0xFD,0x1F,0x00,0x00,0x00,0x00,0x00,0x00,0x9A,0xFF,0xB1,0x00,0x00,0x00,0x00,0x00,0x00,0x15,0xF7,0xFF,0x43,
0x00,0x00,0x00,0x00,0x00,0x00,0x7F,0xFF,0xD4,0x00,0x00,0x00,0x00,0x00,0x00,0x07,0xE9,0xFF,0x67,0x00,0x00,0x00,0x00,0x00,
0x00,0x63,0xFF,0xEE,0x0A,0x00,0x00,0x00,0x00,0x00,0x00,0xD4,0xFF,0x8B,0x00,0x00,0x00,0x00,0x00,0x00,0x48,0xFF,0xFC,0x20,
0x00,0x00,0x00,0x00,0x00,0x00,0xBA,0xFF,0xAF,0x00,0x00,0x00,0x00,0x00,0x00,0x2D,0xFF,0xFF,0x41,0x00,0x00,0x00,0x00,0x00,
0x00,0x9F,0xFF,0xD2,0x00,0x00,0x00,0x00,0x00,0x00,0x03,0xAA,0xFF,0xFF,0xFF,0xFF,0xFF,0xAE,0x04,0x00,0x00,0xA6,0xFF,0xFF,
0xFC,0xFC,0xFC,0xFF,0xFF,0xA7,0x00,0x00,0xFF,0xFF,0x7F,0x00,0x00,0x00,0x80,0xFF,0xFF,0x00,0x00,0xFF,0xFF,0x40,0x00,0x00,
0x00,0x40,0xFF,0xFF,0x00,0x00,0xFF,0xFF,0x40,0x00,0x00,0x00,0x40,0xFF,0xFF,0x00,0x00,0xFF,0xFF,0x82,0x00,0x00,0x00,0x82,
0xFF,0xFF,0x00,0x00,0x72,0xFF,0xFF,0xFF,0xFF,0xFF,0xFF,0xFF,0x7F,0x00,0x00,0x92,0xFF,0xFE,0xFC,0xFC,0xFC,0xFE,0xFF,0x9C,
0x00,0x00,0xFF,0xFF,0x5F,0x00,0x00,0x00,0x5F,0xFF,0xFF,0x00,0x00,0xFF,0xFF,0x40,0x00,0x00,0x00,0x40,0xFF,0xFF,0x00,0x00,
0xFF,0xFF,0x5F,0x00,0x00,0x00,0x5F,0xFF,0xFF,0x00,0x00,0xAD,0xFF,0xFE,0xFC,0xFC,0xFC,0xFE,0xFF,0xAF,0x00,0x00,0x07,0xC0,
0xFF,0xFF,0xFF,0xFF,0xFF,0xC7,0x09,0x00,0x00,0x09,0xC7,0xFF,0xFF,0xFF,0xFF,0xFF,0xAE,0x04,0x00,0x00,0xAF,0xFF,0xFE,0xFC,
0xFC,0xFC,0xFF,0xFF,0xA7,0x00,0x00,0xFF,0xFF,0x65,0x00,0x00,0x00,0x74,0xFF,0xFF,0x00,0x00,0xFF,0xFF,0x40,0x00,0x00,0x00,
0x40,0xFF,0xFF,0x00,0x00,0xFF,0xFF,0x40,0x00,0x00,0x00,0x46,0xFF,0xFF,0x00,0x00,0xFF,0xFF,0x65,0x00,0x00,0x1A,0xDB,0xFF,
0xFF,0x00,0x00,0xAF,0xFF,0xFE,0xFC,0xFC,0xFD,0xFF,0xFF,0xFF,0x00,0x00,0x09,0xC7,0xFF,0xFF,0xFF,0xF4,0x88,0xFF,0xFF,0x00,
0x00,0x00,0x00,0x00,0x00,0x00,0x00,0x40,0xFF,0xFF,0x00,0x00,0xCC,0xCC,0x33,0x00,0x00,0x00,0x40,0xFF,0xFF,0x00,0x00,0xFF,
0xFF,0x8F,0x18,0x18,0x18,0x8F,0xFF,0xFF,0x00,0x00,0x96,0xFF,0xFF,0xFF,0xFF,0xFF,0xFF,0xFF,0x96,0x00,0x00,0x02,0xAA,0xFF,
0xFF,0xFF,0xFF,0xFF,0xAA,0x02,0x00,0x00,0xC1,0xEA,0x16,0x00,0xFF,0xFF,0x40,0x00,0x98,0xC3,0x0C,0x00,0x00,0x00,0x00,0x00,
0x00,0x00,0x00,0x00,0x98,0xC2,0x0C,0x00,0xFF,0xFF,0x40,0x00,0xC0,0xEB,0x16,0x00,0xC1,0xEA,0x16,0x00,0xFF,0xFF,0x40,0x00,
0x98,0xC3,0x0C,0x00,0x00,0x00,0x00,0x00,0x00,0x00,0x00,0x00,0x98,0xC8,0x0D,0x00,0xFF,0xFF,0x40,0x00,0xC0,0xFF,0x40,0x00,
0x2F,0xFE,0x1A,0x00,0x6B,0xCC,0x00,0x00,0x4C,0x49,0x00,0x00,0x00,0x00,0x00,0x00,0x00,0x00,0x00,0x00,0x1E,0x00,0x00,0x00,
0x00,0x00,0x00,0x00,0x33,0xA6,0xFB,0x00,0x00,0x00,0x00,0x01,0x4B,0xBF,0xFF,0xFF,0xFF,0x00,0x00,0x08,0x64,0xD6,0xFF,0xFF,
0xFA,0xA7,0x3B,0x00,0x7D,0xE9,0xFF,0xFF,0xE8,0x81,0x19,0x00,0x00,0x00,0xFF,0xFF,0xEC,0x5C,0x06,0x00,0x00,0x00,0x00,0x00,
0xF4,0xFF,0xFF,0xD1,0x5E,0x05,0x00,0x00,0x00,0x00,0x13,0x80,0xEC,0xFF,0xFF,0xE5,0x77,0x10,0x00,0x00,0x00,0x00,0x0A,0x6F,
0xE1,0xFF,0xFF,0xF3,0x91,0x00,0x00,0x00,0x00,0x00,0x04,0x5E,0xD4,0xFF,0xFF,0x00,0x00,0x00,0x00,0x00,0x00,0x00,0x01,0x4D,
0xC4,0x00,0xFF,0xFF,0xFF,0xFF,0xFF,0xFF,0xFF,0xFF,0x00,0x00,0xFC,0xFC,0xFC,0xFC,0xFC,0xFC,0xFC,0xFC,0x00,0x00,0x00,0x00,
0x00,0x00,0x00,0x00,0x00,0x00,0x00,0x00,0xFC,0xFC,0xFC,0xFC,0xFC,0xFC,0xFC,0xFC,0x00,0x00,0xFF,0xFF,0xFF,0xFF,0xFF,0xFF,
0xFF,0xFF,0x00,0x00,0x00,0x00,0x00,0x00,0x00,0x00,0x00,0x00,0x00,0x00,0x00,0x00,0x00,0x00,0x00,0x00,0x00,0x00,0x00,0x00,
0x1E,0x00,0x00,0x00,0x00,0x00,0x00,0x00,0x00,0x00,0xFB,0xA6,0x32,0x00,0x00,0x00,0x00,0x00,0x00,0x00,0xFF,0xFF,0xFF,0xBF,
0x4B,0x01,0x00,0x00,0x00,0x00,0x3A,0xA7,0xFA,0xFF,0xFF,0xD6,0x64,0x07,0x00,0x00,0x00,0x00,0x19,0x81,0xE8,0xFF,0xFF,0xE9,
0x7D,0x00,0x00,0x00,0x00,0x00,0x06,0x5C,0xEC,0xFF,0xFF,0x00,0x00,0x00,0x00,0x05,0x5E,0xD1,0xFF,0xFF,0xF4,0x00,0x00,0x10,
0x77,0xE5,0xFF,0xFF,0xEC,0x80,0x13,0x00,0x91,0xF3,0xFF,0xFF,0xE1,0x6F,0x0A,0x00,0x00,0x00,0xFF,0xFF,0xD4,0x5E,0x04,0x00,
0x00,0x00,0x00,0x00,0xC4,0x4D,0x01,0x00,0x00,0x00,0x00,0x00,0x00,0x00,0x00,0x71,0xFF,0xFF,0xFF,0xFF,0x9E,0x01,0x00,0x00,
0x6B,0xFF,0xFF,0xFC,0xFC,0xFF,0xFF,0x97,0x00,0x00,0xFE,0xFF,0x8D,0x00,0x00,0x5E,0xFF,0xFF,0x3C,0x00,0xEC,0xEC,0x3B,0x00,
0x00,0x06,0xFF,0xFF,0x40,0x00,0x00,0x00,0x00,0x00,0x02,0xAA,0xFF,0xFA,0x29,0x00,0x00,0x00,0x00,0x00,0x99,0xFF,0xFE,0x5B,
0x00,0x00,0x00,0x00,0x00,0x87,0xFF,0xFF,0x6F,0x00,0x00,0x00,0x00,0x00,0x00,0xFF,0xFF,0x8A,0x00,0x00,0x00,0x00,0x00,0x00,
0x00,0xFF,0xFF,0x40,0x00,0x00,0x00,0x00,0x00,0x00,0x00,0x50,0x50,0x14,0x00,0x00,0x00,0x00,0x00,0x00,0x00,0x9C,0xC6,0x0C,
0x00,0x00,0x00,0x00,0x00,0x00,0x00,0xFF,0xFF,0x40,0x00,0x00,0x00,0x00,0x00,0x00,0x00,0xC4,0xEE,0x16,0x00,0x00,0x00,0x00,
0x00,0x00,0x2D,0xEC,0xFC,0xFC,0xFC,0xFC,0xFC,0xD3,0x16,0x00,0x00,0x00,0x00,0x1F,0xE5,0xFF,0xFF,0xFF,0xFF,0xFF,0xFF,0xFF,
0xD4,0x16,0x00,0x00,0x14,0xD8,0xFF,0xEB,0x23,0x00,0x00,0x00,0x2C,0xEC,0xFF,0xD4,0x16,0x00,0xC9,0xFF,0xF8,0x3E,0xA4,0xFF,
0xE9,0xB1,0xFF,0x72,0xF0,0xFF,0xD4,0x00,0xFF,0xFF,0x6A,0x9B,0xFF,0xFE,0xFD,0xFF,0xFF,0x40,0x55,0xFF,0xFF,0x00,0xFF,0xFF,
0x40,0xFF,0xFF,0x58,0x25,0xFF,0xFF,0x40,0x40,0xFF,0xFF,0x00,0xFF,0xFF,0x40,0xFF,0xFF,0x40,0x00,0xFF,0xFF,0x40,0x40,0xFF,
0xFF,0x00,0xFF,0xFF,0x40,0xFF,0xFF,0x5E,0x3F,0xFF,0xFF,0x40,0x92,0xFF,0xF8,0x00,0xFF,0xFF,0x88,0x86,0xFF,0xFF,0xFF,0xE7,
0xFF,0xFF,0xFF,0xF2,0x41,0x00,0x97,0xFF,0xFE,0x4C,0x77,0xC8,0xAA,0x10,0x9B,0xC8,0xC3,0x33,0x00,0x00,0x04,0xBF,0xFF,0xEF,
0x21,0x00,0x00,0x00,0x00,0x00,0x00,0x00,0x00,0x00,0x00,0x13,0xDD,0xFF,0xFF,0xFF,0xFF,0xFF,0xFF,0xFF,0xFF,0x68,0x00,0x00,
0x00,0x00,0x2B,0xEF,0xFC,0xFC,0xFC,0xFC,0xFC,0xFC,0xFC,0x66,0x00,0x00,0x00,0x00,0x00,0xBB,0xFF,0xB6,0x00,0x00,0x00,0x00,
0x00,0x00,0x00,0x14,0xFC,0xFF,0xFA,0x11,0x00,0x00,0x00,0x00,0x00,0x00,0x67,0xFF,0xFF,0xFF,0x61,0x00,0x00,0x00,0x00,0x00,
0x00,0xBD,0xFF,0xB3,0xFF,0xB7,0x00,0x00,0x00,0x00,0x00,0x16,0xFC,0xF7,0x1E,0xFB,0xFA,0x11,0x00,0x00,0x00,0x00,0x69,0xFF,
0xB2,0x00,0xBB,0xFF,0x62,0x00,0x00,0x00,0x00,0xBE,0xFF,0x63,0x00,0x68,0xFF,0xB7,0x00,0x00,0x00,0x17,0xFC,0xFD,0x16,0x00,
0x17,0xFD,0xFA,0x12,0x00,0x00,0x6A,0xFF,0xFF,0xFF,0xFF,0xFF,0xFF,0xFF,0x62,0x00,0x00,0xC0,0xFF,0xFF,0xFF,0xFF,0xFF,0xFF,
0xFF,0xB8,0x00,0x18,0xFD,0xFF,0x45,0x08,0x08,0x08,0x49,0xFF,0xFB,0x12,0x6C,0xFF,0xE9,0x03,0x00,0x00,0x00,0x04,0xED,0xFF,
0x63,0xC1,0xFF,0x99,0x00,0x00,0x00,0x00,0x00,0x9E,0xFF,0xB9,0x00,0xFF,0xFF,0xFF,0xFF,0xFF,0xFF,0xFF,0xF9,0x3D,0x00,0x00,
0xFF,0xFF,0xFD,0xFC,0xFC,0xFC,0xFE,0xFF,0xEB,0x1A,0x00,0xFF,0xFF,0x40,0x00,0x00,0x00,0x3A,0xFF,0xFF,0x40,0x00,0xFF,0xFF,
0x40,0x00,0x00,0x00,0x00,0xFF,0xFF,0x40,0x00,0xFF,0xFF,0x40,0x00,0x00,0x00,0x00,0xFF,0xFF,0x40,0x00,0xFF,0xFF,0x40,0x00,
0x00,0x00,0x40,0xFF,0xFF,0x40,0x00,0xFF,0xFF,0xFF,0xFF,0xFF,0xFF,0xFF,0xFF,0xE2,0x0D,0x00,0xFF,0xFF,0xFD,0xFC,0xFC,0xFC,
0xFC,0xFF,0xFE,0x65,0x00,0xFF,0xFF,0x40,0x00,0x00,0x00,0x03,0x8F,0xFF,0xFE,0x00,0xFF,0xFF,0x40,0x00,0x00,0x00,0x00,0x40,
0xFF,0xFF,0x00,0xFF,0xFF,0x40,0x00,0x00,0x00,0x03,0x8E,0xFF,0xFF,0x00,0xFF,0xFF,0xFD,0xFC,0xFC,0xFC,0xFC,0xFF,0xFF,0x9E,
0x00,0xFF,0xFF,0xFF,0xFF,0xFF,0xFF,0xFF,0xFF,0x9E,0x01,0x00,0x00,0x93,0xFF,0xFF,0xFF,0xFF,0xFF,0xFF,0x9A,0x01,0x00,0x8B,
0xFF,0xFF,0xFC,0xFC,0xFC,0xFC,0xFF,0xFF,0x92,0x00,0xFF,0xFF,0xAC,0x03,0x00,0x00,0x01,0x9E,0xFF,0xFF,0x00,0xFF,0xFF,0x40,
0x00,0x00,0x00,0x00,0x3E,0xF8,0xF8,0x00,0xFF,0xFF,0x40,0x00,0x00,0x00,0x00,0x00,0x00,0x00,0x00,0xFF,0xFF,0x40,0x00,0x00,
0x00,0x00,0x00,0x00,0x00,0x00,0xFF,0xFF,0x40,0x00,0x00,0x00,0x00,0x00,0x00,0x00,0x00,0xFF,0xFF,0x40,0x00,0x00,0x00,0x00,
0x00,0x00,0x00,0x00,0xFF,0xFF,0x40,0x00,0x00,0x00,0x00,0x05,0x14,0x14,0x00,0xFF,0xFF,0x40,0x00,0x00,0x00,0x00,0x40,0xFF,
0xFF,0x00,0xFF,0xFF,0xC0,0x1C,0x18,0x18,0x1A,0xB3,0xFF,0xFF,0x00,0x78,0xFF,0xFF,0xFF,0xFF,0xFF,0xFF,0xFF,0xFF,0x7F,0x00,
0x00,0x8D,0xFF,0xFF,0xFF,0xFF,0xFF,0xFF,0x95,0x00,0x00,0xFF,0xFF,0xFF,0xFF,0xFF,0xFF,0xFF,0xFF,0x7E,0x00,0x00,0x00,0xFF,
0xFF,0xFD,0xFC,0xFC,0xFC,0xFC,0xFF,0xFF,0x75,0x00,0x00,0xFF,0xFF,0x40,0x00,0x00,0x00,0x04,0xAF,0xFF,0xFF,0x00,0x00,0xFF,
0xFF,0x40,0x00,0x00,0x00,0x00,0x40,0xFF,0xFF,0x00,0x00,0xFF,0xFF,0x40,0x00,0x00,0x00,0x00,0x40,0xFF,0xFF,0x00,0x00,0xFF,
0xFF,0x40,0x00,0x00,0x00,0x00,0x40,0xFF,0xFF,0x00,0x00,0xFF,0xFF,0x40,0x00,0x00,0x00,0x00,0x40,0xFF,0xFF,0x00,0x00,0xFF,
0xFF,0x40,0x00,0x00,0x00,0x00,0x40,0xFF,0xFF,0x00,0x00,0xFF,0xFF,0x40,0x00,0x00,0x00,0x00,0x40,0xFF,0xFF,0x00,0x00,0xFF,
0xFF,0x40,0x00,0x00,0x00,0x00,0x40,0xFF,0xFF,0x00,0x00,0xFF,0xFF,0x40,0x00,0x00,0x00,0x04,0xAF,0xFF,0xFF,0x00,0x00,0xFF,
0xFF,0xFD,0xFC,0xFC,0xFC,0xFC,0xFF,0xFF,0x75,0x00,0x00,0xFF,0xFF,0xFF,0xFF,0xFF,0xFF,0xFF,0xFF,0x7F,0x00,0x00,0x00,0xFF,
0xFF,0xFF,0xFF,0xFF,0xFF,0xFF,0xFF,0x80,0x00,0xFF,0xFF,0xFD,0xFC,0xFC,0xFC,0xFC,0xFC,0x7E,0x00,0xFF,0xFF,0x40,0x00,0x00,
0x00,0x00,0x00,0x00,0x00,0xFF,0xFF,0x40,0x00,0x00,0x00,0x00,0x00,0x00,0x00,0xFF,0xFF,0x40,0x00,0x00,0x00,0x00,0x00,0x00,
0x00,0xFF,0xFF,0x40,0x00,0x00,0x00,0x00,0x00,0x00,0x00,0xFF,0xFF,0xFF,0xFF,0xFF,0xFF,0xFF,0xFF,0x00,0x00,0xFF,0xFF,0xFD,
0xFC,0xFC,0xFC,0xFC,0xFC,0x00,0x00,0xFF,0xFF,0x40,0x00,0x00,0x00,0x00,0x00,0x00,0x00,0xFF,0xFF,0x40,0x00,0x00,0x00,0x00,
0x00,0x00,0x00,0xFF,0xFF,0x40,0x00,0x00,0x00,0x00,0x00,0x00,0x00,0xFF,0xFF,0xFD,0xFC,0xFC,0xFC,0xFC,0xFC,0x7E,0x00,0xFF,
0xFF,0xFF,0xFF,0xFF,0xFF,0xFF,0xFF,0x80,0x00,0xFF,0xFF,0xFF,0xFF,0xFF,0xFF,0xFF,0xFF,0x80,0x00,0xFF,0xFF,0xFD,0xFC,0xFC,
0xFC,0xFC,0xFC,0x7E,0x00,0xFF,0xFF,0x40,0x00,0x00,0x00,0x00,0x00,0x00,0x00,0xFF,0xFF,0x40,0x00,0x00,0x00,0x00,0x00,0x00,
0x00,0xFF,0xFF,0x40,0x00,0x00,0x00,0x00,0x00,0x00,0x00,0xFF,0xFF,0x40,0x00,0x00,0x00,0x00,0x00,0x00,0x00,0xFF,0xFF,0xFF,
0xFF,0xFF,0xFF,0xFF,0x80,0x00,0x00,0xFF,0xFF,0xFD,0xFC,0xFC,0xFC,0xFC,0x7E,0x00,0x00,0xFF,0xFF,0x40,0x00,0x00,0x00,0x00,
0x00,0x00,0x00,0xFF,0xFF,0x40,0x00,0x00,0x00,0x00,0x00,0x00,0x00,0xFF,0xFF,0x40,0x00,0x00,0x00,0x00,0x00,0x00,0x00,0xFF,
0xFF,0x40,0x00,0x00,0x00,0x00,0x00,0x00,0x00,0xFF,0xFF,0x40,0x00,0x00,0x00,0x00,0x00,0x00,0x00,0x00,0x93,0xFF,0xFF,0xFF,
0xFF,0xFF,0xFF,0x9A,0x01,0x00,0x8B,0xFF,0xFF,0xFC,0xFC,0xFC,0xFC,0xFF,0xFF,0x92,0x00,0xFF,0xFF,0xB5,0x03,0x00,0x00,0x00,
0xA4,0xFF,0xFF,0x00,0xFF,0xFF,0x40,0x00,0x00,0x00,0x00,0x40,0xFF,0xFF,0x00,0xFF,0xFF,0x40,0x00,0x00,0x00,0x00,0x09,0x24,
0x24,0x00,0xFF,0xFF,0x40,0x00,0x00,0x00,0x00,0x00,0x00,0x00,0x00,0xFF,0xFF,0x40,0x00,0x00,0xE4,0xFF,0xFF,0xFF,0xFF,0x00,
0xFF,0xFF,0x40,0x00,0x00,0xE0,0xFC,0xFD,0xFF,0xFF,0x00,0xFF,0xFF,0x40,0x00,0x00,0x00,0x00,0x40,0xFF,0xFF,0x00,0xFF,0xFF,
0x40,0x00,0x00,0x00,0x00,0x40,0xFF,0xFF,0x00,0xFF,0xFF,0xAC,0x03,0x00,0x00,0x00,0x9D,0xFF,0xFF,0x00,0x8B,0xFF,0xFF,0xFC,
0xFC,0xFC,0xFC,0xFF,0xFF,0x8B,0x00,0x00,0x93,0xFF,0xFF,0xFF,0xFF,0xFF,0xFF,0x93,0x00,0x00,0xFF,0xFF,0x40,0x00,0x00,0x00,
0x00,0x40,0xFF,0xFF,0x00,0x00,0xFF,0xFF,0x40,0x00,0x00,0x00,0x00,0x40,0xFF,0xFF,0x00,0x00,0xFF,0xFF,0x40,0x00,0x00,0x00,
0x00,0x40,0xFF,0xFF,0x00,0x00,0xFF,0xFF,0x40,0x00,0x00,0x00,0x00,0x40,0xFF,0xFF,0x00,0x00,0xFF,0xFF,0x40,0x00,0x00,0x00,
0x00,0x40,0xFF,0xFF,0x00,0x00,0xFF,0xFF,0x40,0x00,0x00,0x00,0x00,0x40,0xFF,0xFF,0x00,0x00,0xFF,0xFF,0xFF,0xFF,0xFF,0xFF,
0xFF,0xFF,0xFF,0xFF,0x00,0x00,0xFF,0xFF,0xFD,0xFC,0xFC,0xFC,0xFC,0xFD,0xFF,0xFF,0x00,0x00,0xFF,0xFF,0x40,0x00,0x00,0x00,
0x00,0x40,0xFF,0xFF,0x00,0x00,0xFF,0xFF,0x40,0x00,0x00,0x00,0x00,0x40,0xFF,0xFF,0x00,0x00,0xFF,0xFF,0x40,0x00,0x00,0x00,
0x00,0x40,0xFF,0xFF,0x00,0x00,0xFF,0xFF,0x40,0x00,0x00,0x00,0x00,0x40,0xFF,0xFF,0x00,0x00,0xFF,0xFF,0x40,0x00,0x00,0x00,
0x00,0x40,0xFF,0xFF,0x00,0x00,0xFF,0xFF,0x40,0x00,0x00,0xFF,0xFF,0x40,0x00,0x00,0xFF,0xFF,0x40,0x00,0x00,0xFF,0xFF,0x40,
0x00,0x00,0xFF,0xFF,0x40,0x00,0x00,0xFF,0xFF,0x40,0x00,0x00,0xFF,0xFF,0x40,0x00,0x00,0xFF,0xFF,0x40,0x00,0x00,0xFF,0xFF,
0x40,0x00,0x00,0xFF,0xFF,0x40,0x00,0x00,0xFF,0xFF,0x40,0x00,0x00,0xFF,0xFF,0x40,0x00,0x00,0xFF,0xFF,0x40,0x00,0x00,0x00,
0x00,0x00,0x00,0x00,0x00,0xFF,0xFF,0x40,0x00,0x00,0x00,0x00,0x00,0x00,0x00,0xFF,0xFF,0x40,0x00,0x00,0x00,0x00,0x00,0x00,
0x00,0xFF,0xFF,0x40,0x00,0x00,0x00,0x00,0x00,0x00,0x00,0xFF,0xFF,0x40,0x00,0x00,0x00,0x00,0x00,0x00,0x00,0xFF,0xFF,0x40,
0x00,0x00,0x00,0x00,0x00,0x00,0x00,0xFF,0xFF,0x40,0x00,0x00,0x00,0x00,0x00,0x00,0x00,0xFF,0xFF,0x40,0x00,0x00,0x00,0x00,
0x00,0x00,0x00,0xFF,0xFF,0x40,0x00,0x9C,0x9C,0x27,0x00,0x00,0x00,0xFF,0xFF,0x40,0x00,0xFF,0xFF,0x40,0x00,0x00,0x00,0xFF,
0xFF,0x40,0x00,0xFB,0xFF,0xB5,0x18,0x18,0x6F,0xFF,0xFF,0x3E,0x00,0x5D,0xFE,0xFF,0xFF,0xFF,0xFF,0xFF,0xAD,0x03,0x00,0x00,
0x6C,0xFF,0xFF,0xFF,0xFF,0xBE,0x07,0x00,0x00,0xFF,0xFF,0x40,0x00,0x00,0x00,0x52,0xFF,0xFF,0x43,0x00,0xFF,0xFF,0x40,0x00,
0x00,0x00,0xCB,0xFF,0xC3,0x00,0x00,0xFF,0xFF,0x40,0x00,0x00,0x47,0xFF,0xFF,0x43,0x00,0x00,0xFF,0xFF,0x40,0x00,0x00,0xC2,
0xFF,0xC2,0x00,0x00,0x00,0xFF,0xFF,0x40,0x00,0x3C,0xFF,0xFF,0x42,0x00,0x00,0x00,0xFF,0xFF,0x40,0x00,0xB7,0xFF,0xC2,0x00,
0x00,0x00,0x00,0xFF,0xFF,0xFF,0xFF,0xFF,0xFF,0x42,0x00,0x00,0x00,0x00,0xFF,0xFF,0xFD,0xFC,0xFF,0xFF,0x5F,0x00,0x00,0x00,
0x00,0xFF,0xFF,0x40,0x00,0xA6,0xFF,0xEB,0x13,0x00,0x00,0x00,0xFF,0xFF,0x40,0x00,0x17,0xEF,0xFF,0x9F,0x00,0x00,0x00,0xFF,
0xFF,0x40,0x00,0x00,0x67,0xFF,0xFF,0x40,0x00,0x00,0xFF,0xFF,0x40,0x00,0x00,0x01,0xC5,0xFF,0xD8,0x06,0x00,0xFF,0xFF,0x40,
0x00,0x00,0x00,0x2D,0xFB,0xFF,0x7F,0x00,0xFF,0xFF,0x40,0x00,0x00,0x00,0x00,0x00,0x00,0x00,0xFF,0xFF,0x40,0x00,0x00,0x00,
0x00,0x00,0x00,0x00,0xFF,0xFF,0x40,0x00,0x00,0x00,0x00,0x00,0x00,0x00,0xFF,0xFF,0x40,0x00,0x00,0x00,0x00,0x00,0x00,0x00,
0xFF,0xFF,0x40,0x00,0x00,0x00,0x00,0x00,0x00,0x00,0xFF,0xFF,0x40,0x00,0x00,0x00,0x00,0x00,0x00,0x00,0xFF,0xFF,0x40,0x00,
0x00,0x00,0x00,0x00,0x00,0x00,0xFF,0xFF,0x40,0x00,0x00,0x00,0x00,0x00,0x00,0x00,0xFF,0xFF,0x40,0x00,0x00,0x00,0x00,0x00,
0x00,0x00,0xFF,0xFF,0x40,0x00,0x00,0x00,0x00,0x00,0x00,0x00,0xFF,0xFF,0x4F,0x14,0x14,0x14,0x14,0x14,0x0A,0x00,0xFF,0xFF,
0xFF,0xFF,0xFF,0xFF,0xFF,0xFF,0x80,0x00,0xFF,0xFF,0xFF,0xFF,0xFF,0xFF,0xFF,0xFF,0x80,0x00,0xFF,0xFF,0x58,0x00,0x00,0x00,
0x00,0x00,0x22,0xFE,0xFF,0x40,0x00,0x00,0xFF,0xFF,0xC1,0x00,0x00,0x00,0x00,0x00,0x8A,0xFF,0xFF,0x40,0x00,0x00,0xFF,0xFF,
0xFF,0x2B,0x00,0x00,0x00,0x07,0xEB,0xFF,0xFF,0x40,0x00,0x00,0xFF,0xFF,0xFF,0x93,0x00,0x00,0x00,0x5C,0xFF,0xFF,0xFF,0x40,
0x00,0x00,0xFF,0xFF,0xFF,0xF1,0x0B,0x00,0x00,0xC5,0xFF,0xFF,0xFF,0x40,0x00,0x00,0xFF,0xFF,0xD2,0xFF,0x65,0x00,0x2E,0xFF,
0xCA,0xFF,0xFF,0x40,0x00,0x00,0xFF,0xFF,0x65,0xFE,0xCE,0x00,0x98,0xFF,0x5A,0xFF,0xFF,0x40,0x00,0x00,0xFF,0xFF,0x40,0xB4,
0xFF,0x46,0xF3,0xE4,0x05,0xFF,0xFF,0x40,0x00,0x00,0xFF,0xFF,0x40,0x44,0xFF,0xEB,0xFF,0x79,0x00,0xFF,0xFF,0x40,0x00,0x00,
0xFF,0xFF,0x40,0x00,0xD3,0xFF,0xF6,0x13,0x00,0xFF,0xFF,0x40,0x00,0x00,0xFF,0xFF,0x40,0x00,0x65,0xFF,0x99,0x00,0x00,0xFF,
0xFF,0x40,0x00,0x00,0xFF,0xFF,0x40,0x00,0x06,0x30,0x10,0x00,0x00,0xFF,0xFF,0x40,0x00,0x00,0xFF,0xFF,0x40,0x00,0x00,0x00,
0x00,0x00,0x00,0xFF,0xFF,0x40,0x00,0x00,0xFF,0xFF,0x65,0x00,0x00,0x00,0x00,0x40,0xFF,0xFF,0x00,0x00,0xFF,0xFF,0xF0,0x19,
0x00,0x00,0x00,0x40,0xFF,0xFF,0x00,0x00,0xFF,0xFF,0xFF,0xAE,0x00,0x00,0x00,0x40,0xFF,0xFF,0x00,0x00,0xFF,0xFF,0xFF,0xFF,
0x53,0x00,0x00,0x40,0xFF,0xFF,0x00,0x00,0xFF,0xFF,0xCB,0xFF,0xE6,0x10,0x00,0x40,0xFF,0xFF,0x00,0x00,0xFF,0xFF,0x4B,0xDF,
0xFF,0x9C,0x00,0x40,0xFF,0xFF,0x00,0x00,0xFF,0xFF,0x40,0x45,0xFF,0xFF,0x41,0x40,0xFF,0xFF,0x00,0x00,0xFF,0xFF,0x40,0x00,
0xA0,0xFF,0xDB,0x49,0xFF,0xFF,0x00,0x00,0xFF,0xFF,0x40,0x00,0x12,0xE8,0xFF,0xC7,0xFF,0xFF,0x00,0x00,0xFF,0xFF,0x40,0x00,
0x00,0x56,0xFF,0xFF,0xFF,0xFF,0x00,0x00,0xFF,0xFF,0x40,0x00,0x00,0x00,0xB1,0xFF,0xFF,0xFF,0x00,0x00,0xFF,0xFF,0x40,0x00,
0x00,0x00,0x1B,0xF0,0xFF,0xFF,0x00,0x00,0xFF,0xFF,0x40,0x00,0x00,0x00,0x00,0x67,0xFF,0xFF,0x00,0x00,0x00,0x93,0xFF,0xFF,
0xFF,0xFF,0xFF,0xFF,0x92,0x00,0x00,0x00,0x8B,0xFF,0xFF,0xFC,0xFC,0xFC,0xFC,0xFF,0xFF,0x8A,0x00,0x00,0xFF,0xFF,0xA9,0x01,
0x00,0x00,0x01,0xA9,0xFF,0xFF,0x00,0x00,0xFF,0xFF,0x40,0x00,0x00,0x00,0x00,0x40,0xFF,0xFF,0x00,0x00,0xFF,0xFF,0x40,0x00,
0x00,0x00,0x00,0x40,0xFF,0xFF,0x00,0x00,0xFF,0xFF,0x40,0x00,0x00,0x00,0x00,0x40,0xFF,0xFF,0x00,0x00,0xFF,0xFF,0x40,0x00,
0x00,0x00,0x00,0x40,0xFF,0xFF,0x00,0x00,0xFF,0xFF,0x40,0x00,0x00,0x00,0x00,0x40,0xFF,0xFF,0x00,0x00,0xFF,0xFF,0x40,0x00,
0x00,0x00,0x00,0x40,0xFF,0xFF,0x00,0x00,0xFF,0xFF,0x40,0x00,0x00,0x00,0x00,0x40,0xFF,0xFF,0x00,0x00,0xFF,0xFF,0xA8,0x01,
0x00,0x00,0x01,0xA8,0xFF,0xFF,0x00,0x00,0x8B,0xFF,0xFF,0xFC,0xFC,0xFC,0xFC,0xFF,0xFF,0x8B,0x00,0x00,0x00,0x93,0xFF,0xFF,
0xFF,0xFF,0xFF,0xFF,0x93,0x00,0x00,0x00,0xFF,0xFF,0xFF,0xFF,0xFF,0xFF,0xFF,0xD7,0x16,0x00,0x00,0xFF,0xFF,0xFD,0xFC,0xFC,
0xFC,0xFE,0xFF,0xD1,0x10,0x00,0xFF,0xFF,0x40,0x00,0x00,0x00,0x38,0xFF,0xFF,0x40,0x00,0xFF,0xFF,0x40,0x00,0x00,0x00,0x00,
0xFF,0xFF,0x40,0x00,0xFF,0xFF,0x40,0x00,0x00,0x00,0x00,0xFF,0xFF,0x40,0x00,0xFF,0xFF,0x40,0x00,0x00,0x00,0x00,0xFF,0xFF,
0x40,0x00,0xFF,0xFF,0x40,0x00,0x00,0x00,0x3A,0xFF,0xFF,0x40,0x00,0xFF,0xFF,0xFF,0xFF,0xFF,0xFF,0xFF,0xFF,0xCC,0x0E,0x00,
0xFF,0xFF,0xFD,0xFC,0xFC,0xFC,0xFC,0xD1,0x13,0x00,0x00,0xFF,0xFF,0x40,0x00,0x00,0x00,0x00,0x00,0x00,0x00,0x00,0xFF,0xFF,
0x40,0x00,0x00,0x00,0x00,0x00,0x00,0x00,0x00,0xFF,0xFF,0x40,0x00,0x00,0x00,0x00,0x00,0x00,0x00,0x00,0xFF,0xFF,0x40,0x00,
0x00,0x00,0x00,0x00,0x00,0x00,0x00,0x00,0x93,0xFF,0xFF,0xFF,0xFF,0xFF,0xFF,0x92,0x00,0x00,0x00,0x8B,0xFF,0xFF,0xFC,0xFC,
0xFC,0xFC,0xFF,0xFF,0x8A,0x00,0x00,0xFF,0xFF,0xA9,0x01,0x00,0x00,0x01,0xA9,0xFF,0xFF,0x00,0x00,0xFF,0xFF,0x40,0x00,0x00,
0x00,0x00,0x40,0xFF,0xFF,0x00,0x00,0xFF,0xFF,0x40,0x00,0x00,0x00,0x00,0x40,0xFF,0xFF,0x00,0x00,0xFF,0xFF,0x40,0x00,0x00,
0x00,0x00,0x40,0xFF,0xFF,0x00,0x00,0xFF,0xFF,0x40,0x00,0x00,0x00,0x00,0x40,0xFF,0xFF,0x00,0x00,0xFF,0xFF,0x40,0x00,0x00,
0x00,0x00,0x40,0xFF,0xFF,0x00,0x00,0xFF,0xFF,0x40,0x00,0x00,0x00,0x00,0x40,0xFF,0xFF,0x00,0x00,0xFF,0xFF,0x40,0x00,0x00,
0x00,0x00,0x40,0xFF,0xFF,0x00,0x00,0xFF,0xFF,0xA8,0x01,0x00,0x00,0x01,0xA8,0xFF,0xFF,0x00,0x00,0x8B,0xFF,0xFF,0xFC,0xFC,
0xFC,0xFC,0xFF,0xFF,0x8C,0x00,0x00,0x00,0x93,0xFF,0xFF,0xFF,0xFF,0xFF,0xFF,0xF2,0x1A,0x00,0x00,0x00,0x00,0x00,0x00,0x00,
0x00,0x18,0xDB,0xFF,0xD3,0x11,0x00,0x00,0x00,0x00,0x00,0x00,0x00,0x00,0x1F,0xE3,0xD9,0x17,0x00,0x00,0x00,0x00,0x00,0x00,
0x00,0x00,0x00,0x28,0x1C,0x00,0x00,0xFF,0xFF,0xFF,0xFF,0xFF,0xFF,0xFF,0xD1,0x13,0x00,0x00,0xFF,0xFF,0xFD,0xFC,0xFC,0xFC,
0xFE,0xFF,0xCF,0x10,0x00,0xFF,0xFF,0x40,0x00,0x00,0x00,0x35,0xFF,0xFF,0x40,0x00,0xFF,0xFF,0x40,0x00,0x00,0x00,0x00,0xFF,
0xFF,0x40,0x00,0xFF,0xFF,0x40,0x00,0x00,0x00,0x00,0xFF,0xFF,0x40,0x00,0xFF,0xFF,0x40,0x00,0x00,0x00,0x34,0xFF,0xFF,0x40,
0x00,0xFF,0xFF,0xFD,0xFC,0xFC,0xFC,0xFE,0xFF,0xBD,0x09,0x00,0xFF,0xFF,0xFF,0xFF,0xFF,0xFF,0xFF,0xFF,0x54,0x00,0x00,0xFF,
0xFF,0x40,0x00,0x00,0x00,0x9E,0xFF,0xF1,0x1E,0x00,0xFF,0xFF,0x40,0x00,0x00,0x00,0x06,0xFF,0xFF,0x40,0x00,0xFF,0xFF,0x40,
0x00,0x00,0x00,0x00,0xFF,0xFF,0x40,0x00,0xFF,0xFF,0x40,0x00,0x00,0x00,0x00,0xFF,0xFF,0x40,0x00,0xFF,0xFF,0x40,0x00,0x00,
0x00,0x00,0xFF,0xFF,0x40,0x00,0x03,0xA4,0xFF,0xFF,0xFF,0xFF,0xFF,0x96,0x01,0x00,0x00,0xA5,0xFF,0xFF,0xFC,0xFC,0xFC,0xFF,
0xFF,0xA0,0x00,0x00,0xFF,0xFF,0x77,0x00,0x00,0x00,0x80,0xFF,0xFF,0x00,0x00,0xFF,0xFF,0x40,0x00,0x00,0x00,0x40,0xFF,0xFF,
0x00,0x00,0xFF,0xFF,0x40,0x00,0x00,0x00,0x0D,0x34,0x34,0x00,0x00,0xFF,0xFF,0x77,0x00,0x00,0x00,0x00,0x00,0x00,0x00,0x00,
0xA5,0xFF,0xFF,0xFC,0xFC,0xFC,0xFC,0xAA,0x03,0x00,0x00,0x03,0xA5,0xFF,0xFF,0xFF,0xFF,0xFF,0xFF,0xA4,0x00,0x00,0x00,0x00,
0x00,0x00,0x00,0x00,0x64,0xFF,0xFF,0x00,0x00,0x90,0x90,0x24,0x00,0x00,0x00,0x40,0xFF,0xFF,0x00,0x00,0xFF,0xFF,0x77,0x18,
0x18,0x18,0x79,0xFF,0xFF,0x00,0x00,0x94,0xFF,0xFF,0xFF,0xFF,0xFF,0xFF,0xFF,0x8D,0x00,0x00,0x01,0xA5,0xFF,0xFF,0xFF,0xFF,
0xFF,0xA0,0x01,0x00,0x00,0xFF,0xFF,0xFF,0xFF,0xFF,0xFF,0xFF,0xFF,0xFF,0x00,0xFC,0xFC,0xFC,0xFD,0xFF,0xFF,0xFC,0xFC,0xFC,
0x00,0x00,0x00,0x00,0x40,0xFF,0xFF,0x00,0x00,0x00,0x00,0x00,0x00,0x00,0x40,0xFF,0xFF,0x00,0x00,0x00,0x00,0x00,0x00,0x00,
0x40,0xFF,0xFF,0x00,0x00,0x00,0x00,0x00,0x00,0x00,0x40,0xFF,0xFF,0x00,0x00,0x00,0x00,0x00,0x00,0x00,0x40,0xFF,0xFF,0x00,
0x00,0x00,0x00,0x00,0x00,0x00,0x40,0xFF,0xFF,0x00,0x00,0x00,0x00,0x00,0x00,0x00,0x40,0xFF,0xFF,0x00,0x00,0x00,0x00,0x00,
0x00,0x00,0x40,0xFF,0xFF,0x00,0x00,0x00,0x00,0x00,0x00,0x00,0x40,0xFF,0xFF,0x00,0x00,0x00,0x00,0x00,0x00,0x00,0x40,0xFF,
0xFF,0x00,0x00,0x00,0x00,0x00,0x00,0x00,0x40,0xFF,0xFF,0x00,0x00,0x00,0x00,0xFF,0xFF,0x40,0x00,0x00,0x00,0x00,0x40,0xFF,
0xFF,0x00,0x00,0xFF,0xFF,0x40,0x00,0x00,0x00,0x00,0x40,0xFF,0xFF,0x00,0x00,0xFF,0xFF,0x40,0x00,0x00,0x00,0x00,0x40,0xFF,
0xFF,0x00,0x00,0xFF,0xFF,0x40,0x00,0x00,0x00,0x00,0x40,0xFF,0xFF,0x00,0x00,0xFF,0xFF,0x40,0x00,0x00,0x00,0x00,0x40,0xFF,
0xFF,0x00,0x00,0xFF,0xFF,0x40,0x00,0x00,0x00,0x00,0x40,0xFF,0xFF,0x00,0x00,0xFF,0xFF,0x40,0x00,0x00,0x00,0x00,0x40,0xFF,
0xFF,0x00,0x00,0xFF,0xFF,0x40,0x00,0x00,0x00,0x00,0x40,0xFF,0xFF,0x00,0x00,0xFF,0xFF,0x40,0x00,0x00,0x00,0x00,0x40,0xFF,
0xFF,0x00,0x00,0xFF,0xFF,0x40,0x00,0x00,0x00,0x00,0x40,0xFF,0xFF,0x00,0x00,0xFC,0xFF,0xBE,0x1C,0x18,0x18,0x1C,0xBF,0xFF,
0xFC,0x00,0x00,0x63,0xFF,0xFF,0xFF,0xFF,0xFF,0xFF,0xFF,0xFF,0x63,0x00,0x00,0x00,0x79,0xFF,0xFF,0xFF,0xFF,0xFF,0xFF,0x78,
0x00,0x00,0xAB,0xFF,0xB1,0x00,0x00,0x00,0x00,0x00,0xA6,0xFF,0xB5,0x57,0xFF,0xF5,0x08,0x00,0x00,0x00,0x03,0xEE,0xFF,0x62,
0x0C,0xF7,0xFF,0x4A,0x00,0x00,0x00,0x3E,0xFF,0xFB,0x13,0x00,0xB0,0xFF,0x96,0x00,0x00,0x00,0x89,0xFF,0xBB,0x00,0x00,0x5D,
0xFF,0xE1,0x00,0x00,0x00,0xD5,0xFF,0x68,0x00,0x00,0x0F,0xF9,0xFF,0x2E,0x00,0x20,0xFF,0xFD,0x17,0x00,0x00,0x00,0xB6,0xFF,
0x7A,0x00,0x6D,0xFF,0xC1,0x00,0x00,0x00,0x00,0x63,0xFF,0xC6,0x00,0xB8,0xFF,0x6E,0x00,0x00,0x00,0x00,0x13,0xFB,0xFD,0x20,
0xF8,0xFE,0x1C,0x00,0x00,0x00,0x00,0x00,0xBC,0xFF,0xAE,0xFF,0xC7,0x00,0x00,0x00,0x00,0x00,0x00,0x69,0xFF,0xFF,0xFF,0x74,
0x00,0x00,0x00,0x00,0x00,0x00,0x17,0xFD,0xFF,0xFF,0x21,0x00,0x00,0x00,0x00,0x00,0x00,0x00,0xC2,0xFF,0xCD,0x00,0x00,0x00,
0x00,0x7C,0xFF,0xD3,0x00,0x00,0x00,0x81,0xFF,0x7B,0x00,0x00,0x00,0xE5,0xFF,0x6B,0x4B,0xFF,0xF9,0x03,0x00,0x00,0xC3,0xFF,
0xBC,0x00,0x00,0x0D,0xFF,0xFF,0x3A,0x1B,0xFF,0xFF,0x25,0x00,0x0A,0xF9,0xFF,0xF6,0x06,0x00,0x35,0xFF,0xFE,0x0C,0x00,0xEA,
0xFF,0x4D,0x00,0x47,0xFF,0xFC,0xFF,0x3D,0x00,0x5D,0xFF,0xD9,0x00,0x00,0xB9,0xFF,0x76,0x00,0x89,0xFF,0x9A,0xFF,0x7E,0x00,
0x85,0xFF,0xA8,0x00,0x00,0x89,0xFF,0x9E,0x00,0xCB,0xFB,0x1C,0xFC,0xBE,0x00,0xAD,0xFF,0x78,0x00,0x00,0x58,0xFF,0xC7,0x0F,
0xFC,0xC4,0x00,0xCA,0xF7,0x07,0xD5,0xFF,0x47,0x00,0x00,0x28,0xFF,0xEF,0x4E,0xFF,0x80,0x00,0x88,0xFF,0x43,0xF9,0xFF,0x17,
0x00,0x00,0x02,0xF4,0xFF,0xA8,0xFF,0x3D,0x00,0x46,0xFF,0xA5,0xFF,0xE6,0x00,0x00,0x00,0x00,0xC6,0xFF,0xFB,0xF3,0x05,0x00,
0x0A,0xF9,0xFB,0xFF,0xB5,0x00,0x00,0x00,0x00,0x96,0xFF,0xFF,0xB5,0x00,0x00,0x00,0xC2,0xFF,0xFF,0x85,0x00,0x00,0x00,0x00,
0x65,0xFF,0xFF,0x71,0x00,0x00,0x00,0x80,0xFF,0xFF,0x54,0x00,0x00,0x00,0x00,0x34,0xFF,0xFF,0x2D,0x00,0x00,0x00,0x3D,0xFF,
0xFF,0x24,0x00,0x00,0x70,0xFF,0xFB,0x30,0x00,0x00,0x00,0x1F,0xF4,0xFF,0x83,0x02,0xCA,0xFF,0xCA,0x02,0x00,0x00,0xB6,0xFF,
0xDB,0x08,0x00,0x30,0xFB,0xFF,0x6E,0x00,0x57,0xFF,0xFF,0x44,0x00,0x00,0x00,0x8A,0xFF,0xF3,0x2D,0xE7,0xFF,0xA3,0x00,0x00,
0x00,0x00,0x09,0xDD,0xFF,0xF4,0xFF,0xED,0x15,0x00,0x00,0x00,0x00,0x00,0x46,0xFF,0xFF,0xFF,0x63,0x00,0x00,0x00,0x00,0x00,
0x00,0x08,0xEA,0xFF,0xF6,0x0C,0x00,0x00,0x00,0x00,0x00,0x00,0x83,0xFF,0xFF,0xFF,0x8C,0x00,0x00,0x00,0x00,0x00,0x28,0xF9,
0xFF,0xC7,0xFF,0xFC,0x30,0x00,0x00,0x00,0x00,0xBF,0xFF,0xD7,0x07,0xC5,0xFF,0xCA,0x02,0x00,0x00,0x5F,0xFF,0xFF,0x3F,0x00,
0x2D,0xFB,0xFF,0x6E,0x00,0x12,0xEB,0xFF,0x9E,0x00,0x00,0x00,0x8A,0xFF,0xF2,0x1C,0x9D,0xFF,0xEC,0x13,0x00,0x00,0x00,0x0A,
0xE0,0xFF,0xAF,0x0C,0xE8,0xFF,0x8F,0x00,0x00,0x00,0x00,0x50,0xFF,0xFE,0x36,0x00,0x68,0xFF,0xF8,0x1D,0x00,0x00,0x02,0xD4,
0xFF,0xA7,0x00,0x00,0x04,0xD7,0xFF,0x9D,0x00,0x00,0x5E,0xFF,0xF9,0x21,0x00,0x00,0x00,0x4E,0xFF,0xFC,0x28,0x06,0xDE,0xFF,
0x8D,0x00,0x00,0x00,0x00,0x00,0xC1,0xFF,0xAB,0x6C,0xFF,0xEE,0x12,0x00,0x00,0x00,0x00,0x00,0x35,0xFE,0xFE,0xEF,0xFF,0x73,
0x00,0x00,0x00,0x00,0x00,0x00,0x00,0xA7,0xFF,0xFF,0xDF,0x07,0x00,0x00,0x00,0x00,0x00,0x00,0x00,0x21,0xFF,0xFF,0x61,0x00,
0x00,0x00,0x00,0x00,0x00,0x00,0x00,0x00,0xFF,0xFF,0x40,0x00,0x00,0x00,0x00,0x00,0x00,0x00,0x00,0x00,0xFF,0xFF,0x40,0x00,
0x00,0x00,0x00,0x00,0x00,0x00,0x00,0x00,0xFF,0xFF,0x40,0x00,0x00,0x00,0x00,0x00,0x00,0x00,0x00,0x00,0xFF,0xFF,0x40,0x00,
0x00,0x00,0x00,0x00,0x00,0x00,0x00,0x00,0xFF,0xFF,0x40,0x00,0x00,0x00,0x00,0x00,0xFF,0xFF,0xFF,0xFF,0xFF,0xFF,0xFF,0xFF,
0xFF,0x00,0xFC,0xFC,0xFC,0xFC,0xFC,0xFC,0xFF,0xFF,0xFE,0x00,0x00,0x00,0x00,0x00,0x00,0x37,0xFC,0xFF,0x8E,0x00,0x00,0x00,
0x00,0x00,0x08,0xD7,0xFF,0xD6,0x08,0x00,0x00,0x00,0x00,0x00,0x8C,0xFF,0xFA,0x33,0x00,0x00,0x00,0x00,0x00,0x3A,0xFD,0xFF,
0x7D,0x00,0x00,0x00,0x00,0x00,0x09,0xD9,0xFF,0xC8,0x03,0x00,0x00,0x00,0x00,0x00,0x8F,0xFF,0xF5,0x26,0x00,0x00,0x00,0x00,
0x00,0x3C,0xFD,0xFF,0x6B,0x00,0x00,0x00,0x00,0x00,0x0A,0xDB,0xFF,0xBA,0x01,0x00,0x00,0x00,0x00,0x00,0x92,0xFF,0xEE,0x1B,
0x00,0x00,0x00,0x00,0x00,0x00,0xFE,0xFF,0xFE,0xFC,0xFC,0xFC,0xFC,0xFC,0xFC,0x00,0xFF,0xFF,0xFF,0xFF,0xFF,0xFF,0xFF,0xFF,
0xFF,0x00,0xFC,0xFC,0xFC,0xFC,0x7E,0x00,0xFF,0xFF,0xFF,0xFF,0x80,0x00,0xFF,0xFF,0x40,0x00,0x00,0x00,0xFF,0xFF,0x40,0x00,
0x00,0x00,0xFF,0xFF,0x40,0x00,0x00,0x00,0xFF,0xFF,0x40,0x00,0x00,0x00,0xFF,0xFF,0x40,0x00,0x00,0x00,0xFF,0xFF,0x40,0x00,
0x00,0x00,0xFF,0xFF,0x40,0x00,0x00,0x00,0xFF,0xFF,0x40,0x00,0x00,0x00,0xFF,0xFF,0x40,0x00,0x00,0x00,0xFF,0xFF,0x40,0x00,
0x00,0x00,0xFF,0xFF,0x40,0x00,0x00,0x00,0xFF,0xFF,0x40,0x00,0x00,0x00,0xFF,0xFF,0x40,0x00,0x00,0x00,0xFF,0xFF,0xFD,0xFC,
0x7E,0x00,0xFF,0xFF,0xFF,0xFF,0x80,0xBD,0xFF,0x96,0x00,0x00,0x00,0x00,0x00,0x00,0x00,0x37,0xFF,0xFA,0x21,0x00,0x00,0x00,
0x00,0x00,0x00,0x00,0xB1,0xFF,0xA2,0x00,0x00,0x00,0x00,0x00,0x00,0x00,0x2D,0xFD,0xFD,0x2A,0x00,0x00,0x00,0x00,0x00,0x00,
0x00,0xA5,0xFF,0xAE,0x00,0x00,0x00,0x00,0x00,0x00,0x00,0x23,0xFB,0xFF,0x34,0x00,0x00,0x00,0x00,0x00,0x00,0x00,0x98,0xFF,
0xB9,0x00,0x00,0x00,0x00,0x00,0x00,0x00,0x1B,0xF7,0xFF,0x3F,0x00,0x00,0x00,0x00,0x00,0x00,0x00,0x8C,0xFF,0xC4,0x00,0x00,
0x00,0x00,0x00,0x00,0x00,0x13,0xF2,0xFF,0x4B,0x00,0x00,0x00,0x00,0x00,0x00,0x00,0x80,0xFF,0xCF,0x01,0x00,0x00,0x00,0x00,
0x00,0x00,0x0D,0xEC,0xFF,0x57,0x00,0x00,0x00,0x00,0x00,0x00,0x00,0x73,0xFF,0xD9,0x03,0x00,0xFC,0xFC,0xFC,0xFC,0x3F,0x00,
0xFF,0xFF,0xFF,0xFF,0x40,0x00,0x00,0x00,0xFF,0xFF,0x40,0x00,0x00,0x00,0xFF,0xFF,0x40,0x00,0x00,0x00,0xFF,0xFF,0x40,0x00,
0x00,0x00,0xFF,0xFF,0x40,0x00,0x00,0x00,0xFF,0xFF,0x40,0x00,0x00,0x00,0xFF,0xFF,0x40,0x00,0x00,0x00,0xFF,0xFF,0x40,0x00,
0x00,0x00,0xFF,0xFF,0x40,0x00,0x00,0x00,0xFF,0xFF,0x40,0x00,0x00,0x00,0xFF,0xFF,0x40,0x00,0x00,0x00,0xFF,0xFF,0x40,0x00,
0x00,0x00,0xFF,0xFF,0x40,0x00,0x00,0x00,0xFF,0xFF,0x40,0x00,0xFC,0xFC,0xFF,0xFF,0x40,0x00,0xFF,0xFF,0xFF,0xFF,0x40,0x00,
0x00,0x00,0x00,0xBE,0xFF,0xD7,0x02,0x00,0x00,0x00,0x00,0x00,0x00,0x37,0xFF,0xFF,0xFF,0x55,0x00,0x00,0x00,0x00,0x00,0x00,
0xB2,0xFF,0xE0,0xFF,0xD0,0x00,0x00,0x00,0x00,0x00,0x2C,0xFE,0xFA,0x27,0xEB,0xFF,0x4D,0x00,0x00,0x00,0x00,0xA6,0xFF,0xA2,
0x00,0x7F,0xFF,0xC9,0x00,0x00,0x00,0x23,0xFC,0xFF,0x2D,0x00,0x12,0xF4,0xFF,0x45,0x00,0x00,0x9A,0xFF,0xB7,0x00,0x00,0x00,
0x90,0xFF,0xC1,0x00,0x1A,0xF8,0xFF,0x42,0x00,0x00,0x00,0x1D,0xFA,0xFF,0x3E,0x00,0x00,0x00,0x00,0x00,0x00,0x00,0x00,0x00,
0x00,0x00,0x00,0x00,0x00,0x00,0x00,0x00,0x00,0x00,0x00,0x00,0x00,0x00,0x00,0x00,0x00,0x00,0x00,0x00,0x00,0x00,0x00,0x00,
0x00,0x00,0x00,0x00,0x00,0x00,0x00,0x00,0x00,0x00,0x00,0xFC,0xFC,0xFC,0xFC,0xFC,0xFC,0xFC,0xFC,0xFF,0xFF,0xFF,0xFF,0xFF,
0xFF,0xFF,0xFF,0x81,0xFF,0xCA,0x00,0x0B,0xE5,0xFF,0x39,0x00,0x60,0xFF,0xA8,0x00,0x00,0x00,0x00,0x00,0x00,0x00,0x00,0x00,
0x00,0x00,0x00,0x00,0x00,0x00,0x00,0x00,0x00,0x00,0x00,0x00,0x00,0x00,0x00,0x00,0x00,0x00,0x00,0x00,0x00,0x00,0x00,0x00,
0x00,0x00,0x00,0x00,0x00,0x00,0x00,0x00,0x00,0x8E,0xFF,0xFF,0xFF,0xFF,0xB4,0x06,0x00,0x00,0x83,0xFF,0xFF,0xFC,0xFC,0xFE,
0xFF,0xB4,0x06,0x00,0xFF,0xFF,0x71,0x00,0x00,0x53,0xFF,0xFF,0x3F,0x00,0x13,0xD1,0xFF,0xFC,0xFC,0xFC,0xFF,0xFF,0x40,0x00,
0xA0,0xFF,0xFF,0xFF,0xFF,0xFF,0xFF,0xFF,0x40,0x00,0xFF,0xFF,0x5E,0x00,0x00,0x3D,0xFF,0xFF,0x40,0x00,0xFF,0xFF,0x59,0x00,
0x13,0xD9,0xFF,0xFF,0x40,0x00,0xB8,0xFF,0xFE,0xFC,0xFD,0xEF,0xFF,0xFF,0x40,0x00,0x0C,0xCD,0xFF,0xFF,0xF8,0x3E,0xFF,0xFF,
0x40,0x00,0xFF,0xFF,0x40,0x00,0x00,0x00,0x00,0x00,0x00,0x00,0xFF,0xFF,0x40,0x00,0x00,0x00,0x00,0x00,0x00,0x00,0xFF,0xFF,
0x40,0x00,0x00,0x00,0x00,0x00,0x00,0x00,0xFF,0xFF,0x40,0x00,0x00,0x00,0x00,0x00,0x00,0x00,0xFF,0xFF,0x64,0xE3,0xFF,0xFF,
0xDD,0x1A,0x00,0x00,0xFF,0xFF,0xF9,0xFE,0xFC,0xFE,0xFF,0xD6,0x12,0x00,0xFF,0xFF,0xFB,0x4C,0x00,0x36,0xFF,0xFF,0x40,0x00,
0xFF,0xFF,0x6D,0x00,0x00,0x00,0xFF,0xFF,0x40,0x00,0xFF,0xFF,0x40,0x00,0x00,0x00,0xFF,0xFF,0x40,0x00,0xFF,0xFF,0x40,0x00,
0x00,0x00,0xFF,0xFF,0x40,0x00,0xFF,0xFF,0x7E,0x08,0x08,0x3F,0xFF,0xFF,0x40,0x00,0x93,0xFF,0xFF,0xFF,0xFF,0xFF,0xFF,0xD2,
0x0F,0x00,0x01,0xA2,0xFF,0xFF,0xFF,0xFF,0xDD,0x18,0x00,0x00,0x07,0xBA,0xFF,0xFF,0xFF,0xFF,0xB3,0x05,0x00,0xAF,0xFF,0xFF,
0xFC,0xFC,0xFF,0xFF,0xA8,0x00,0xFF,0xFF,0x6D,0x00,0x00,0x6D,0xFF,0xFF,0x00,0xFF,0xFF,0x40,0x00,0x00,0x21,0x84,0x84,0x00,
0xFF,0xFF,0x40,0x00,0x00,0x00,0x00,0x00,0x00,0xFF,0xFF,0x40,0x00,0x00,0x24,0x90,0x90,0x00,0xFF,0xFF,0x75,0x08,0x08,0x75,
0xFF,0xFF,0x00,0xAB,0xFF,0xFF,0xFF,0xFF,0xFF,0xFF,0xA2,0x00,0x06,0xB9,0xFF,0xFF,0xFF,0xFF,0xB2,0x04,0x00,0x00,0x00,0x00,
0x00,0x00,0x00,0xFF,0xFF,0x40,0x00,0x00,0x00,0x00,0x00,0x00,0x00,0xFF,0xFF,0x40,0x00,0x00,0x00,0x00,0x00,0x00,0x00,0xFF,
0xFF,0x40,0x00,0x00,0x00,0x00,0x00,0x00,0x00,0xFF,0xFF,0x40,0x00,0x05,0xB4,0xFF,0xFF,0xFF,0x8E,0xFF,0xFF,0x40,0x00,0xA9,
0xFF,0xFF,0xFC,0xFC,0xFF,0xFF,0xFF,0x40,0x00,0xFF,0xFF,0x76,0x00,0x01,0x9B,0xFF,0xFF,0x40,0x00,0xFF,0xFF,0x40,0x00,0x00,
0x01,0xFF,0xFF,0x40,0x00,0xFF,0xFF,0x40,0x00,0x00,0x00,0xFF,0xFF,0x40,0x00,0xFF,0xFF,0x40,0x00,0x00,0x1D,0xFF,0xFF,0x40,
0x00,0xFF,0xFF,0x76,0x00,0x0E,0xD2,0xFF,0xFF,0x40,0x00,0xA9,0xFF,0xFF,0xFC,0xFD,0xFA,0xF5,0xFF,0x40,0x00,0x05,0xB4,0xFF,
0xFF,0xFD,0x57,0xDC,0xFF,0x40,0x00,0x03,0xB1,0xFF,0xFF,0xFF,0xFF,0xDA,0x17,0x00,0x00,0x9F,0xFF,0xFF,0xFC,0xFC,0xFE,0xFF,
0xCF,0x0E,0x00,0xFF,0xFF,0x59,0x00,0x00,0x1A,0xFF,0xFF,0x40,0x00,0xFF,0xFF,0xFD,0xFC,0xFC,0xFC,0xFF,0xFF,0x40,0x00,0xFF,
0xFF,0xFF,0xFF,0xFF,0xFF,0xFF,0xFF,0x40,0x00,0xFF,0xFF,0x40,0x00,0x00,0x00,0x00,0x00,0x00,0x00,0xFF,0xFF,0x62,0x00,0x00,
0x1C,0xFA,0xFC,0x3F,0x00,0xAB,0xFF,0xFD,0xF4,0xF4,0xF9,0xFF,0xDC,0x14,0x00,0x06,0xB9,0xFF,0xFF,0xFF,0xFF,0xE4,0x20,0x00,
0x00,0x00,0x00,0x1B,0xDE,0xFF,0xFF,0x00,0x00,0x12,0xD6,0xFF,0xFD,0xFC,0x00,0x00,0x40,0xFF,0xFF,0x1B,0x00,0x00,0x00,0x40,
0xFF,0xFF,0x00,0x00,0x00,0xFF,0xFF,0xFF,0xFF,0xFF,0xFF,0x00,0xFC,0xFD,0xFF,0xFF,0xFC,0xFC,0x00,0x00,0x40,0xFF,0xFF,0x00,
0x00,0x00,0x00,0x40,0xFF,0xFF,0x00,0x00,0x00,0x00,0x40,0xFF,0xFF,0x00,0x00,0x00,0x00,0x40,0xFF,0xFF,0x00,0x00,0x00,0x00,
0x40,0xFF,0xFF,0x00,0x00,0x00,0x00,0x40,0xFF,0xFF,0x00,0x00,0x00,0x00,0x40,0xFF,0xFF,0x00,0x00,0x00,0x05,0xB4,0xFF,0xFF,
0xFF,0x7C,0xD4,0xFF,0x40,0x00,0xA9,0xFF,0xFF,0xFC,0xFC,0xFF,0xFA,0xFF,0x40,0x00,0xFF,0xFF,0x76,0x00,0x01,0x9B,0xFF,0xFF,
0x40,0x00,0xFF,0xFF,0x40,0x00,0x00,0x01,0xFF,0xFF,0x40,0x00,0xFF,0xFF,0x40,0x00,0x00,0x00,0xFF,0xFF,0x40,0x00,0xFF,0xFF,
0x40,0x00,0x00,0x1D,0xFF,0xFF,0x40,0x00,0xFF,0xFF,0x76,0x00,0x0E,0xD2,0xFF,0xFF,0x40,0x00,0xA9,0xFF,0xFF,0xFC,0xFD,0xFC,
0xFF,0xFF,0x40,0x00,0x05,0xB4,0xFF,0xFF,0xFD,0x5C,0xFF,0xFF,0x40,0x00,0x00,0x00,0x00,0x00,0x00,0x00,0xFF,0xFF,0x40,0x00,
0x95,0xE4,0x92,0x00,0x00,0x2C,0xFF,0xFF,0x40,0x00,0x71,0xFF,0xFF,0xFF,0xFF,0xFF,0xFF,0xC6,0x0B,0x00,0x00,0x8C,0xFF,0xFF,
0xFF,0xFF,0xD0,0x10,0x00,0x00,0xFF,0xFF,0x40,0x00,0x00,0x00,0x00,0x00,0x00,0x00,0xFF,0xFF,0x40,0x00,0x00,0x00,0x00,0x00,
0x00,0x00,0xFF,0xFF,0x40,0x00,0x00,0x00,0x00,0x00,0x00,0x00,0xFF,0xFF,0x40,0x00,0x00,0x00,0x00,0x00,0x00,0x00,0xFF,0xFF,
0x54,0xD2,0xFF,0xFF,0xC8,0x0D,0x00,0x00,0xFF,0xFF,0xEF,0xFF,0xFC,0xFE,0xFF,0xC1,0x0A,0x00,0xFF,0xFF,0xFF,0x6B,0x00,0x2E,
0xFF,0xFF,0x40,0x00,0xFF,0xFF,0x80,0x00,0x00,0x00,0xFF,0xFF,0x40,0x00,0xFF,0xFF,0x40,0x00,0x00,0x00,0xFF,0xFF,0x40,0x00,
0xFF,0xFF,0x40,0x00,0x00,0x00,0xFF,0xFF,0x40,0x00,0xFF,0xFF,0x40,0x00,0x00,0x00,0xFF,0xFF,0x40,0x00,0xFF,0xFF,0x40,0x00,
0x00,0x00,0xFF,0xFF,0x40,0x00,0xFF,0xFF,0x40,0x00,0x00,0x00,0xFF,0xFF,0x40,0x00,0xC7,0xEF,0x16,0x00,0x00,0xFF,0xFF,0x40,
0x00,0x00,0x9E,0xC7,0x0C,0x00,0x00,0x00,0x00,0x00,0x00,0x00,0xFF,0xFF,0x40,0x00,0x00,0xFF,0xFF,0x40,0x00,0x00,0xFF,0xFF,
0x40,0x00,0x00,0xFF,0xFF,0x40,0x00,0x00,0xFF,0xFF,0x40,0x00,0x00,0xFF,0xFF,0x40,0x00,0x00,0xFF,0xFF,0x40,0x00,0x00,0xFF,
0xFF,0x40,0x00,0x00,0xFF,0xFF,0x40,0x00,0x00,0x00,0x00,0xC7,0xEF,0x16,0x00,0x00,0x00,0xFF,0xFF,0x40,0x00,0x00,0x00,0x9E,
0xC7,0x0C,0x00,0x00,0x00,0x00,0x00,0x00,0x00,0x00,0x00,0xFF,0xFF,0x40,0x00,0x00,0x00,0xFF,0xFF,0x40,0x00,0x00,0x00,0xFF,
0xFF,0x40,0x00,0x00,0x00,0xFF,0xFF,0x40,0x00,0x00,0x00,0xFF,0xFF,0x40,0x00,0x00,0x00,0xFF,0xFF,0x40,0x00,0x00,0x00,0xFF,
0xFF,0x40,0x00,0x00,0x00,0xFF,0xFF,0x40,0x00,0x00,0x00,0xFF,0xFF,0x40,0x00,0x00,0x00,0xFF,0xFF,0x40,0x02,0x04,0x22,0xFF,
0xFF,0x40,0x80,0xFF,0xFF,0xFF,0xCB,0x0D,0x80,0xFF,0xFF,0xD3,0x12,0x00,0x00,0xFF,0xFF,0x40,0x00,0x00,0x00,0x00,0x00,0x00,
0x00,0xFF,0xFF,0x40,0x00,0x00,0x00,0x00,0x00,0x00,0x00,0xFF,0xFF,0x40,0x00,0x00,0x00,0x00,0x00,0x00,0x00,0xFF,0xFF,0x40,
0x00,0x00,0x00,0x00,0x00,0x00,0x00,0xFF,0xFF,0x40,0x00,0x00,0x78,0xFF,0xEC,0x19,0x00,0xFF,0xFF,0x40,0x00,0x34,0xFA,0xFF,
0x52,0x00,0x00,0xFF,0xFF,0x40,0x0B,0xDA,0xFF,0x9E,0x00,0x00,0x00,0xFF,0xFF,0xFD,0xFD,0xFF,0xDD,0x0D,0x00,0x00,0x00,0xFF,
0xFF,0xFF,0xFF,0xFF,0xD0,0x03,0x00,0x00,0x00,0xFF,0xFF,0x40,0x17,0xF0,0xFF,0x6D,0x00,0x00,0x00,0xFF,0xFF,0x40,0x00,0x6F,
0xFF,0xF0,0x16,0x00,0x00,0xFF,0xFF,0x40,0x00,0x03,0xD2,0xFF,0xA1,0x00,0x00,0xFF,0xFF,0x40,0x00,0x00,0x3D,0xFF,0xFE,0x3C,
0x00,0xFF,0xFF,0x40,0x00,0xFF,0xFF,0x40,0x00,0xFF,0xFF,0x40,0x00,0xFF,0xFF,0x40,0x00,0xFF,0xFF,0x40,0x00,0xFF,0xFF,0x40,
0x00,0xFF,0xFF,0x40,0x00,0xFF,0xFF,0x40,0x00,0xFF,0xFF,0x40,0x00,0xFF,0xFF,0x40,0x00,0xFF,0xFF,0x40,0x00,0xFF,0xFF,0x40,
0x00,0xFF,0xFF,0x40,0x00,0xFF,0xFF,0x3F,0xF1,0xFF,0xB5,0x14,0xC3,0xFF,0xFF,0xFF,0xA3,0x02,0x00,0x00,0xFF,0xFF,0xE9,0xFE,
0xFD,0xFF,0xF3,0xFF,0xFD,0xFC,0xFF,0xFF,0x9A,0x00,0x00,0xFF,0xFF,0xF9,0x3A,0x23,0xFF,0xFF,0xB6,0x0B,0x00,0x77,0xFF,0xFF,
0x00,0x00,0xFF,0xFF,0x6D,0x00,0x00,0xFF,0xFF,0x40,0x00,0x00,0x40,0xFF,0xFF,0x00,0x00,0xFF,0xFF,0x40,0x00,0x00,0xFF,0xFF,
0x40,0x00,0x00,0x40,0xFF,0xFF,0x00,0x00,0xFF,0xFF,0x40,0x00,0x00,0xFF,0xFF,0x40,0x00,0x00,0x40,0xFF,0xFF,0x00,0x00,0xFF,
0xFF,0x40,0x00,0x00,0xFF,0xFF,0x40,0x00,0x00,0x40,0xFF,0xFF,0x00,0x00,0xFF,0xFF,0x40,0x00,0x00,0xFF,0xFF,0x40,0x00,0x00,
0x40,0xFF,0xFF,0x00,0x00,0xFF,0xFF,0x40,0x00,0x00,0xFF,0xFF,0x40,0x00,0x00,0x40,0xFF,0xFF,0x00,0x00,0xFF,0xFF,0x50,0xD4,
0xFF,0xFF,0x95,0x00,0x00,0x00,0xFF,0xFF,0xE7,0xFF,0xFC,0xFF,0xFF,0x8B,0x00,0x00,0xFF,0xFF,0xFF,0x69,0x00,0x69,0xFF,0xFF,
0x00,0x00,0xFF,0xFF,0x80,0x00,0x00,0x40,0xFF,0xFF,0x00,0x00,0xFF,0xFF,0x40,0x00,0x00,0x40,0xFF,0xFF,0x00,0x00,0xFF,0xFF,
0x40,0x00,0x00,0x40,0xFF,0xFF,0x00,0x00,0xFF,0xFF,0x40,0x00,0x00,0x40,0xFF,0xFF,0x00,0x00,0xFF,0xFF,0x40,0x00,0x00,0x40,
0xFF,0xFF,0x00,0x00,0xFF,0xFF,0x40,0x00,0x00,0x40,0xFF,0xFF,0x00,0x00,0x04,0xB3,0xFF,0xFF,0xFF,0xFF,0xDD,0x19,0x00,0x00,
0xA4,0xFF,0xFF,0xFC,0xFC,0xFE,0xFF,0xD3,0x10,0x00,0xFF,0xFF,0x6D,0x00,0x00,0x2D,0xFF,0xFF,0x40,0x00,0xFF,0xFF,0x40,0x00,
0x00,0x00,0xFF,0xFF,0x40,0x00,0xFF,0xFF,0x40,0x00,0x00,0x00,0xFF,0xFF,0x40,0x00,0xFF,0xFF,0x40,0x00,0x00,0x00,0xFF,0xFF,
0x40,0x00,0xFF,0xFF,0x6D,0x00,0x00,0x2D,0xFF,0xFF,0x40,0x00,0xA4,0xFF,0xFF,0xFC,0xFC,0xFE,0xFF,0xD3,0x10,0x00,0x04,0xB3,
0xFF,0xFF,0xFF,0xFF,0xDD,0x19,0x00,0x00,0xFF,0xFF,0x4D,0xF5,0xFF,0xFF,0xDD,0x1A,0x00,0x00,0xFF,0xFF,0xF5,0xFE,0xFC,0xFE,
0xFF,0xD6,0x12,0x00,0xFF,0xFF,0xEF,0x2B,0x00,0x2D,0xFF,0xFF,0x40,0x00,0xFF,0xFF,0x58,0x00,0x00,0x00,0xFF,0xFF,0x40,0x00,
0xFF,0xFF,0x40,0x00,0x00,0x00,0xFF,0xFF,0x40,0x00,0xFF,0xFF,0x49,0x00,0x00,0x00,0xFF,0xFF,0x40,0x00,0xFF,0xFF,0xE3,0x23,
0x00,0x2D,0xFF,0xFF,0x40,0x00,0xFF,0xFF,0xFF,0xFE,0xFC,0xFE,0xFF,0xD6,0x12,0x00,0xFF,0xFF,0x8C,0xF5,0xFF,0xFF,0xDE,0x1B,
0x00,0x00,0xFF,0xFF,0x40,0x00,0x00,0x00,0x00,0x00,0x00,0x00,0xFF,0xFF,0x40,0x00,0x00,0x00,0x00,0x00,0x00,0x00,0xFF,0xFF,
0x40,0x00,0x00,0x00,0x00,0x00,0x00,0x00,0xFF,0xFF,0x40,0x00,0x00,0x00,0x00,0x00,0x00,0x00,0x05,0xB4,0xFF,0xFF,0xFF,0xFF,
0xD2,0x13,0x00,0x00,0xA9,0xFF,0xFF,0xFC,0xFC,0xFE,0xFF,0xCC,0x0E,0x00,0xFF,0xFF,0x6B,0x00,0x00,0x2C,0xFF,0xFF,0x40,0x00,
0xFF,0xFF,0x40,0x00,0x00,0x00,0xFF,0xFF,0x40,0x00,0xFF,0xFF,0x40,0x00,0x00,0x00,0xFF,0xFF,0x40,0x00,0xFF,0xFF,0x40,0x00,
0x00,0x3A,0xFF,0xFF,0x40,0x00,0xFF,0xFF,0x6B,0x00,0x21,0xEA,0xFF,0xFF,0x40,0x00,0xA9,0xFF,0xFF,0xFC,0xFD,0xF7,0xFF,0xFF,
0x40,0x00,0x05,0xB4,0xFF,0xFF,0xFB,0x4E,0xFF,0xFF,0x40,0x00,0x00,0x00,0x00,0x00,0x00,0x00,0xFF,0xFF,0x40,0x00,0x00,0x00,
0x00,0x00,0x00,0x00,0xFF,0xFF,0x40,0x00,0x00,0x00,0x00,0x00,0x00,0x00,0xFF,0xFF,0x40,0x00,0x00,0x00,0x00,0x00,0x00,0x00,
0xFF,0xFF,0x40,0x00,0xFF,0xFF,0x4E,0xCE,0xFF,0xFF,0x00,0xFF,0xFF,0xE6,0xFF,0xFC,0xFC,0x00,0xFF,0xFF,0xFF,0x8B,0x00,0x00,
0x00,0xFF,0xFF,0x91,0x00,0x00,0x00,0x00,0xFF,0xFF,0x40,0x00,0x00,0x00,0x00,0xFF,0xFF,0x40,0x00,0x00,0x00,0x00,0xFF,0xFF,
0x40,0x00,0x00,0x00,0x00,0xFF,0xFF,0x40,0x00,0x00,0x00,0x00,0xFF,0xFF,0x40,0x00,0x00,0x00,0x00,0x0A,0xC5,0xFF,0xFF,0xFF,
0xFF,0xAB,0x04,0x00,0xB9,0xFF,0xFE,0xFC,0xFC,0xFF,0xFF,0xAD,0x00,0xFF,0xFF,0x55,0x00,0x00,0x74,0xE8,0xE8,0x00,0xB8,0xFF,
0xFE,0xFC,0xFC,0xFC,0xCB,0x0C,0x00,0x0A,0xC6,0xFF,0xFF,0xFF,0xFF,0xFF,0xB7,0x00,0x00,0x00,0x00,0x00,0x00,0x64,0xFF,0xFF,
0x00,0xE0,0xE0,0x39,0x00,0x00,0x50,0xFF,0xFF,0x00,0xBB,0xFF,0xFA,0xF4,0xF4,0xFB,0xFF,0xC0,0x00,0x0C,0xC9,0xFF,0xFF,0xFF,
0xFF,0xCF,0x0E,0x00,0x00,0x40,0xFF,0xFF,0x00,0x00,0x00,0x00,0x40,0xFF,0xFF,0x00,0x00,0x00,0x00,0x40,0xFF,0xFF,0x00,0x00,
0x00,0xFF,0xFF,0xFF,0xFF,0xFF,0xFF,0x00,0xFC,0xFD,0xFF,0xFF,0xFC,0xFC,0x00,0x00,0x40,0xFF,0xFF,0x00,0x00,0x00,0x00,0x40,
0xFF,0xFF,0x00,0x00,0x00,0x00,0x40,0xFF,0xFF,0x00,0x00,0x00,0x00,0x40,0xFF,0xFF,0x00,0x00,0x00,0x00,0x40,0xFF,0xFF,0x2A,
0x08,0x00,0x00,0x12,0xD7,0xFF,0xFF,0xFF,0x00,0x00,0x00,0x1B,0xDE,0xFF,0xFF,0x00,0xFF,0xFF,0x40,0x00,0x00,0x40,0xFF,0xFF,
0x00,0x00,0xFF,0xFF,0x40,0x00,0x00,0x40,0xFF,0xFF,0x00,0x00,0xFF,0xFF,0x40,0x00,0x00,0x40,0xFF,0xFF,0x00,0x00,0xFF,0xFF,
0x40,0x00,0x00,0x40,0xFF,0xFF,0x00,0x00,0xFF,0xFF,0x40,0x00,0x00,0x40,0xFF,0xFF,0x00,0x00,0xFF,0xFF,0x40,0x00,0x00,0x8A,
0xFF,0xFF,0x00,0x00,0xFF,0xFF,0x71,0x08,0x72,0xFF,0xFF,0xFF,0x00,0x00,0x9D,0xFF,0xFF,0xFF,0xFF,0xE0,0xFF,0xFF,0x00,0x00,
0x02,0xA9,0xFF,0xFF,0xD8,0x4E,0xFF,0xFF,0x00,0xD2,0xFF,0x7B,0x00,0x00,0x00,0xD1,0xFF,0x7D,0x76,0xFF,0xCC,0x00,0x00,0x20,
0xFF,0xFF,0x22,0x1B,0xFD,0xFF,0x1D,0x00,0x71,0xFF,0xC4,0x00,0x00,0xBD,0xFF,0x6D,0x00,0xC2,0xFF,0x68,0x00,0x00,0x60,0xFF,
0xBD,0x15,0xFC,0xF9,0x12,0x00,0x00,0x0D,0xF6,0xFB,0x75,0xFF,0xAF,0x00,0x00,0x00,0x00,0xA7,0xFF,0xF4,0xFF,0x52,0x00,0x00,
0x00,0x00,0x4B,0xFF,0xFF,0xEF,0x07,0x00,0x00,0x00,0x00,0x04,0xE9,0xFF,0x9A,0x00,0x00,0x00,0x8C,0xFF,0xB5,0x00,0x03,0xEF,
0xFF,0x57,0x00,0x51,0xFF,0xEB,0x01,0x52,0xFF,0xE1,0x00,0x38,0xFF,0xFF,0x98,0x00,0x81,0xFF,0xAE,0x00,0x18,0xFF,0xFF,0x0E,
0x7D,0xFF,0xFE,0xD8,0x00,0xB2,0xFF,0x70,0x00,0x00,0xDE,0xFF,0x38,0xC2,0xF4,0xAD,0xFF,0x18,0xE2,0xFF,0x32,0x00,0x00,0xA4,
0xFF,0x70,0xFA,0xB4,0x65,0xFF,0x6B,0xFF,0xF0,0x02,0x00,0x00,0x6B,0xFF,0xDB,0xFF,0x6E,0x23,0xFF,0xDB,0xFF,0xB5,0x00,0x00,
0x00,0x31,0xFF,0xFF,0xFF,0x27,0x00,0xE0,0xFF,0xFF,0x77,0x00,0x00,0x00,0x03,0xF3,0xFF,0xE1,0x00,0x00,0x9F,0xFF,0xFF,0x39,
0x00,0x00,0x00,0x00,0xBD,0xFF,0x9B,0x00,0x00,0x5D,0xFF,0xF5,0x05,0x00,0x00,0x7B,0xFF,0xEF,0x1A,0x00,0x1F,0xF2,0xFF,0x77,
0x03,0xC5,0xFF,0xB5,0x01,0xBD,0xFF,0xC5,0x03,0x00,0x23,0xF3,0xFF,0xB9,0xFF,0xF4,0x24,0x00,0x00,0x00,0x65,0xFF,0xFF,0xFF,
0x69,0x00,0x00,0x00,0x00,0x04,0xE9,0xFF,0xE8,0x03,0x00,0x00,0x00,0x00,0x7F,0xFF,0xFF,0xFF,0x76,0x00,0x00,0x00,0x35,0xFB,
0xFF,0x9E,0xFF,0xF9,0x2E,0x00,0x09,0xD8,0xFF,0xA3,0x00,0xAA,0xFF,0xD2,0x07,0x93,0xFF,0xE5,0x11,0x00,0x13,0xE7,0xFF,0x8B,
0x00,0xFF,0xFF,0x40,0x00,0x00,0x40,0xFF,0xFF,0x00,0x00,0xFF,0xFF,0x40,0x00,0x00,0x40,0xFF,0xFF,0x00,0x00,0xFF,0xFF,0x40,
0x00,0x00,0x40,0xFF,0xFF,0x00,0x00,0xFF,0xFF,0x40,0x00,0x00,0x40,0xFF,0xFF,0x00,0x00,0xFF,0xFF,0x40,0x00,0x00,0x40,0xFF,
0xFF,0x00,0x00,0xFF,0xFF,0x40,0x00,0x00,0x87,0xFF,0xFF,0x00,0x00,0xFF,0xFF,0x73,0x08,0x60,0xFF,0xFF,0xFF,0x00,0x00,0x93,
0xFF,0xFF,0xFF,0xFF,0xF2,0xFF,0xFF,0x00,0x00,0x01,0xA2,0xFF,0xFF,0xE2,0x5C,0xFF,0xFF,0x00,0x00,0x00,0x00,0x00,0x00,0x00,
0x40,0xFF,0xFF,0x00,0x00,0xAB,0xE4,0x80,0x00,0x00,0x6D,0xFF,0xFF,0x00,0x00,0x89,0xFF,0xFF,0xFF,0xFF,0xFF,0xFF,0x92,0x00,
0x00,0x01,0xA0,0xFF,0xFF,0xFF,0xFF,0x9F,0x01,0x00,0x00,0xFF,0xFF,0xFF,0xFF,0xFF,0xFF,0xFF,0x00,0xFC,0xFC,0xFC,0xFC,0xFE,
0xFF,0xFE,0x00,0x00,0x00,0x00,0x33,0xF6,0xFF,0x76,0x00,0x00,0x00,0x19,0xE4,0xFF,0x9A,0x00,0x00,0x00,0x08,0xCA,0xFF,0xB9,
0x04,0x00,0x00,0x00,0xA6,0xFF,0xD3,0x0E,0x00,0x00,0x00,0x7C,0xFF,0xE7,0x1E,0x00,0x00,0x00,0x00,0xFE,0xFF,0xFE,0xFC,0xFC,
0xFC,0xFC,0x00,0xFF,0xFF,0xFF,0xFF,0xFF,0xFF,0xFF,0x00,0x00,0x03,0xA5,0xFC,0xFC,0x7E,0x00,0x00,0xA3,0xFF,0xFF,0xFF,0x80,
0x00,0x00,0xFF,0xFF,0x71,0x00,0x00,0x00,0x00,0xFF,0xFF,0x40,0x00,0x00,0x00,0x00,0xFF,0xFF,0x40,0x00,0x00,0x00,0x00,0xFF,
0xFF,0x40,0x00,0x00,0x00,0x29,0xFF,0xFF,0x40,0x00,0x00,0x2B,0xE9,0xFF,0xCA,0x0B,0x00,0x00,0x80,0xFF,0xFF,0x2A,0x00,0x00,
0x00,0x2B,0xE9,0xFF,0xCB,0x0B,0x00,0x00,0x00,0x29,0xFF,0xFF,0x40,0x00,0x00,0x00,0x00,0xFF,0xFF,0x40,0x00,0x00,0x00,0x00,
0xFF,0xFF,0x40,0x00,0x00,0x00,0x00,0xFF,0xFF,0x40,0x00,0x00,0x00,0x00,0xFF,0xFF,0x6F,0x00,0x00,0x00,0x00,0xA6,0xFF,0xFF,
0xFC,0x7E,0x00,0x00,0x03,0xAA,0xFF,0xFF,0x80,0x00,0xFF,0xFF,0x40,0x00,0xFF,0xFF,0x40,0x00,0xFF,0xFF,0x40,0x00,0xFF,0xFF,
0x40,0x00,0xFF,0xFF,0x40,0x00,0xFF,0xFF,0x40,0x00,0xFF,0xFF,0x40,0x00,0xFF,0xFF,0x40,0x00,0xFF,0xFF,0x40,0x00,0xFF,0xFF,
0x40,0x00,0xFF,0xFF,0x40,0x00,0xFF,0xFF,0x40,0x00,0xFF,0xFF,0x40,0x00,0xFF,0xFF,0x40,0x00,0xFF,0xFF,0x40,0x00,0xFF,0xFF,
0x40,0x00,0xFF,0xFF,0x40,0x00,0xFF,0xFF,0x40,0x00,0xFF,0xFF,0x40,0x00,0xFC,0xFC,0xD2,0x15,0x00,0x00,0x00,0xFF,0xFF,0xFF,
0xD1,0x11,0x00,0x00,0x00,0x2D,0xFF,0xFF,0x40,0x00,0x00,0x00,0x00,0xFF,0xFF,0x40,0x00,0x00,0x00,0x00,0xFF,0xFF,0x40,0x00,
0x00,0x00,0x00,0xFF,0xFF,0x40,0x00,0x00,0x00,0x00,0xFF,0xFF,0x62,0x00,0x00,0x00,0x00,0x97,0xFF,0xF4,0x31,0x00,0x00,0x00,
0x05,0xE5,0xFF,0x80,0x00,0x00,0x00,0x96,0xFF,0xF4,0x31,0x00,0x00,0x00,0xFF,0xFF,0x62,0x00,0x00,0x00,0x00,0xFF,0xFF,0x40,
0x00,0x00,0x00,0x00,0xFF,0xFF,0x40,0x00,0x00,0x00,0x00,0xFF,0xFF,0x40,0x00,0x00,0x00,0x2A,0xFF,0xFF,0x40,0x00,0x00,0xFC,
0xFE,0xFF,0xD4,0x12,0x00,0x00,0xFF,0xFF,0xD6,0x16,0x00,0x00,0x00,0x01,0x9F,0xFC,0xCC,0x11,0x00,0xFC,0xFC,0x3F,0x00,0x8B,
0xFF,0xFF,0xFF,0xCD,0x31,0xFF,0xFF,0x40,0x00,0xFF,0xFF,0x5C,0x9F,0xFF,0xFF,0xFF,0xC2,0x08,0x00,0xFF,0xFF,0x40,0x02,0xA1,
0xFF,0xD3,0x10,0x00,0x00,0x00,0x00,0x00,0x00,0x00,0x00,0x00,0x00,0x00,0x00,0x00,0x00,0x00,0x00,0x00,0x00,0x00,0x00,0x00,
0x00,0x00,0x00,0x00,0x00,0x00,0x00,0x00,0x00,0x00,
};
const uint8_t FONT_HUD_L[] PROGMEM = {  // Orbitron%5Bwght%5D.ttf 22px, 95 glyphs, 23220 bytes
0x00,0x00,0x00,0x5F,0x00,0x00,0x00,0x0B,0x00,0x00,0x00,0x16,0x00,0x00,0x00,0x00,0x00,0x00,0x00,0x17,0x00,0x00,0x00,0x06,
0x00,0x00,0x00,0x20,0x00,0x00,0x00,0x00,0x00,0x00,0x00,0x00,0x00,0x00,0x00,0x07,0x00,0x00,0x00,0x00,0x00,0x00,0x00,0x00,
0x00,0x00,0x00,0x00,0x00,0x00,0x00,0x21,0x00,0x00,0x00,0x10,0x00,0x00,0x00,0x05,0x00,0x00,0x00,0x05,0x00,0x00,0x00,0x10,
0x00,0x00,0x00,0x00,0x00,0x00,0x00,0x00,0x00,0x00,0x00,0x22,0x00,0x00,0x00,0x10,0x00,0x00,0x00,0x09,0x00,0x00,0x00,0x09,
0x00,0x00,0x00,0x10,0x00,0x00,0x00,0x00,0x00,0x00,0x00,0x00,0x00,0x00,0x00,0x23,0x00,0x00,0x00,0x10,0x00,0x00,0x00,0x12,
0x00,0x00,0x00,0x12,0x00,0x00,0x00,0x10,0x00,0x00,0x00,0x00,0x00,0x00,0x00,0x00,0x00,0x00,0x00,0x24,0x00,0x00,0x00,0x16,
0x00,0x00,0x00,0x11,0x00,0x00,0x00,0x11,0x00,0x00,0x00,0x13,0x00,0x00,0x00,0x00,0x00,0x00,0x00,0x00,0x00,0x00,0x00,0x25,
0x00,0x00,0x00,0x10,0x00,0x00,0x00,0x15,0x00,0x00,0x00,0x15,0x00,0x00,0x00,0x10,0x00,0x00,0x00,0x00,0x00,0x00,0x00,0x00,
0x00,0x00,0x00,0x26,0x00,0x00,0x00,0x11,0x00,0x00,0x00,0x15,0x00,0x00,0x00,0x15,0x00,0x00,0x00,0x10,0x00,0x00,0x00,0x00,
0x00,0x00,0x00,0x00,0x00,0x00,0x00,0x27,0x00,0x00,0x00,0x10,0x00,0x00,0x00,0x05,0x00,0x00,0x00,0x05,0x00,0x00,0x00,0x10,
0x00,0x00,0x00,0x00,0x00,0x00,0x00,0x00,0x00,0x00,0x00,0x28,0x00,0x00,0x00,0x10,0x00,0x00,0x00,0x06,0x00,0x00,0x00,0x06,
0x00,0x00,0x00,0x10,0x00,0x00,0x00,0x00,0x00,0x00,0x00,0x00,0x00,0x00,0x00,0x29,0x00,0x00,0x00,0x10,0x00,0x00,0x00,0x06,
0x00,0x00,0x00,0x06,0x00,0x00,0x00,0x10,0x00,0x00,0x00,0x00,0x00,0x00,0x00,0x00,0x00,0x00,0x00,0x2A,0x00,0x00,0x00,0x10,
0x00,0x00,0x00,0x0B,0x00,0x00,0x00,0x0B,0x00,0x00,0x00,0x10,0x00,0x00,0x00,0x00,0x00,0x00,0x00,0x00,0x00,0x00,0x00,0x2B,
0x00,0x00,0x00,0x0C,0x00,0x00,0x00,0x0A,0x00,0x00,0x00,0x0A,0x00,0x00,0x00,0x0C,0x00,0x00,0x00,0x00,0x00,0x00,0x00,0x00,
0x00,0x00,0x00,0x2C,0x00,0x00,0x00,0x06,0x00,0x00,0x00,0x05,0x00,0x00,0x00,0x05,0x00,0x00,0x00,0x03,0x00,0x00,0x00,0x00,
0x00,0x00,0x00,0x00,0x00,0x00,0x00,0x2D,0x00,0x00,0x00,0x09,0x00,0x00,0x00,0x0B,0x00,0x00,0x00,0x0B,0x00,0x00,0x00,0x09,
0x00,0x00,0x00,0x00,0x00,0x00,0x00,0x00,0x00,0x00,0x00,0x2E,0x00,0x00,0x00,0x04,0x00,0x00,0x00,0x05,0x00,0x00,0x00,0x05,
0x00,0x00,0x00,0x04,0x00,0x00,0x00,0x00,0x00,0x00,0x00,0x00,0x00,0x00,0x00,0x2F,0x00,0x00,0x00,0x10,0x00,0x00,0x00,0x0C,
0x00,0x00,0x00,0x0B,0x00,0x00,0x00,0x10,0x00,0x00,0x00,0x00,0x00,0x00,0x00,0x00,0x00,0x00,0x00,0x30,0x00,0x00,0x00,0x10,
0x00,0x00,0x00,0x12,0x00,0x00,0x00,0x12,0x00,0x00,0x00,0x10,0x00,0x00,0x00,0x00,0x00,0x00,0x00,0x00,0x00,0x00,0x00,0x31,
0x00,0x00,0x00,0x10,0x00,0x00,0x00,0x09,0x00,0x00,0x00,0x09,0x00,0x00,0x00,0x10,0x00,0x00,0x00,0x00,0x00,0x00,0x00,0x00,
0x00,0x00,0x00,0x32,0x00,0x00,0x00,0x10,0x00,0x00,0x00,0x12,0x00,0x00,0x00,0x12,0x00,0x00,0x00,0x10,0x00,0x00,0x00,0x00,
0x00,0x00,0x00,0x00,0x00,0x00,0x00,0x33,0x00,0x00,0x00,0x10,0x00,0x00,0x00,0x12,0x00,0x00,0x00,0x12,0x00,0x00,0x00,0x10,
0x00,0x00,0x00,0x00,0x00,0x00,0x00,0x00,0x00,0x00,0x00,0x34,0x00,0x00,0x00,0x10,0x00,0x00,0x00,0x10,0x00,0x00,0x00,0x10,
0x00,0x00,0x00,0x10,0x00,0x00,0x00,0x00,0x00,0x00,0x00,0x00,0x00,0x00,0x00,0x35,0x00,0x00,0x00,0x10,0x00,0x00,0x00,0x12,
0x00,0x00,0x00,0x12,0x00,0x00,0x00,0x10,0x00,0x00,0x00,0x00,0x00,0x00,0x00,0x00,0x00,0x00,0x00,0x36,0x00,0x00,0x00,0x10,
0x00,0x00,0x00,0x12,0x00,0x00,0x00,0x12,0x00,0x00,0x00,0x10,0x00,0x00,0x00,0x00,0x00,0x00,0x00,0x00,0x00,0x00,0x00,0x37,
0x00,0x00,0x00,0x10,0x00,0x00,0x00,0x0F,0x00,0x00,0x00,0x0F,0x00,0x00,0x00,0x10,0x00,0x00,0x00,0x00,0x00,0x00,0x00,0x00,
0x00,0x00,0x00,0x38,0x00,0x00,0x00,0x10,0x00,0x00,0x00,0x12,0x00,0x00,0x00,0x12,0x00,0x00,0x00,0x10,0x00,0x00,0x00,0x00,
0x00,0x00,0x00,0x00,0x00,0x00,0x00,0x39,0x00,0x00,0x00,0x10,0x00,0x00,0x00,0x12,0x00,0x00,0x00,0x12,0x00,0x00,0x00,0x10,
0x00,0x00,0x00,0x00,0x00,0x00,0x00,0x00,0x00,0x00,0x00,0x3A,0x00,0x00,0x00,0x0D,0x00,0x00,0x00,0x05,0x00,0x00,0x00,0x05,
0x00,0x00,0x00,0x0D,0x00,0x00,0x00,0x00,0x00,0x00,0x00,0x00,0x00,0x00,0x00,0x3B,0x00,0x00,0x00,0x10,0x00,0x00,0x00,0x06,
0x00,0x00,0x00,0x06,0x00,0x00,0x00,0x0D,0x00,0x00,0x00,0x00,0x00,0x00,0x00,0x00,0x00,0x00,0x00,0x3C,0x00,0x00,0x00,0x0F,
0x00,0x00,0x00,0x0A,0x00,0x00,0x00,0x0A,0x00,0x00,0x00,0x0E,0x00,0x00,0x00,0x00,0x00,0x00,0x00,0x00,0x00,0x00,0x00,0x3D,
0x00,0x00,0x00,0x0B,0x00,0x00,0x00,0x0E,0x00,0x00,0x00,0x0E,0x00,0x00,0x00,0x0B,0x00,0x00,0x00,0x00,0x00,0x00,0x00,0x00,
0x00,0x00,0x00,0x3E,0x00,0x00,0x00,0x0F,0x00,0x00,0x00,0x0B,0x00,0x00,0x00,0x0A,0x00,0x00,0x00,0x0E,0x00,0x00,0x00,0x00,
0x00,0x00,0x00,0x00,0x00,0x00,0x00,0x3F,0x00,0x00,0x00,0x10,0x00,0x00,0x00,0x0F,0x00,0x00,0x00,0x0F,0x00,0x00,0x00,0x10,
0x00,0x00,0x00,0x00,0x00,0x00,0x00,0x00,0x00,0x00,0x00,0x40,0x00,0x00,0x00,0x10,0x00,0x00,0x00,0x12,0x00,0x00,0x00,0x12,
0x00,0x00,0x00,0x10,0x00,0x00,0x00,0x00,0x00,0x00,0x00,0x00,0x00,0x00,0x00,0x41,0x00,0x00,0x00,0x10,0x00,0x00,0x00,0x12,
0x00,0x00,0x00,0x12,0x00,0x00,0x00,0x10,0x00,0x00,0x00,0x00,0x00,0x00,0x00,0x00,0x00,0x00,0x00,0x42,0x00,0x00,0x00,0x10,
0x00,0x00,0x00,0x12,0x00,0x00,0x00,0x12,0x00,0x00,0x00,0x10,0x00,0x00,0x00,0x00,0x00,0x00,0x00,0x00,0x00,0x00,0x00,0x43,
0x00,0x00,0x00,0x10,0x00,0x00,0x00,0x12,0x00,0x00,0x00,0x12,0x00,0x00,0x00,0x10,0x00,0x00,0x00,0x00,0x00,0x00,0x00,0x00,
0x00,0x00,0x00,0x44,0x00,0x00,0x00,0x10,0x00,0x00,0x00,0x12,0x00,0x00,0x00,0x12,0x00,0x00,0x00,0x10,0x00,0x00,0x00,0x00,
0x00,0x00,0x00,0x00,0x00,0x00,0x00,0x45,0x00,0x00,0x00,0x10,0x00,0x00,0x00,0x11,0x00,0x00,0x00,0x11,0x00,0x00,0x00,0x10,
0x00,0x00,0x00,0x00,0x00,0x00,0x00,0x00,0x00,0x00,0x00,0x46,0x00,0x00,0x00,0x10,0x00,0x00,0x00,0x10,0x00,0x00,0x00,0x10,
0x00,0x00,0x00,0x10,0x00,0x00,0x00,0x00,0x00,0x00,0x00,0x00,0x00,0x00,0x00,0x47,0x00,0x00,0x00,0x10,0x00,0x00,0x00,0x12,
0x00,0x00,0x00,0x12,0x00,0x00,0x00,0x10,0x00,0x00,0x00,0x00,0x00,0x00,0x00,0x00,0x00,0x00,0x00,0x48,0x00,0x00,0x00,0x10,
0x00,0x00,0x00,0x13,0x00,0x00,0x00,0x13,0x00,0x00,0x00,0x10,0x00,0x00,0x00,0x00,0x00,0x00,0x00,0x00,0x00,0x00,0x00,0x49,
0x00,0x00,0x00,0x10,0x00,0x00,0x00,0x05,0x00,0x00,0x00,0x05,0x00,0x00,0x00,0x10,0x00,0x00,0x00,0x00,0x00,0x00,0x00,0x00,
0x00,0x00,0x00,0x4A,0x00,0x00,0x00,0x10,0x00,0x00,0x00,0x11,0x00,0x00,0x00,0x11,0x00,0x00,0x00,0x10,0x00,0x00,0x00,0x00,
0x00,0x00,0x00,0x00,0x00,0x00,0x00,0x4B,0x00,0x00,0x00,0x10,0x00,0x00,0x00,0x12,0x00,0x00,0x00,0x12,0x00,0x00,0x00,0x10,
0x00,0x00,0x00,0x00,0x00,0x00,0x00,0x00,0x00,0x00,0x00,0x4C,0x00,0x00,0x00,0x10,0x00,0x00,0x00,0x12,0x00,0x00,0x00,0x11,
0x00,0x00,0x00,0x10,0x00,0x00,0x00,0x00,0x00,0x00,0x00,0x00,0x00,0x00,0x00,0x4D,0x00,0x00,0x00,0x10,0x00,0x00,0x00,0x14,
0x00,0x00,0x00,0x14,0x00,0x00,0x00,0x10,0x00,0x00,0x00,0x00,0x00,0x00,0x00,0x00,0x00,0x00,0x00,0x4E,0x00,0x00,0x00,0x10,
0x00,0x00,0x00,0x12,0x00,0x00,0x00,0x12,0x00,0x00,0x00,0x10,0x00,0x00,0x00,0x00,0x00,0x00,0x00,0x00,0x00,0x00,0x00,0x4F,
0x00,0x00,0x00,0x10,0x00,0x00,0x00,0x12,0x00,0x00,0x00,0x12,0x00,0x00,0x00,0x10,0x00,0x00,0x00,0x00,0x00,0x00,0x00,0x00,
0x00,0x00,0x00,0x50,0x00,0x00,0x00,0x10,0x00,0x00,0x00,0x12,0x00,0x00,0x00,0x11,0x00,0x00,0x00,0x10,0x00,0x00,0x00,0x00,
0x00,0x00,0x00,0x00,0x00,0x00,0x00,0x51,0x00,0x00,0x00,0x10,0x00,0x00,0x00,0x13,0x00,0x00,0x00,0x13,0x00,0x00,0x00,0x10,
0x00,0x00,0x00,0x00,0x00,0x00,0x00,0x00,0x00,0x00,0x00,0x52,0x00,0x00,0x00,0x10,0x00,0x00,0x00,0x12,0x00,0x00,0x00,0x12,
0x00,0x00,0x00,0x10,0x00,0x00,0x00,0x00,0x00,0x00,0x00,0x00,0x00,0x00,0x00,0x53,0x00,0x00,0x00,0x10,0x00,0x00,0x00,0x12,
0x00,0x00,0x00,0x12,0x00,0x00,0x00,0x10,0x00,0x00,0x00,0x00,0x00,0x00,0x00,0x00,0x00,0x00,0x00,0x54,0x00,0x00,0x00,0x10,
0x00,0x00,0x00,0x11,0x00,0x00,0x00,0x11,0x00,0x00,0x00,0x10,0x00,0x00,0x00,0x00,0x00,0x00,0x00,0x00,0x00,0x00,0x00,0x55,
0x00,0x00,0x00,0x10,0x00,0x00,0x00,0x12,0x00,0x00,0x00,0x12,0x00,0x00,0x00,0x10,0x00,0x00,0x00,0x00,0x00,0x00,0x00,0x00,
0x00,0x00,0x00,0x56,0x00,0x00,0x00,0x10,0x00,0x00,0x00,0x16,0x00,0x00,0x00,0x16,0x00,0x00,0x00,0x10,0x00,0x00,0x00,0x00,
0x00,0x00,0x00,0x00,0x00,0x00,0x00,0x57,0x00,0x00,0x00,0x10,0x00,0x00,0x00,0x1A,0x00,0x00,0x00,0x1A,0x00,0x00,0x00,0x10,
0x00,0x00,0x00,0x00,0x00,0x00,0x00,0x00,0x00,0x00,0x00,0x58,0x00,0x00,0x00,0x10,0x00,0x00,0x00,0x12,0x00,0x00,0x00,0x12,
0x00,0x00,0x00,0x10,0x00,0x00,0x00,0x00,0x00,0x00,0x00,0x00,0x00,0x00,0x00,0x59,0x00,0x00,0x00,0x10,0x00,0x00,0x00,0x13,
0x00,0x00,0x00,0x12,0x00,0x00,0x00,0x10,0xFF,0xFF,0xFF,0xFF,0x00,0x00,0x00,0x00,0x00,0x00,0x00,0x5A,0x00,0x00,0x00,0x10,
0x00,0x00,0x00,0x12,0x00,0x00,0x00,0x12,0x00,0x00,0x00,0x10,0x00,0x00,0x00,0x00,0x00,0x00,0x00,0x00,0x00,0x00,0x00,0x5B,
0x00,0x00,0x00,0x10,0x00,0x00,0x00,0x06,0x00,0x00,0x00,0x06,0x00,0x00,0x00,0x10,0x00,0x00,0x00,0x00,0x00,0x00,0x00,0x00,
0x00,0x00,0x00,0x5C,0x00,0x00,0x00,0x10,0x00,0x00,0x00,0x0C,0x00,0x00,0x00,0x0B,0x00,0x00,0x00,0x10,0x00,0x00,0x00,0x00,
0x00,0x00,0x00,0x00,0x00,0x00,0x00,0x5D,0x00,0x00,0x00,0x10,0x00,0x00,0x00,0x06,0x00,0x00,0x00,0x06,0x00,0x00,0x00,0x10,
0x00,0x00,0x00,0x00,0x00,0x00,0x00,0x00,0x00,0x00,0x00,0x5E,0x00,0x00,0x00,0x10,0x00,0x00,0x00,0x0B,0x00,0x00,0x00,0x0B,
0x00,0x00,0x00,0x10,0x00,0x00,0x00,0x00,0x00,0x00,0x00,0x00,0x00,0x00,0x00,0x5F,0x00,0x00,0x00,0x04,0x00,0x00,0x00,0x12,
0x00,0x00,0x00,0x12,0x00,0x00,0x00,0x00,0x00,0x00,0x00,0x00,0x00,0x00,0x00,0x00,0x00,0x00,0x00,0x60,0x00,0x00,0x00,0x13,
0x00,0x00,0x00,0x06,0x00,0x00,0x00,0x06,0x00,0x00,0x00,0x13,0x00,0x00,0x00,0x00,0x00,0x00,0x00,0x00,0x00,0x00,0x00,0x61,
0x00,0x00,0x00,0x0D,0x00,0x00,0x00,0x0F,0x00,0x00,0x00,0x0F,0x00,0x00,0x00,0x0D,0x00,0x00,0x00,0x00,0x00,0x00,0x00,0x00,
0x00,0x00,0x00,0x62,0x00,0x00,0x00,0x11,0x00,0x00,0x00,0x0F,0x00,0x00,0x00,0x0F,0x00,0x00,0x00,0x11,0x00,0x00,0x00,0x00,
0x00,0x00,0x00,0x00,0x00,0x00,0x00,0x63,0x00,0x00,0x00,0x0D,0x00,0x00,0x00,0x0F,0x00,0x00,0x00,0x0F,0x00,0x00,0x00,0x0D,
0x00,0x00,0x00,0x00,0x00,0x00,0x00,0x00,0x00,0x00,0x00,0x64,0x00,0x00,0x00,0x11,0x00,0x00,0x00,0x0F,0x00,0x00,0x00,0x0F,
0x00,0x00,0x00,0x11,0x00,0x00,0x00,0x00,0x00,0x00,0x00,0x00,0x00,0x00,0x00,0x65,0x00,0x00,0x00,0x0D,0x00,0x00,0x00,0x0F,
0x00,0x00,0x00,0x0F,0x00,0x00,0x00,0x0D,0x00,0x00,0x00,0x00,0x00,0x00,0x00,0x00,0x00,0x00,0x00,0x66,0x00,0x00,0x00,0x11,
0x00,0x00,0x00,0x0A,0x00,0x00,0x00,0x0A,0x00,0x00,0x00,0x11,0x00,0x00,0x00,0x00,0x00,0x00,0x00,0x00,0x00,0x00,0x00,0x67,
0x00,0x00,0x00,0x13,0x00,0x00,0x00,0x0F,0x00,0x00,0x00,0x0F,0x00,0x00,0x00,0x0D,0x00,0x00,0x00,0x00,0x00,0x00,0x00,0x00,
0x00,0x00,0x00,0x68,0x00,0x00,0x00,0x11,0x00,0x00,0x00,0x0F,0x00,0x00,0x00,0x0F,0x00,0x00,0x00,0x11,0x00,0x00,0x00,0x00,
0x00,0x00,0x00,0x00,0x00,0x00,0x00,0x69,0x00,0x00,0x00,0x11,0x00,0x00,0x00,0x05,0x00,0x00,0x00,0x05,0x00,0x00,0x00,0x11,
0x00,0x00,0x00,0x00,0x00,0x00,0x00,0x00,0x00,0x00,0x00,0x6A,0x00,0x00,0x00,0x16,0x00,0x00,0x00,0x0A,0x00,0x00,0x00,0x05,
0x00,0x00,0x00,0x11,0xFF,0xFF,0xFF,0xFB,0x00,0x00,0x00,0x00,0x00,0x00,0x00,0x6B,0x00,0x00,0x00,0x11,0x00,0x00,0x00,0x0E,
0x00,0x00,0x00,0x0E,0x00,0x00,0x00,0x11,0x00,0x00,0x00,0x00,0x00,0x00,0x00,0x00,0x00,0x00,0x00,0x6C,0x00,0x00,0x00,0x11,
0x00,0x00,0x00,0x07,0x00,0x00,0x00,0x07,0x00,0x00,0x00,0x11,0x00,0x00,0x00,0x00,0x00,0x00,0x00,0x00,0x00,0x00,0x00,0x6D,
0x00,0x00,0x00,0x0D,0x00,0x00,0x00,0x16,0x00,0x00,0x00,0x16,0x00,0x00,0x00,0x0D,0x00,0x00,0x00,0x00,0x00,0x00,0x00,0x00,
0x00,0x00,0x00,0x6E,0x00,0x00,0x00,0x0D,0x00,0x00,0x00,0x0F,0x00,0x00,0x00,0x0F,0x00,0x00,0x00,0x0D,0x00,0x00,0x00,0x00,
0x00,0x00,0x00,0x00,0x00,0x00,0x00,0x6F,0x00,0x00,0x00,0x0D,0x00,0x00,0x00,0x0F,0x00,0x00,0x00,0x0F,0x00,0x00,0x00,0x0D,
0x00,0x00,0x00,0x00,0x00,0x00,0x00,0x00,0x00,0x00,0x00,0x70,0x00,0x00,0x00,0x13,0x00,0x00,0x00,0x0F,0x00,0x00,0x00,0x0F,
0x00,0x00,0x00,0x0D,0x00,0x00,0x00,0x00,0x00,0x00,0x00,0x00,0x00,0x00,0x00,0x71,0x00,0x00,0x00,0x13,0x00,0x00,0x00,0x0F,
0x00,0x00,0x00,0x0F,0x00,0x00,0x00,0x0D,0x00,0x00,0x00,0x00,0x00,0x00,0x00,0x00,0x00,0x00,0x00,0x72,0x00,0x00,0x00,0x0D,
0x00,0x00,0x00,0x0C,0x00,0x00,0x00,0x0C,0x00,0x00,0x00,0x0D,0x00,0x00,0x00,0x00,0x00,0x00,0x00,0x00,0x00,0x00,0x00,0x73,
0x00,0x00,0x00,0x0D,0x00,0x00,0x00,0x0F,0x00,0x00,0x00,0x0F,0x00,0x00,0x00,0x0D,0x00,0x00,0x00,0x00,0x00,0x00,0x00,0x00,
0x00,0x00,0x00,0x74,0x00,0x00,0x00,0x11,0x00,0x00,0x00,0x0A,0x00,0x00,0x00,0x0A,0x00,0x00,0x00,0x11,0x00,0x00,0x00,0x00,
0x00,0x00,0x00,0x00,0x00,0x00,0x00,0x75,0x00,0x00,0x00,0x0D,0x00,0x00,0x00,0x0F,0x00,0x00,0x00,0x0F,0x00,0x00,0x00,0x0D,
0x00,0x00,0x00,0x00,0x00,0x00,0x00,0x00,0x00,0x00,0x00,0x76,0x00,0x00,0x00,0x0D,0x00,0x00,0x00,0x12,0x00,0x00,0x00,0x11,
0x00,0x00,0x00,0x0D,0x00,0x00,0x00,0x00,0x00,0x00,0x00,0x00,0x00,0x00,0x00,0x77,0x00,0x00,0x00,0x0D,0x00,0x00,0x00,0x17,
0x00,0x00,0x00,0x17,0x00,0x00,0x00,0x0D,0x00,0x00,0x00,0x00,0x00,0x00,0x00,0x00,0x00,0x00,0x00,0x78,0x00,0x00,0x00,0x0D,
0x00,0x00,0x00,0x0F,0x00,0x00,0x00,0x0F,0x00,0x00,0x00,0x0D,0x00,0x00,0x00,0x00,0x00,0x00,0x00,0x00,0x00,0x00,0x00,0x79,
0x00,0x00,0x00,0x12,0x00,0x00,0x00,0x0F,0x00,0x00,0x00,0x0F,0x00,0x00,0x00,0x0D,0x00,0x00,0x00,0x00,0x00,0x00,0x00,0x00,
0x00,0x00,0x00,0x7A,0x00,0x00,0x00,0x0D,0x00,0x00,0x00,0x0F,0x00,0x00,0x00,0x0F,0x00,0x00,0x00,0x0D,0x00,0x00,0x00,0x00,
0x00,0x00,0x00,0x00,0x00,0x00,0x00,0x7B,0x00,0x00,0x00,0x10,0x00,0x00,0x00,0x06,0x00,0x00,0x00,0x06,0x00,0x00,0x00,0x10,
0x00,0x00,0x00,0x00,0x00,0x00,0x00,0x00,0x00,0x00,0x00,0x7C,0x00,0x00,0x00,0x15,0x00,0x00,0x00,0x05,0x00,0x00,0x00,0x05,
0x00,0x00,0x00,0x12,0x00,0x00,0x00,0x00,0x00,0x00,0x00,0x00,0x00,0x00,0x00,0x7D,0x00,0x00,0x00,0x10,0x00,0x00,0x00,0x07,
0x00,0x00,0x00,0x06,0x00,0x00,0x00,0x10,0x00,0x00,0x00,0x00,0x00,0x00,0x00,0x00,0x00,0x00,0x00,0x7E,0x00,0x00,0x00,0x09,
0x00,0x00,0x00,0x09,0x00,0x00,0x00,0x09,0x00,0x00,0x00,0x09,0x00,0x00,0x00,0x00,0x00,0x00,0x00,0x00,0x00,0x9B,0xD8,0xD8,
0x57,0x00,0xB8,0xFF,0xFF,0x68,0x00,0xB8,0xFF,0xFF,0x68,0x00,0xB8,0xFF,0xFF,0x68,0x00,0xB8,0xFF,0xFF,0x68,0x00,0xB8,0xFF,
0xFF,0x68,0x00,0xB8,0xFF,0xFF,0x68,0x00,0xB8,0xFF,0xFF,0x68,0x00,0xB8,0xFF,0xFF,0x68,0x00,0xB8,0xFF,0xFF,0x68,0x00,0xB8,
0xFF,0xFF,0x68,0x00,0x6A,0x94,0x94,0x3C,0x00,0x19,0x24,0x24,0x0E,0x00,0xB8,0xFF,0xFF,0x68,0x00,0xB8,0xFF,0xFF,0x68,0x00,
0xB8,0xFF,0xFF,0x68,0x12,0x94,0x94,0x91,0x22,0x94,0x94,0x81,0x00,0x20,0xFF,0xFF,0xFC,0x3C,0xFF,0xFF,0xE0,0x00,0x20,0xFF,
0xFF,0xFC,0x3C,0xFF,0xFF,0xE0,0x00,0x20,0xFF,0xFF,0xFC,0x3C,0xFF,0xFF,0xE0,0x00,0x14,0xA4,0xA4,0xA1,0x26,0xA4,0xA4,0x8F,
0x00,0x00,0x00,0x00,0x00,0x00,0x00,0x00,0x00,0x00,0x00,0x00,0x00,0x00,0x00,0x00,0x00,0x00,0x00,0x00,0x00,0x00,0x00,0x00,
0x00,0x00,0x00,0x00,0x00,0x00,0x00,0x00,0x00,0x00,0x00,0x00,0x00,0x00,0x00,0x00,0x00,0x00,0x00,0x00,0x00,0x00,0x00,0x00,
0x00,0x00,0x00,0x00,0x00,0x00,0x00,0x00,0x00,0x00,0x00,0x00,0x00,0x00,0x00,0x00,0x00,0x00,0x00,0x00,0x00,0x00,0x00,0x00,
0x00,0x00,0x00,0x00,0x00,0x00,0x00,0x00,0x00,0x00,0x00,0x00,0x00,0x00,0x00,0x00,0x00,0x00,0x00,0x00,0x00,0x00,0x00,0x00,
0x00,0x00,0x00,0x00,0x00,0x00,0x00,0x00,0x00,0x00,0xAB,0xD8,0xD8,0x5A,0x00,0x00,0x2B,0xD8,0xD8,0xCF,0x07,0x00,0x00,0x00,
0x00,0x00,0x00,0x19,0xFE,0xFF,0xFE,0x1C,0x00,0x00,0x7F,0xFF,0xFF,0xAE,0x00,0x00,0x00,0x00,0x00,0x00,0x00,0x6C,0xFF,0xFF,
0xC3,0x00,0x00,0x00,0xD1,0xFF,0xFF,0x57,0x00,0x00,0x00,0x53,0x7C,0x7C,0x7C,0xD4,0xFF,0xFF,0xBF,0x7C,0x7C,0x83,0xFF,0xFF,
0xFF,0x87,0x47,0x00,0x00,0xAC,0xFF,0xFF,0xFF,0xFF,0xFF,0xFF,0xFF,0xFF,0xFF,0xFF,0xFF,0xFF,0xFF,0xFF,0x94,0x00,0x00,0xAC,
0xFF,0xFF,0xFF,0xFF,0xFF,0xFF,0xFF,0xFF,0xFF,0xFF,0xFF,0xFF,0xFF,0xFF,0x94,0x00,0x00,0x6E,0xA4,0xA4,0xEE,0xFF,0xFF,0xC6,
0xA4,0xA4,0xB7,0xFF,0xFF,0xFD,0xA4,0xA4,0x5E,0x00,0x00,0x00,0x00,0x0D,0xF8,0xFF,0xFF,0x29,0x00,0x00,0x6F,0xFF,0xFF,0xC0,
0x00,0x00,0x00,0x00,0x00,0x00,0x00,0x58,0xFF,0xFF,0xD8,0x00,0x00,0x00,0xC2,0xFF,0xFF,0x6D,0x00,0x00,0x00,0x00,0x31,0xA8,
0xA8,0xD8,0xFF,0xFF,0xDF,0xA8,0xA8,0xA8,0xFD,0xFF,0xFF,0xBA,0xA8,0x9D,0x00,0x00,0x4C,0xFF,0xFF,0xFF,0xFF,0xFF,0xFF,0xFF,
0xFF,0xFF,0xFF,0xFF,0xFF,0xFF,0xFF,0xF0,0x00,0x00,0x4C,0xFF,0xFF,0xFF,0xFF,0xFF,0xFF,0xFF,0xFF,0xFF,0xFF,0xFF,0xFF,0xFF,
0xFF,0xF0,0x00,0x00,0x24,0x7C,0xD0,0xFF,0xFF,0xBA,0x7C,0x7C,0x84,0xFF,0xFF,0xFF,0x84,0x7C,0x7C,0x74,0x00,0x00,0x00,0x00,
0xDE,0xFF,0xFF,0x41,0x00,0x00,0x4B,0xFF,0xFF,0xD8,0x00,0x00,0x00,0x00,0x00,0x00,0x00,0x2C,0xFF,0xFF,0xF3,0x05,0x00,0x00,
0x98,0xFF,0xFF,0x8E,0x00,0x00,0x00,0x00,0x00,0x00,0x00,0x79,0xFF,0xFF,0xB0,0x00,0x00,0x00,0xE4,0xFF,0xFF,0x44,0x00,0x00,
0x00,0x00,0x00,0x00,0x00,0x00,0x00,0x00,0x00,0x00,0x00,0x0C,0x0C,0x0C,0x01,0x00,0x00,0x00,0x00,0x00,0x00,0x00,0x00,0x00,
0x00,0x00,0x00,0x00,0xFF,0xFF,0xFF,0x20,0x00,0x00,0x00,0x00,0x00,0x00,0x00,0x00,0x00,0x00,0x00,0x00,0x00,0xFF,0xFF,0xFF,
0x20,0x00,0x00,0x00,0x00,0x00,0x00,0x00,0x06,0x7F,0xCB,0xD8,0xD8,0xD8,0xFF,0xFF,0xFF,0xDD,0xD8,0xD8,0xCD,0x8B,0x0C,0x00,
0x00,0xAA,0xFF,0xFF,0xFF,0xFF,0xFF,0xFF,0xFF,0xFF,0xFF,0xFF,0xFF,0xFF,0xFF,0xC1,0x00,0x1F,0xFF,0xFF,0xFF,0xFF,0xFF,0xFF,
0xFF,0xFF,0xFF,0xFF,0xFF,0xFF,0xFF,0xFF,0xFF,0x37,0x3E,0xFF,0xFF,0xEA,0x4C,0x4C,0x51,0xFF,0xFF,0xFF,0x62,0x4C,0x4C,0xDA,
0xFF,0xFF,0x56,0x40,0xFF,0xFF,0xE0,0x00,0x00,0x08,0xFF,0xFF,0xFF,0x20,0x00,0x00,0x79,0x9C,0x9C,0x35,0x40,0xFF,0xFF,0xE0,
0x00,0x00,0x08,0xFF,0xFF,0xFF,0x20,0x00,0x00,0x00,0x00,0x00,0x00,0x3C,0xFF,0xFF,0xEE,0x6C,0x6C,0x70,0xFF,0xFF,0xFF,0x7E,
0x6C,0x6C,0x61,0x20,0x00,0x00,0x17,0xFD,0xFF,0xFF,0xFF,0xFF,0xFF,0xFF,0xFF,0xFF,0xFF,0xFF,0xFF,0xFF,0xFB,0x64,0x00,0x00,
0x90,0xFF,0xFF,0xFF,0xFF,0xFF,0xFF,0xFF,0xFF,0xFF,0xFF,0xFF,0xFF,0xFF,0xFA,0x1B,0x00,0x00,0x5D,0xAA,0xB8,0xB8,0xBA,0xFF,
0xFF,0xFF,0xBD,0xB4,0xB4,0xF0,0xFF,0xFF,0x54,0x00,0x00,0x00,0x00,0x00,0x00,0x08,0xFF,0xFF,0xFF,0x20,0x00,0x00,0xC8,0xFF,
0xFF,0x5C,0x1C,0x70,0x70,0x62,0x00,0x00,0x08,0xFF,0xFF,0xFF,0x20,0x00,0x00,0xC8,0xFF,0xFF,0x5C,0x3F,0xFF,0xFF,0xE5,0x20,
0x20,0x27,0xFF,0xFF,0xFF,0x3C,0x21,0x22,0xD1,0xFF,0xFF,0x5B,0x27,0xFF,0xFF,0xFF,0xFF,0xFF,0xFF,0xFF,0xFF,0xFF,0xFF,0xFF,
0xFF,0xFF,0xFF,0xFF,0x41,0x00,0xC1,0xFF,0xFF,0xFF,0xFF,0xFF,0xFF,0xFF,0xFF,0xFF,0xFF,0xFF,0xFF,0xFF,0xD4,0x03,0x00,0x14,
0xA7,0xF3,0xFF,0xFF,0xFF,0xFF,0xFF,0xFF,0xFF,0xFF,0xFF,0xF5,0xB1,0x1C,0x00,0x00,0x00,0x00,0x00,0x00,0x00,0x00,0xFF,0xFF,
0xFF,0x20,0x00,0x00,0x00,0x00,0x00,0x00,0x00,0x00,0x00,0x00,0x00,0x00,0x00,0xFF,0xFF,0xFF,0x20,0x00,0x00,0x00,0x00,0x00,
0x00,0x00,0x00,0x00,0x00,0x00,0x00,0x00,0x34,0x34,0x34,0x06,0x00,0x00,0x00,0x00,0x00,0x00,0x00,0x00,0x49,0x9F,0xB0,0xAF,
0x97,0x32,0x00,0x00,0x00,0x00,0x00,0x00,0x00,0x00,0x0C,0xA6,0x79,0x00,0x00,0x00,0x61,0xFF,0xFF,0xFF,0xFF,0xFF,0xFA,0x39,
0x00,0x00,0x00,0x00,0x00,0x00,0x1C,0xD0,0xFF,0x94,0x00,0x00,0x00,0xD4,0xFF,0xFE,0xDE,0xE4,0xFF,0xFF,0xA7,0x00,0x00,0x00,
0x00,0x00,0x32,0xE5,0xFF,0xFF,0x94,0x00,0x00,0x00,0xEF,0xFF,0xA3,0x00,0x00,0xD4,0xFF,0xC3,0x00,0x00,0x00,0x00,0x4F,0xF4,
0xFF,0xFF,0xFF,0x67,0x00,0x00,0x00,0xEF,0xFF,0x9E,0x00,0x00,0xCF,0xFF,0xC3,0x00,0x00,0x00,0x72,0xFD,0xFF,0xFF,0xFA,0x60,
0x00,0x00,0x00,0x00,0xD9,0xFF,0xF8,0xC2,0xC8,0xFF,0xFF,0xAC,0x00,0x04,0x97,0xFF,0xFF,0xFF,0xEE,0x41,0x00,0x00,0x00,0x00,
0x00,0x73,0xFF,0xFF,0xFF,0xFF,0xFF,0xFE,0x48,0x0E,0xB9,0xFF,0xFF,0xFF,0xDC,0x27,0x00,0x00,0x00,0x00,0x00,0x00,0x00,0x65,
0xBC,0xCC,0xCB,0xB3,0x49,0x1F,0xD4,0xFF,0xFF,0xFF,0xC4,0x14,0x00,0x00,0x00,0x00,0x00,0x00,0x00,0x00,0x00,0x00,0x00,0x00,
0x00,0x37,0xE8,0xFF,0xFF,0xFF,0xA6,0x26,0x86,0xA6,0xA8,0x9C,0x50,0x00,0x00,0x00,0x00,0x00,0x00,0x00,0x00,0x54,0xF6,0xFF,
0xFF,0xFF,0x82,0x1E,0xEC,0xFF,0xFF,0xFF,0xFF,0xFF,0x7A,0x00,0x00,0x00,0x00,0x00,0x00,0x78,0xFE,0xFF,0xFF,0xF9,0x5D,0x00,
0x82,0xFF,0xFF,0xEC,0xE0,0xFD,0xFF,0xF2,0x02,0x00,0x00,0x00,0x05,0x9D,0xFF,0xFF,0xFF,0xED,0x3E,0x00,0x00,0x9F,0xFF,0xF4,
0x05,0x00,0x86,0xFF,0xFF,0x12,0x00,0x00,0x03,0xBE,0xFF,0xFF,0xFF,0xDB,0x26,0x00,0x00,0x00,0x9F,0xFF,0xF0,0x00,0x00,0x7D,
0xFF,0xFF,0x13,0x00,0x00,0x0C,0xFF,0xFF,0xFF,0xC2,0x13,0x00,0x00,0x00,0x00,0x8B,0xFF,0xFF,0xC3,0xB4,0xEE,0xFF,0xF9,0x04,
0x00,0x00,0x0C,0xFF,0xFF,0xA4,0x07,0x00,0x00,0x00,0x00,0x00,0x2E,0xF9,0xFF,0xFF,0xFF,0xFF,0xFF,0x98,0x00,0x00,0x00,0x0C,
0xF9,0x80,0x00,0x00,0x00,0x00,0x00,0x00,0x00,0x00,0x3C,0xB2,0xD2,0xD4,0xC8,0x7C,0x05,0x00,0x00,0x00,0x00,0x57,0xB9,0xCF,
0xD0,0xD0,0xD0,0xD0,0xD0,0xD0,0xD0,0xC0,0x62,0x00,0x00,0x00,0x00,0x00,0x00,0x00,0x00,0x69,0xFF,0xFF,0xFF,0xFF,0xFF,0xFF,
0xFF,0xFF,0xFF,0xFF,0xFF,0xFF,0x8A,0x00,0x00,0x00,0x00,0x00,0x00,0x00,0xE2,0xFF,0xFF,0xFF,0xFF,0xFF,0xFF,0xFF,0xFF,0xFF,
0xFF,0xFF,0xFF,0xFD,0x14,0x00,0x00,0x00,0x00,0x00,0x03,0xFF,0xFF,0xFF,0x6B,0x58,0x58,0x58,0x58,0x58,0x58,0x58,0xFD,0xFF,
0xFF,0x28,0x00,0x00,0x00,0x00,0x00,0x04,0xFF,0xFF,0xFF,0x1C,0x00,0x00,0x00,0x00,0x00,0x00,0x00,0x91,0x94,0x94,0x17,0x00,
0x00,0x00,0x00,0x00,0x02,0xFF,0xFF,0xFF,0x1C,0x00,0x00,0x00,0x00,0x00,0x00,0x00,0x00,0x00,0x00,0x00,0x00,0x00,0x00,0x00,
0x00,0x00,0xDE,0xFF,0xFF,0xD6,0x59,0x02,0x00,0x00,0x00,0x00,0x00,0x00,0x00,0x00,0x00,0x00,0x00,0x00,0x00,0x00,0x4E,0xF9,
0xFF,0xFF,0xFF,0xFF,0xD6,0x58,0x02,0x00,0x00,0x00,0x00,0x00,0x00,0x00,0x00,0x00,0x00,0x00,0x00,0xC8,0xFF,0xFF,0xF3,0xFF,
0xFF,0xFF,0xFF,0xD5,0x57,0x02,0x00,0x5C,0xFF,0xFF,0xC4,0x00,0x00,0x00,0x00,0x00,0xD4,0xFF,0xFF,0x4F,0x53,0xD2,0xFF,0xFF,
0xFF,0xFF,0xD4,0x56,0x5D,0xFF,0xFF,0xC4,0x00,0x00,0x00,0x00,0x00,0xD4,0xFF,0xFF,0x4C,0x00,0x01,0x56,0xD5,0xFF,0xFF,0xFF,
0xFF,0xF1,0xFF,0xFF,0xC4,0x00,0x00,0x00,0x00,0x00,0xD4,0xFF,0xFF,0x4C,0x00,0x00,0x00,0x02,0x58,0xD7,0xFF,0xFF,0xFF,0xFF,
0xFF,0xDA,0x13,0x00,0x00,0x00,0x00,0xD3,0xFF,0xFF,0x66,0x24,0x24,0x24,0x24,0x24,0x26,0x82,0xF8,0xFF,0xFF,0xFF,0xFF,0xED,
0x69,0x02,0x00,0x00,0xBD,0xFF,0xFF,0xFF,0xFF,0xFF,0xFF,0xFF,0xFF,0xFF,0xFF,0xFF,0xFF,0xFF,0xFF,0xFF,0xFF,0xFF,0x5A,0x00,
0x00,0x57,0xFF,0xFF,0xFF,0xFF,0xFF,0xFF,0xFF,0xFF,0xFF,0xFF,0xFF,0xFF,0xFF,0xFD,0xB9,0xFF,0xFF,0x5C,0x00,0x00,0x00,0x64,
0xDE,0xFE,0xFF,0xFF,0xFF,0xFF,0xFF,0xFF,0xFF,0xFF,0xFE,0xD7,0x52,0x00,0x3A,0xCA,0x5C,0x00,0x00,0x00,0x00,0x00,0x00,0x00,
0x00,0x00,0x00,0x00,0x00,0x00,0x00,0x00,0x00,0x00,0x00,0x00,0x01,0x10,0x00,0x00,0x68,0x94,0x94,0x40,0x00,0xB4,0xFF,0xFF,
0x70,0x00,0xB4,0xFF,0xFF,0x70,0x00,0xB4,0xFF,0xFF,0x70,0x00,0x76,0xA8,0xA8,0x49,0x00,0x00,0x00,0x00,0x00,0x00,0x00,0x00,
0x00,0x00,0x00,0x00,0x00,0x00,0x00,0x00,0x00,0x00,0x00,0x00,0x00,0x00,0x00,0x00,0x00,0x00,0x00,0x00,0x00,0x00,0x00,0x00,
0x00,0x00,0x00,0x00,0x00,0x00,0x00,0x00,0x00,0x00,0x00,0x00,0x00,0x00,0x00,0x00,0x00,0x00,0x00,0x00,0x00,0x00,0x00,0x00,
0x00,0x44,0xB7,0xD6,0x80,0x00,0x45,0xFD,0xFF,0xFF,0x98,0x00,0xBB,0xFF,0xFF,0xFF,0x98,0x00,0xDA,0xFF,0xFF,0x7F,0x2D,0x00,
0xDC,0xFF,0xFF,0x48,0x00,0x00,0xDC,0xFF,0xFF,0x48,0x00,0x00,0xDC,0xFF,0xFF,0x48,0x00,0x00,0xDC,0xFF,0xFF,0x48,0x00,0x00,
0xDC,0xFF,0xFF,0x48,0x00,0x00,0xDC,0xFF,0xFF,0x48,0x00,0x00,0xDC,0xFF,0xFF,0x48,0x00,0x00,0xDC,0xFF,0xFF,0x48,0x00,0x00,
0xDB,0xFF,0xFF,0x62,0x15,0x00,0xC4,0xFF,0xFF,0xFF,0x98,0x00,0x5B,0xFF,0xFF,0xFF,0x98,0x00,0x00,0x68,0xE0,0xFF,0x98,0x00,
0xA5,0xD4,0xAA,0x2C,0x00,0x00,0xC4,0xFF,0xFF,0xF2,0x24,0x00,0xC4,0xFF,0xFF,0xFF,0x8E,0x00,0x3A,0xA1,0xFF,0xFF,0xAE,0x00,
0x00,0x78,0xFF,0xFF,0xB0,0x00,0x00,0x78,0xFF,0xFF,0xB0,0x00,0x00,0x78,0xFF,0xFF,0xB0,0x00,0x00,0x78,0xFF,0xFF,0xB0,0x00,
0x00,0x78,0xFF,0xFF,0xB0,0x00,0x00,0x78,0xFF,0xFF,0xB0,0x00,0x00,0x78,0xFF,0xFF,0xB0,0x00,0x00,0x78,0xFF,0xFF,0xB0,0x00,
0x1B,0x8C,0xFF,0xFF,0xAF,0x00,0xC4,0xFF,0xFF,0xFF,0x97,0x00,0xC4,0xFF,0xFF,0xFB,0x33,0x00,0xC4,0xFD,0xD2,0x49,0x00,0x00,
0x00,0x00,0x00,0x8F,0x94,0x94,0x1B,0x00,0x00,0x00,0x00,0x00,0x00,0x00,0xF8,0xFF,0xFF,0x30,0x00,0x00,0x00,0x00,0x69,0x69,
0x16,0xF8,0xFF,0xFF,0x3C,0x57,0x8A,0x00,0x00,0xE1,0xFF,0xFC,0xFF,0xFF,0xFF,0xFC,0xFF,0xFF,0x1E,0x34,0xFF,0xFF,0xFF,0xFF,
0xFF,0xFF,0xFF,0xFF,0xFF,0x6F,0x26,0x97,0xE6,0xFF,0xFF,0xFF,0xFF,0xFF,0xF3,0xAA,0x41,0x00,0x00,0x3E,0xFE,0xFF,0xFF,0xFF,
0xFF,0x78,0x00,0x00,0x00,0x12,0xE2,0xFF,0xFF,0xFF,0xFF,0xFF,0xFA,0x36,0x00,0x00,0x30,0xE3,0xFF,0xFB,0x4B,0xE5,0xFF,0xF6,
0x59,0x00,0x00,0x00,0x11,0xAC,0x79,0x00,0x3D,0xD1,0x2C,0x00,0x00,0x00,0x00,0x00,0x00,0x01,0x00,0x00,0x01,0x00,0x00,0x00,
0x00,0x00,0x00,0x00,0x00,0x00,0x00,0x00,0x00,0x00,0x00,0x00,0x00,0x00,0x00,0x00,0x00,0x00,0x00,0x00,0x00,0x00,0x00,0x00,
0x00,0x00,0x00,0x00,0x00,0x00,0x00,0x00,0x00,0x00,0x00,0x00,0x00,0x00,0x00,0x00,0x00,0x00,0x00,0x00,0x00,0x00,0x00,0x00,
0x00,0x00,0x00,0x00,0x00,0x00,0x00,0x00,0x00,0x00,0x05,0x08,0x08,0x03,0x00,0x00,0x00,0x00,0x00,0x00,0xB0,0xFF,0xFF,0x70,
0x00,0x00,0x00,0x00,0x00,0x00,0xB0,0xFF,0xFF,0x70,0x00,0x00,0x00,0x0A,0x10,0x10,0xB5,0xFF,0xFF,0x79,0x10,0x10,0x07,0xA0,
0xFF,0xFF,0xFF,0xFF,0xFF,0xFF,0xFF,0xFF,0x74,0xA0,0xFF,0xFF,0xFF,0xFF,0xFF,0xFF,0xFF,0xFF,0x74,0xA0,0xFF,0xFF,0xFF,0xFF,
0xFF,0xFF,0xFF,0xFF,0x74,0x0A,0x10,0x10,0xB5,0xFF,0xFF,0x79,0x10,0x10,0x07,0x00,0x00,0x00,0xB0,0xFF,0xFF,0x70,0x00,0x00,
0x00,0x00,0x00,0x00,0xB0,0xFF,0xFF,0x70,0x00,0x00,0x00,0x00,0x00,0x00,0x0B,0x10,0x10,0x07,0x00,0x00,0x00,0x00,0x00,0x00,
0x00,0x00,0x00,0x00,0x00,0x00,0x00,0x00,0xBF,0xEC,0xEC,0x4D,0x00,0xD0,0xFF,0xFF,0x54,0x00,0xD0,0xFF,0xFF,0x52,0x00,0xD0,
0xFF,0xFF,0x2D,0x00,0xD0,0xFF,0xA1,0x00,0x00,0xA8,0x6F,0x02,0x00,0x00,0x0B,0x10,0x10,0x10,0x10,0x10,0x10,0x10,0x10,0x06,
0x00,0xB4,0xFF,0xFF,0xFF,0xFF,0xFF,0xFF,0xFF,0xFF,0x64,0x00,0xB4,0xFF,0xFF,0xFF,0xFF,0xFF,0xFF,0xFF,0xFF,0x64,0x00,0xB4,
0xFF,0xFF,0xFF,0xFF,0xFF,0xFF,0xFF,0xFF,0x64,0x00,0x0B,0x10,0x10,0x10,0x10,0x10,0x10,0x10,0x10,0x06,0x00,0x00,0x00,0x00,
0x00,0x00,0x00,0x00,0x00,0x00,0x00,0x00,0x00,0x00,0x00,0x00,0x00,0x00,0x00,0x00,0x00,0x00,0x00,0x00,0x00,0x00,0x00,0x00,
0x00,0x00,0x00,0x00,0x00,0x00,0x00,0x00,0x00,0x00,0x00,0x00,0x00,0x00,0x00,0x00,0x00,0x1D,0x24,0x24,0x0B,0x00,0xD0,0xFF,
0xFF,0x54,0x00,0xD0,0xFF,0xFF,0x54,0x00,0xD0,0xFF,0xFF,0x54,0x00,0x00,0x00,0x00,0x00,0x00,0x00,0x00,0x00,0x0B,0xB9,0x60,
0x00,0x00,0x00,0x00,0x00,0x00,0x00,0x00,0x01,0xAD,0xFF,0x74,0x00,0x00,0x00,0x00,0x00,0x00,0x00,0x00,0x80,0xFF,0xFF,0x74,
0x00,0x00,0x00,0x00,0x00,0x00,0x00,0x52,0xFE,0xFF,0xFF,0x4D,0x00,0x00,0x00,0x00,0x00,0x00,0x2D,0xF4,0xFF,0xFF,0x8B,0x00,
0x00,0x00,0x00,0x00,0x00,0x14,0xDF,0xFF,0xFF,0xB7,0x03,0x00,0x00,0x00,0x00,0x00,0x04,0xBF,0xFF,0xFF,0xD9,0x10,0x00,0x00,
0x00,0x00,0x00,0x00,0x96,0xFF,0xFF,0xF1,0x28,0x00,0x00,0x00,0x00,0x00,0x00,0x66,0xFF,0xFF,0xFD,0x4A,0x00,0x00,0x00,0x00,
0x00,0x00,0x3D,0xFA,0xFF,0xFF,0x77,0x00,0x00,0x00,0x00,0x00,0x00,0x1E,0xEA,0xFF,0xFF,0xA6,0x00,0x00,0x00,0x00,0x00,0x00,
0x0A,0xCF,0xFF,0xFF,0xCC,0x09,0x00,0x00,0x00,0x00,0x00,0x00,0xA5,0xFF,0xFF,0xE8,0x1C,0x00,0x00,0x00,0x00,0x00,0x00,0x00,
0xE0,0xFF,0xF9,0x3A,0x00,0x00,0x00,0x00,0x00,0x00,0x00,0x00,0xE0,0xFF,0x63,0x00,0x00,0x00,0x00,0x00,0x00,0x00,0x00,0x00,
0xDD,0x90,0x00,0x00,0x00,0x00,0x00,0x00,0x00,0x00,0x00,0x00,0x00,0x00,0x2F,0xAC,0xD5,0xD8,0xD8,0xD8,0xD8,0xD8,0xD8,0xD8,
0xD8,0xD6,0xB6,0x3E,0x00,0x00,0x00,0x28,0xF4,0xFF,0xFF,0xFF,0xFF,0xFF,0xFF,0xFF,0xFF,0xFF,0xFF,0xFF,0xFF,0xFB,0x3D,0x00,
0x00,0x9A,0xFF,0xFF,0xFF,0xFF,0xFF,0xFF,0xFF,0xFF,0xFF,0xFF,0xFF,0xFF,0xFF,0xFF,0xB8,0x00,0x00,0xBE,0xFF,0xFF,0x9F,0x60,
0x60,0x60,0x60,0x60,0x60,0x83,0xFC,0xFF,0xFF,0xFF,0xDD,0x00,0x00,0xC0,0xFF,0xFF,0x64,0x00,0x00,0x00,0x00,0x00,0x40,0xEC,
0xFF,0xFF,0xFF,0xFF,0xE0,0x00,0x00,0xC0,0xFF,0xFF,0x64,0x00,0x00,0x00,0x00,0x64,0xFA,0xFF,0xFF,0xFF,0xFF,0xFF,0xE0,0x00,
0x00,0xC0,0xFF,0xFF,0x64,0x00,0x00,0x02,0x8E,0xFF,0xFF,0xFF,0xF9,0x9E,0xFF,0xFF,0xE0,0x00,0x00,0xC0,0xFF,0xFF,0x64,0x00,
0x0E,0xB5,0xFF,0xFF,0xFF,0xE9,0x3B,0x44,0xFF,0xFF,0xE0,0x00,0x00,0xC0,0xFF,0xFF,0x64,0x21,0xD4,0xFF,0xFF,0xFF,0xD2,0x1F,
0x00,0x44,0xFF,0xFF,0xE0,0x00,0x00,0xC0,0xFF,0xFF,0x9F,0xEB,0xFF,0xFF,0xFF,0xB2,0x0D,0x00,0x00,0x44,0xFF,0xFF,0xE0,0x00,
0x00,0xC0,0xFF,0xFF,0xFF,0xFF,0xFF,0xFF,0x8C,0x02,0x00,0x00,0x00,0x44,0xFF,0xFF,0xE0,0x00,0x00,0xC0,0xFF,0xFF,0xFF,0xFF,
0xF9,0x61,0x00,0x00,0x00,0x00,0x00,0x44,0xFF,0xFF,0xE0,0x00,0x00,0xBE,0xFF,0xFF,0xFF,0xFF,0x91,0x54,0x54,0x54,0x54,0x54,
0x54,0x82,0xFF,0xFF,0xDE,0x00,0x00,0x9E,0xFF,0xFF,0xFF,0xFF,0xFF,0xFF,0xFF,0xFF,0xFF,0xFF,0xFF,0xFF,0xFF,0xFF,0xBC,0x00,
0x00,0x30,0xF9,0xFF,0xFF,0xFF,0xFF,0xFF,0xFF,0xFF,0xFF,0xFF,0xFF,0xFF,0xFF,0xFF,0x47,0x00,0x00,0x00,0x45,0xD2,0xFD,0xFF,
0xFF,0xFF,0xFF,0xFF,0xFF,0xFF,0xFF,0xFE,0xDC,0x58,0x00,0x00,0x00,0x00,0x00,0x00,0x56,0xD8,0xD8,0xD8,0x40,0x00,0x00,0x00,
0x36,0xF6,0xFF,0xFF,0xFF,0x4C,0x00,0x00,0x1D,0xE7,0xFF,0xFF,0xFF,0xFF,0x4C,0x00,0x0B,0xCF,0xFF,0xFF,0xFF,0xFF,0xFF,0x4C,
0x02,0xB0,0xFF,0xFF,0xFF,0xFC,0xFF,0xFF,0x4C,0x8A,0xFF,0xFF,0xFF,0x9B,0xD8,0xFF,0xFF,0x4C,0x07,0x08,0x08,0x08,0x01,0xD8,
0xFF,0xFF,0x4C,0x00,0x00,0x00,0x00,0x00,0xD8,0xFF,0xFF,0x4C,0x00,0x00,0x00,0x00,0x00,0xD8,0xFF,0xFF,0x4C,0x00,0x00,0x00,
0x00,0x00,0xD8,0xFF,0xFF,0x4C,0x00,0x00,0x00,0x00,0x00,0xD8,0xFF,0xFF,0x4C,0x00,0x00,0x00,0x00,0x00,0xD8,0xFF,0xFF,0x4C,
0x00,0x00,0x00,0x00,0x00,0xD8,0xFF,0xFF,0x4C,0x00,0x00,0x00,0x00,0x00,0xD8,0xFF,0xFF,0x4C,0x00,0x00,0x00,0x00,0x00,0xD8,
0xFF,0xFF,0x4C,0x00,0x00,0x00,0x00,0x00,0xD8,0xFF,0xFF,0x4C,0x00,0x00,0x33,0xAF,0xD5,0xD8,0xD8,0xD8,0xD8,0xD8,0xD8,0xD8,
0xD8,0xD6,0xB7,0x42,0x00,0x00,0x00,0x2F,0xF7,0xFF,0xFF,0xFF,0xFF,0xFF,0xFF,0xFF,0xFF,0xFF,0xFF,0xFF,0xFF,0xFD,0x45,0x00,
0x00,0x9F,0xFF,0xFF,0xFF,0xFF,0xFF,0xFF,0xFF,0xFF,0xFF,0xFF,0xFF,0xFF,0xFF,0xFF,0xBD,0x00,0x00,0xBE,0xFF,0xFF,0x93,0x4C,
0x4C,0x4C,0x4C,0x4C,0x4C,0x4C,0x4C,0x7D,0xFF,0xFF,0xDE,0x00,0x00,0x72,0x98,0x98,0x3B,0x00,0x00,0x00,0x00,0x00,0x00,0x00,
0x00,0x44,0xFF,0xFF,0xE0,0x00,0x00,0x00,0x00,0x00,0x00,0x00,0x00,0x00,0x00,0x00,0x00,0x00,0x00,0x44,0xFF,0xFF,0xE0,0x00,
0x00,0x00,0x00,0x13,0x35,0x38,0x38,0x38,0x38,0x38,0x38,0x38,0x38,0x6E,0xFF,0xFF,0xDF,0x00,0x00,0x00,0x8C,0xFB,0xFF,0xFF,
0xFF,0xFF,0xFF,0xFF,0xFF,0xFF,0xFF,0xFF,0xFF,0xFF,0xC2,0x00,0x00,0x63,0xFF,0xFF,0xFF,0xFF,0xFF,0xFF,0xFF,0xFF,0xFF,0xFF,
0xFF,0xFF,0xFF,0xFF,0x51,0x00,0x00,0xB3,0xFF,0xFF,0xF7,0xF0,0xF0,0xF0,0xF0,0xF0,0xF0,0xF0,0xF0,0xEF,0xCF,0x57,0x00,0x00,
0x00,0xC0,0xFF,0xFF,0x64,0x00,0x00,0x00,0x00,0x00,0x00,0x00,0x00,0x00,0x00,0x00,0x00,0x00,0x00,0xC0,0xFF,0xFF,0x64,0x00,
0x00,0x00,0x00,0x00,0x00,0x00,0x00,0x00,0x00,0x00,0x00,0x00,0x00,0xC0,0xFF,0xFF,0x7A,0x24,0x24,0x24,0x24,0x24,0x24,0x24,
0x24,0x24,0x24,0x24,0x1F,0x00,0x00,0xC0,0xFF,0xFF,0xFF,0xFF,0xFF,0xFF,0xFF,0xFF,0xFF,0xFF,0xFF,0xFF,0xFF,0xFF,0xE0,0x00,
0x00,0xC0,0xFF,0xFF,0xFF,0xFF,0xFF,0xFF,0xFF,0xFF,0xFF,0xFF,0xFF,0xFF,0xFF,0xFF,0xE0,0x00,0x00,0xC0,0xFF,0xFF,0xFF,0xFF,
0xFF,0xFF,0xFF,0xFF,0xFF,0xFF,0xFF,0xFF,0xFF,0xFF,0xE0,0x00,0x00,0x00,0x3F,0xB5,0xD6,0xD8,0xD8,0xD8,0xD8,0xD8,0xD8,0xD8,
0xD8,0xC9,0x74,0x03,0x00,0x00,0x00,0x3E,0xFC,0xFF,0xFF,0xFF,0xFF,0xFF,0xFF,0xFF,0xFF,0xFF,0xFF,0xFF,0xFF,0x94,0x00,0x00,
0x00,0xB3,0xFF,0xFF,0xFF,0xFF,0xFF,0xFF,0xFF,0xFF,0xFF,0xFF,0xFF,0xFF,0xFF,0xFB,0x0F,0x00,0x00,0xD2,0xFF,0xFF,0x82,0x4C,
0x4C,0x4C,0x4C,0x4C,0x4C,0x4C,0x4C,0xF8,0xFF,0xFF,0x2A,0x00,0x00,0x77,0x90,0x90,0x2A,0x00,0x00,0x00,0x00,0x00,0x00,0x00,
0x00,0xF4,0xFF,0xFF,0x2C,0x00,0x00,0x00,0x00,0x00,0x00,0x00,0x00,0x00,0x00,0x00,0x00,0x00,0x00,0xF4,0xFF,0xFF,0x2C,0x00,
0x00,0x00,0x00,0x18,0x90,0x90,0x90,0x90,0x90,0x90,0x90,0x90,0x90,0xFB,0xFF,0xFF,0x28,0x00,0x00,0x00,0x00,0x2C,0xFF,0xFF,
0xFF,0xFF,0xFF,0xFF,0xFF,0xFF,0xFF,0xFF,0xFF,0xFF,0x20,0x00,0x00,0x00,0x00,0x2C,0xFF,0xFF,0xFF,0xFF,0xFF,0xFF,0xFF,0xFF,
0xFF,0xFF,0xFF,0xFF,0x8B,0x00,0x00,0x00,0x00,0x19,0x94,0x94,0x94,0x94,0x94,0x94,0x94,0x94,0x94,0xBA,0xFF,0xFF,0xC0,0x00,
0x00,0x00,0x00,0x00,0x00,0x00,0x00,0x00,0x00,0x00,0x00,0x00,0x00,0x58,0xFF,0xFF,0xC8,0x00,0x00,0x2E,0x38,0x38,0x10,0x00,
0x00,0x00,0x00,0x00,0x00,0x00,0x00,0x58,0xFF,0xFF,0xC8,0x00,0x00,0xD3,0xFF,0xFF,0x66,0x24,0x24,0x24,0x24,0x24,0x24,0x24,
0x24,0x70,0xFF,0xFF,0xC7,0x00,0x00,0xBC,0xFF,0xFF,0xFF,0xFF,0xFF,0xFF,0xFF,0xFF,0xFF,0xFF,0xFF,0xFF,0xFF,0xFF,0xAF,0x00,
0x00,0x53,0xFF,0xFF,0xFF,0xFF,0xFF,0xFF,0xFF,0xFF,0xFF,0xFF,0xFF,0xFF,0xFF,0xFF,0x48,0x00,0x00,0x00,0x63,0xDD,0xFE,0xFF,
0xFF,0xFF,0xFF,0xFF,0xFF,0xFF,0xFF,0xFE,0xDB,0x5B,0x00,0x00,0x00,0x00,0x00,0x00,0x00,0x00,0x00,0x00,0x00,0x4E,0xD6,0xD8,
0xD4,0x00,0x00,0x00,0x00,0x00,0x00,0x00,0x00,0x00,0x00,0x00,0x64,0xFC,0xFF,0xFF,0xFC,0x00,0x00,0x00,0x00,0x00,0x00,0x00,
0x00,0x00,0x00,0x7C,0xFF,0xFF,0xFF,0xFF,0xFC,0x00,0x00,0x00,0x00,0x00,0x00,0x00,0x00,0x02,0x95,0xFF,0xFF,0xFF,0xFF,0xFF,
0xFC,0x00,0x00,0x00,0x00,0x00,0x00,0x00,0x07,0xAB,0xFF,0xFF,0xFF,0xFF,0xFF,0xFF,0xFC,0x00,0x00,0x00,0x00,0x00,0x00,0x0F,
0xBF,0xFF,0xFF,0xFF,0xF1,0x73,0xFF,0xFF,0xFC,0x00,0x00,0x00,0x00,0x00,0x19,0xD0,0xFF,0xFF,0xFF,0xDD,0x2A,0x28,0xFF,0xFF,
0xFC,0x00,0x00,0x00,0x00,0x26,0xDF,0xFF,0xFF,0xFF,0xBF,0x13,0x00,0x28,0xFF,0xFF,0xFC,0x00,0x00,0x00,0x36,0xEB,0xFF,0xFF,
0xFF,0xB2,0x21,0x1C,0x1C,0x3F,0xFF,0xFF,0xFC,0x1C,0x1C,0x03,0xDB,0xFF,0xFF,0xFF,0xFF,0xFF,0xFF,0xFF,0xFF,0xFF,0xFF,0xFF,
0xFF,0xFF,0xFF,0x24,0xE0,0xFF,0xFF,0xFF,0xFF,0xFF,0xFF,0xFF,0xFF,0xFF,0xFF,0xFF,0xFF,0xFF,0xFF,0x24,0xE0,0xFF,0xFF,0xFF,
0xFF,0xFF,0xFF,0xFF,0xFF,0xFF,0xFF,0xFF,0xFF,0xFF,0xFF,0x24,0x07,0x08,0x08,0x08,0x08,0x08,0x08,0x08,0x08,0x2E,0xFF,0xFF,
0xFC,0x08,0x08,0x01,0x00,0x00,0x00,0x00,0x00,0x00,0x00,0x00,0x00,0x28,0xFF,0xFF,0xFC,0x00,0x00,0x00,0x00,0x00,0x00,0x00,
0x00,0x00,0x00,0x00,0x00,0x28,0xFF,0xFF,0xFC,0x00,0x00,0x00,0x00,0x00,0x00,0x00,0x00,0x00,0x00,0x00,0x00,0x28,0xFF,0xFF,
0xFC,0x00,0x00,0x00,0x00,0xA2,0xD8,0xD8,0xD8,0xD8,0xD8,0xD8,0xD8,0xD8,0xD8,0xD8,0xD8,0xD8,0xD8,0xD8,0xBD,0x00,0x00,0xC0,
0xFF,0xFF,0xFF,0xFF,0xFF,0xFF,0xFF,0xFF,0xFF,0xFF,0xFF,0xFF,0xFF,0xFF,0xE0,0x00,0x00,0xC0,0xFF,0xFF,0xFF,0xFF,0xFF,0xFF,
0xFF,0xFF,0xFF,0xFF,0xFF,0xFF,0xFF,0xFF,0xE0,0x00,0x00,0xC0,0xFF,0xFF,0x93,0x4C,0x4C,0x4C,0x4C,0x4C,0x4C,0x4C,0x4C,0x4C,
0x4C,0x4C,0x42,0x00,0x00,0xC0,0xFF,0xFF,0x64,0x00,0x00,0x00,0x00,0x00,0x00,0x00,0x00,0x00,0x00,0x00,0x00,0x00,0x00,0xC0,
0xFF,0xFF,0x64,0x00,0x00,0x00,0x00,0x00,0x00,0x00,0x00,0x00,0x00,0x00,0x00,0x00,0x00,0xC0,0xFF,0xFF,0xC6,0xA0,0xA0,0xA0,
0xA0,0xA0,0xA0,0xA0,0xA0,0x9E,0x7F,0x1B,0x00,0x00,0x00,0xC0,0xFF,0xFF,0xFF,0xFF,0xFF,0xFF,0xFF,0xFF,0xFF,0xFF,0xFF,0xFF,
0xFF,0xED,0x28,0x00,0x00,0xC0,0xFF,0xFF,0xFF,0xFF,0xFF,0xFF,0xFF,0xFF,0xFF,0xFF,0xFF,0xFF,0xFF,0xFF,0xAC,0x00,0x00,0x66,
0x88,0x88,0x88,0x88,0x88,0x88,0x88,0x88,0x88,0x88,0x88,0xA9,0xFF,0xFF,0xDB,0x00,0x00,0x00,0x00,0x00,0x00,0x00,0x00,0x00,
0x00,0x00,0x00,0x00,0x00,0x44,0xFF,0xFF,0xE0,0x00,0x00,0x30,0x40,0x40,0x19,0x00,0x00,0x00,0x00,0x00,0x00,0x00,0x00,0x44,
0xFF,0xFF,0xE0,0x00,0x00,0xBF,0xFF,0xFF,0x7A,0x24,0x24,0x24,0x24,0x24,0x24,0x24,0x24,0x5F,0xFF,0xFF,0xDF,0x00,0x00,0xA8,
0xFF,0xFF,0xFF,0xFF,0xFF,0xFF,0xFF,0xFF,0xFF,0xFF,0xFF,0xFF,0xFF,0xFF,0xC7,0x00,0x00,0x41,0xFD,0xFF,0xFF,0xFF,0xFF,0xFF,
0xFF,0xFF,0xFF,0xFF,0xFF,0xFF,0xFF,0xFF,0x5B,0x00,0x00,0x00,0x53,0xD7,0xFD,0xFF,0xFF,0xFF,0xFF,0xFF,0xFF,0xFF,0xFF,0xFF,
0xDF,0x67,0x00,0x00,0x00,0x00,0x33,0xAF,0xD5,0xD8,0xD8,0xD8,0xD8,0xD8,0xD8,0xD8,0xD8,0xD8,0x5B,0x00,0x00,0x00,0x00,0x2F,
0xF7,0xFF,0xFF,0xFF,0xFF,0xFF,0xFF,0xFF,0xFF,0xFF,0xFF,0xFF,0x6C,0x00,0x00,0x00,0x00,0x9F,0xFF,0xFF,0xFF,0xFF,0xFF,0xFF,
0xFF,0xFF,0xFF,0xFF,0xFF,0xFF,0x6C,0x00,0x00,0x00,0x00,0xBE,0xFF,0xFF,0x93,0x4C,0x4C,0x4C,0x4C,0x4C,0x4C,0x4C,0x4C,0x4C,
0x20,0x00,0x00,0x00,0x00,0xC0,0xFF,0xFF,0x64,0x00,0x00,0x00,0x00,0x00,0x00,0x00,0x00,0x00,0x00,0x00,0x00,0x00,0x00,0xC0,
0xFF,0xFF,0x64,0x00,0x00,0x00,0x00,0x00,0x00,0x00,0x00,0x00,0x00,0x00,0x00,0x00,0x00,0xC0,0xFF,0xFF,0xC8,0xA4,0xA4,0xA4,
0xA4,0xA4,0xA4,0xA4,0xA4,0xA2,0x83,0x1D,0x00,0x00,0x00,0xC0,0xFF,0xFF,0xFF,0xFF,0xFF,0xFF,0xFF,0xFF,0xFF,0xFF,0xFF,0xFF,
0xFF,0xEF,0x2A,0x00,0x00,0xC0,0xFF,0xFF,0xFF,0xFF,0xFF,0xFF,0xFF,0xFF,0xFF,0xFF,0xFF,0xFF,0xFF,0xFF,0xAD,0x00,0x00,0xC0,
0xFF,0xFF,0xB4,0x84,0x84,0x84,0x84,0x84,0x84,0x84,0x84,0xA6,0xFF,0xFF,0xDC,0x00,0x00,0xC0,0xFF,0xFF,0x64,0x00,0x00,0x00,
0x00,0x00,0x00,0x00,0x00,0x44,0xFF,0xFF,0xE0,0x00,0x00,0xC0,0xFF,0xFF,0x64,0x00,0x00,0x00,0x00,0x00,0x00,0x00,0x00,0x44,
0xFF,0xFF,0xE0,0x00,0x00,0xBF,0xFF,0xFF,0x7A,0x24,0x24,0x24,0x24,0x24,0x24,0x24,0x24,0x5F,0xFF,0xFF,0xDF,0x00,0x00,0xA8,
0xFF,0xFF,0xFF,0xFF,0xFF,0xFF,0xFF,0xFF,0xFF,0xFF,0xFF,0xFF,0xFF,0xFF,0xC7,0x00,0x00,0x41,0xFD,0xFF,0xFF,0xFF,0xFF,0xFF,
0xFF,0xFF,0xFF,0xFF,0xFF,0xFF,0xFF,0xFF,0x5B,0x00,0x00,0x00,0x53,0xD7,0xFD,0xFF,0xFF,0xFF,0xFF,0xFF,0xFF,0xFF,0xFF,0xFF,
0xDF,0x67,0x00,0x00,0xCE,0xDC,0xDC,0xDC,0xDC,0xDC,0xDC,0xDC,0xDC,0xDC,0xCF,0x7E,0x06,0x00,0x00,0xF0,0xFF,0xFF,0xFF,0xFF,
0xFF,0xFF,0xFF,0xFF,0xFF,0xFF,0xFF,0xA6,0x00,0x00,0xF0,0xFF,0xFF,0xFF,0xFF,0xFF,0xFF,0xFF,0xFF,0xFF,0xFF,0xFF,0xFF,0x1C,
0x00,0x43,0x48,0x48,0x48,0x48,0x48,0x48,0x48,0x48,0x48,0xEF,0xFF,0xFF,0x3A,0x00,0x00,0x00,0x00,0x00,0x00,0x00,0x00,0x00,
0x00,0x00,0xE8,0xFF,0xFF,0x3C,0x00,0x00,0x00,0x00,0x00,0x00,0x00,0x00,0x00,0x00,0x00,0xE8,0xFF,0xFF,0x3C,0x00,0x00,0x00,
0x00,0x00,0x00,0x00,0x00,0x00,0x00,0x00,0xE8,0xFF,0xFF,0x3C,0x00,0x00,0x00,0x00,0x00,0x00,0x00,0x00,0x00,0x00,0x00,0xE8,
0xFF,0xFF,0x3C,0x00,0x00,0x00,0x00,0x00,0x00,0x00,0x00,0x00,0x00,0x00,0xE8,0xFF,0xFF,0x3C,0x00,0x00,0x00,0x00,0x00,0x00,
0x00,0x00,0x00,0x00,0x00,0xE8,0xFF,0xFF,0x3C,0x00,0x00,0x00,0x00,0x00,0x00,0x00,0x00,0x00,0x00,0x00,0xE8,0xFF,0xFF,0x3C,
0x00,0x00,0x00,0x00,0x00,0x00,0x00,0x00,0x00,0x00,0x00,0xE8,0xFF,0xFF,0x3C,0x00,0x00,0x00,0x00,0x00,0x00,0x00,0x00,0x00,
0x00,0x00,0xE8,0xFF,0xFF,0x3C,0x00,0x00,0x00,0x00,0x00,0x00,0x00,0x00,0x00,0x00,0x00,0xE8,0xFF,0xFF,0x3C,0x00,0x00,0x00,
0x00,0x00,0x00,0x00,0x00,0x00,0x00,0x00,0xE8,0xFF,0xFF,0x3C,0x00,0x00,0x00,0x00,0x00,0x00,0x00,0x00,0x00,0x00,0x00,0xE8,
0xFF,0xFF,0x3C,0x00,0x00,0x00,0x33,0xAF,0xD5,0xD8,0xD8,0xD8,0xD8,0xD8,0xD8,0xD8,0xD8,0xD7,0xB7,0x46,0x00,0x00,0x00,0x2F,
0xF7,0xFF,0xFF,0xFF,0xFF,0xFF,0xFF,0xFF,0xFF,0xFF,0xFF,0xFF,0xFF,0xFD,0x4E,0x00,0x00,0x9F,0xFF,0xFF,0xFF,0xFF,0xFF,0xFF,
0xFF,0xFF,0xFF,0xFF,0xFF,0xFF,0xFF,0xFF,0xCA,0x00,0x00,0xBE,0xFF,0xFF,0x96,0x50,0x50,0x50,0x50,0x50,0x50,0x50,0x50,0x80,
0xFF,0xFF,0xE0,0x00,0x00,0xC0,0xFF,0xFF,0x64,0x00,0x00,0x00,0x00,0x00,0x00,0x00,0x00,0x44,0xFF,0xFF,0xE0,0x00,0x00,0xC0,
0xFF,0xFF,0x64,0x00,0x00,0x00,0x00,0x00,0x00,0x00,0x00,0x44,0xFF,0xFF,0xE0,0x00,0x00,0xB8,0xFF,0xFF,0xA4,0x68,0x68,0x68,
0x68,0x68,0x68,0x68,0x68,0x91,0xFF,0xFF,0xD9,0x00,0x00,0x80,0xFF,0xFF,0xFF,0xFF,0xFF,0xFF,0xFF,0xFF,0xFF,0xFF,0xFF,0xFF,
0xFF,0xFF,0xA2,0x00,0x00,0x88,0xFF,0xFF,0xFF,0xFF,0xFF,0xFF,0xFF,0xFF,0xFF,0xFF,0xFF,0xFF,0xFF,0xFF,0xAC,0x00,0x00,0xBB,
0xFF,0xFF,0xB8,0x88,0x88,0x88,0x88,0x88,0x88,0x88,0x88,0xA9,0xFF,0xFF,0xDB,0x00,0x00,0xC0,0xFF,0xFF,0x64,0x00,0x00,0x00,
0x00,0x00,0x00,0x00,0x00,0x44,0xFF,0xFF,0xE0,0x00,0x00,0xC0,0xFF,0xFF,0x64,0x00,0x00,0x00,0x00,0x00,0x00,0x00,0x00,0x44,
0xFF,0xFF,0xE0,0x00,0x00,0xBF,0xFF,0xFF,0x7A,0x24,0x24,0x24,0x24,0x24,0x24,0x24,0x24,0x5F,0xFF,0xFF,0xDF,0x00,0x00,0xA8,
0xFF,0xFF,0xFF,0xFF,0xFF,0xFF,0xFF,0xFF,0xFF,0xFF,0xFF,0xFF,0xFF,0xFF,0xC7,0x00,0x00,0x41,0xFD,0xFF,0xFF,0xFF,0xFF,0xFF,
0xFF,0xFF,0xFF,0xFF,0xFF,0xFF,0xFF,0xFF,0x5B,0x00,0x00,0x00,0x53,0xD7,0xFD,0xFF,0xFF,0xFF,0xFF,0xFF,0xFF,0xFF,0xFF,0xFF,
0xDF,0x67,0x00,0x00,0x00,0x00,0x3D,0xB4,0xD6,0xD8,0xD8,0xD8,0xD8,0xD8,0xD8,0xD8,0xD8,0xD6,0xB3,0x3B,0x00,0x00,0x00,0x3E,
0xFB,0xFF,0xFF,0xFF,0xFF,0xFF,0xFF,0xFF,0xFF,0xFF,0xFF,0xFF,0xFF,0xFB,0x38,0x00,0x00,0xB3,0xFF,0xFF,0xFF,0xFF,0xFF,0xFF,
0xFF,0xFF,0xFF,0xFF,0xFF,0xFF,0xFF,0xFF,0xAB,0x00,0x00,0xD2,0xFF,0xFF,0x88,0x4C,0x4C,0x4C,0x4C,0x4C,0x4C,0x4C,0x4C,0x88,
0xFF,0xFF,0xCA,0x00,0x00,0xD4,0xFF,0xFF,0x54,0x00,0x00,0x00,0x00,0x00,0x00,0x00,0x00,0x54,0xFF,0xFF,0xCC,0x00,0x00,0xD4,
0xFF,0xFF,0x54,0x00,0x00,0x00,0x00,0x00,0x00,0x00,0x00,0x54,0xFF,0xFF,0xCC,0x00,0x00,0xD1,0xFF,0xFF,0x9B,0x68,0x68,0x68,
0x68,0x68,0x68,0x68,0x68,0x99,0xFF,0xFF,0xCC,0x00,0x00,0xAA,0xFF,0xFF,0xFF,0xFF,0xFF,0xFF,0xFF,0xFF,0xFF,0xFF,0xFF,0xFF,
0xFF,0xFF,0xCC,0x00,0x00,0x2E,0xF3,0xFF,0xFF,0xFF,0xFF,0xFF,0xFF,0xFF,0xFF,0xFF,0xFF,0xFF,0xFF,0xFF,0xCC,0x00,0x00,0x00,
0x29,0x98,0xBA,0xBC,0xBC,0xBC,0xBC,0xBC,0xBC,0xBC,0xBC,0xD3,0xFF,0xFF,0xCC,0x00,0x00,0x00,0x00,0x00,0x00,0x00,0x00,0x00,
0x00,0x00,0x00,0x00,0x00,0x54,0xFF,0xFF,0xCC,0x00,0x00,0x00,0x00,0x00,0x00,0x00,0x00,0x00,0x00,0x00,0x00,0x00,0x00,0x54,
0xFF,0xFF,0xCC,0x00,0x00,0x1E,0x24,0x24,0x24,0x24,0x24,0x24,0x24,0x24,0x24,0x24,0x24,0x6D,0xFF,0xFF,0xCB,0x00,0x00,0xAC,
0xFF,0xFF,0xFF,0xFF,0xFF,0xFF,0xFF,0xFF,0xFF,0xFF,0xFF,0xFF,0xFF,0xFF,0xB3,0x00,0x00,0x31,0xF9,0xFF,0xFF,0xFF,0xFF,0xFF,
0xFF,0xFF,0xFF,0xFF,0xFF,0xFF,0xFF,0xFF,0x4C,0x00,0x00,0x00,0x45,0xD4,0xFE,0xFF,0xFF,0xFF,0xFF,0xFF,0xFF,0xFF,0xFF,0xFE,
0xDC,0x5E,0x00,0x00,0x00,0xA2,0xC8,0xC8,0x41,0x00,0xD0,0xFF,0xFF,0x54,0x00,0xD0,0xFF,0xFF,0x54,0x00,0x4A,0x5C,0x5C,0x1E,
0x00,0x00,0x00,0x00,0x00,0x00,0x00,0x00,0x00,0x00,0x00,0x00,0x00,0x00,0x00,0x00,0x00,0x00,0x00,0x00,0x00,0x00,0x00,0x00,
0x00,0x00,0x1D,0x24,0x24,0x0B,0x00,0xD0,0xFF,0xFF,0x54,0x00,0xD0,0xFF,0xFF,0x54,0x00,0xD0,0xFF,0xFF,0x54,0x00,0xAF,0xC8,
0xC8,0x38,0x00,0x00,0xE0,0xFF,0xFF,0x48,0x00,0x00,0xE0,0xFF,0xFF,0x48,0x00,0x00,0x50,0x5C,0x5C,0x19,0x00,0x00,0x00,0x00,
0x00,0x00,0x00,0x00,0x00,0x00,0x00,0x00,0x00,0x00,0x00,0x00,0x00,0x00,0x00,0x00,0x00,0x00,0x00,0x00,0x00,0x00,0x00,0x00,
0x00,0x00,0x00,0x00,0x00,0x00,0x00,0x00,0x00,0x00,0xCA,0xEC,0xEC,0x42,0x00,0x00,0xDC,0xFF,0xFF,0x48,0x00,0x00,0xDC,0xFF,
0xFF,0x46,0x00,0x00,0xDC,0xFF,0xFE,0x22,0x00,0x00,0xDC,0xFF,0x95,0x00,0x00,0x00,0xB0,0x68,0x01,0x00,0x00,0x00,0x00,0x00,
0x00,0x00,0x00,0x00,0x00,0x00,0x0D,0x00,0x00,0x00,0x00,0x00,0x00,0x00,0x28,0xB7,0x6C,0x00,0x00,0x00,0x00,0x00,0x0F,0x8E,
0xFA,0xFF,0x6C,0x00,0x00,0x00,0x02,0x66,0xEA,0xFF,0xFF,0xFF,0x6C,0x00,0x00,0x3E,0xCF,0xFF,0xFF,0xFF,0xFF,0xDD,0x34,0x1E,
0xA9,0xFF,0xFF,0xFF,0xFF,0xF2,0x78,0x07,0x00,0xDF,0xFF,0xFF,0xFF,0xFE,0x9F,0x18,0x00,0x00,0x00,0xE4,0xFF,0xFF,0xFF,0x6E,
0x00,0x00,0x00,0x00,0x00,0xDF,0xFF,0xFF,0xFF,0xFE,0xA3,0x1A,0x00,0x00,0x00,0x1F,0xAB,0xFF,0xFF,0xFF,0xFF,0xF4,0x79,0x07,
0x00,0x00,0x00,0x40,0xD1,0xFF,0xFF,0xFF,0xFF,0xDD,0x33,0x00,0x00,0x00,0x03,0x69,0xEC,0xFF,0xFF,0xFF,0x6C,0x00,0x00,0x00,
0x00,0x00,0x11,0x92,0xFB,0xFF,0x6C,0x00,0x00,0x00,0x00,0x00,0x00,0x00,0x2B,0xBB,0x6C,0x00,0x00,0x00,0x00,0x00,0x00,0x00,
0x00,0x00,0x0F,0x00,0x57,0x7C,0x7C,0x7C,0x7C,0x7C,0x7C,0x7C,0x7C,0x7C,0x7C,0x68,0x00,0x00,0xB4,0xFF,0xFF,0xFF,0xFF,0xFF,
0xFF,0xFF,0xFF,0xFF,0xFF,0xD8,0x00,0x00,0xB4,0xFF,0xFF,0xFF,0xFF,0xFF,0xFF,0xFF,0xFF,0xFF,0xFF,0xD8,0x00,0x00,0x76,0xA8,
0xA8,0xA8,0xA8,0xA8,0xA8,0xA8,0xA8,0xA8,0xA8,0x8D,0x00,0x00,0x08,0x0C,0x0C,0x0C,0x0C,0x0C,0x0C,0x0C,0x0C,0x0C,0x0C,0x0A,
0x00,0x00,0xB4,0xFF,0xFF,0xFF,0xFF,0xFF,0xFF,0xFF,0xFF,0xFF,0xFF,0xD8,0x00,0x00,0xB4,0xFF,0xFF,0xFF,0xFF,0xFF,0xFF,0xFF,
0xFF,0xFF,0xFF,0xD8,0x00,0x00,0xB4,0xFF,0xFF,0xFF,0xFF,0xFF,0xFF,0xFF,0xFF,0xFF,0xFF,0xD8,0x00,0x00,0x10,0x18,0x18,0x18,
0x18,0x18,0x18,0x18,0x18,0x18,0x18,0x14,0x00,0x00,0x00,0x00,0x00,0x00,0x00,0x00,0x00,0x00,0x00,0x00,0x00,0x00,0x00,0x00,
0x00,0x00,0x00,0x00,0x00,0x00,0x00,0x00,0x00,0x00,0x00,0x00,0x00,0x00,0x09,0x00,0x00,0x00,0x00,0x00,0x00,0x00,0x00,0x00,
0x00,0xAA,0x82,0x0A,0x00,0x00,0x00,0x00,0x00,0x00,0x00,0x00,0xB4,0xFF,0xE3,0x5B,0x00,0x00,0x00,0x00,0x00,0x00,0x00,0xB4,
0xFF,0xFF,0xFF,0xC6,0x35,0x00,0x00,0x00,0x00,0x00,0x70,0xF9,0xFF,0xFF,0xFF,0xFE,0xA0,0x19,0x00,0x00,0x00,0x00,0x24,0xB1,
0xFF,0xFF,0xFF,0xFF,0xF3,0x79,0x07,0x00,0x00,0x00,0x00,0x44,0xD3,0xFF,0xFF,0xFF,0xFF,0x99,0x00,0x00,0x00,0x00,0x00,0x04,
0xB6,0xFF,0xFF,0xFF,0xA0,0x00,0x00,0x00,0x00,0x32,0xC4,0xFF,0xFF,0xFF,0xFF,0x9E,0x00,0x00,0x16,0x9B,0xFD,0xFF,0xFF,0xFF,
0xFA,0x8F,0x0F,0x00,0x5F,0xF0,0xFF,0xFF,0xFF,0xFF,0xB7,0x28,0x00,0x00,0x00,0xB4,0xFF,0xFF,0xFF,0xDA,0x4C,0x00,0x00,0x00,
0x00,0x00,0xB4,0xFF,0xF1,0x75,0x06,0x00,0x00,0x00,0x00,0x00,0x00,0xB2,0x9E,0x17,0x00,0x00,0x00,0x00,0x00,0x00,0x00,0x00,
0x15,0x00,0x00,0x00,0x00,0x00,0x00,0x00,0x00,0x00,0x43,0xD8,0xD8,0xD8,0xD8,0xD8,0xD8,0xD8,0xD8,0xD8,0xD8,0xCF,0x90,0x0F,
0x00,0x50,0xFF,0xFF,0xFF,0xFF,0xFF,0xFF,0xFF,0xFF,0xFF,0xFF,0xFF,0xFF,0xCB,0x03,0x50,0xFF,0xFF,0xFF,0xFF,0xFF,0xFF,0xFF,
0xFF,0xFF,0xFF,0xFF,0xFF,0xFF,0x49,0x17,0x4C,0x4C,0x4C,0x4C,0x4C,0x4C,0x4C,0x4C,0x4C,0x4C,0xCE,0xFF,0xFF,0x6A,0x00,0x00,
0x00,0x00,0x00,0x00,0x00,0x00,0x00,0x00,0x00,0xB8,0xFF,0xFF,0x6C,0x00,0x00,0x00,0x00,0x00,0x00,0x00,0x00,0x00,0x00,0x00,
0xB8,0xFF,0xFF,0x6C,0x00,0x00,0x00,0x00,0x00,0x00,0x00,0x00,0x00,0x00,0x00,0xB9,0xFF,0xFF,0x6C,0x00,0x00,0x00,0x09,0x92,
0xED,0xFF,0xFF,0xFF,0xFF,0xFF,0xFF,0xFF,0xFF,0x5A,0x00,0x00,0x00,0x9F,0xFF,0xFF,0xFF,0xFF,0xFF,0xFF,0xFF,0xFF,0xFF,0xED,
0x11,0x00,0x00,0x09,0xFC,0xFF,0xFF,0xFF,0xFF,0xFF,0xFF,0xFF,0xFF,0xDD,0x39,0x00,0x00,0x00,0x1B,0xFF,0xFF,0xFF,0x33,0x28,
0x28,0x28,0x28,0x1F,0x02,0x00,0x00,0x00,0x00,0x13,0xB4,0xB4,0xB4,0x08,0x00,0x00,0x00,0x00,0x00,0x00,0x00,0x00,0x00,0x00,
0x03,0x24,0x24,0x24,0x01,0x00,0x00,0x00,0x00,0x00,0x00,0x00,0x00,0x00,0x00,0x1C,0xFF,0xFF,0xFF,0x0C,0x00,0x00,0x00,0x00,
0x00,0x00,0x00,0x00,0x00,0x00,0x1C,0xFF,0xFF,0xFF,0x0C,0x00,0x00,0x00,0x00,0x00,0x00,0x00,0x00,0x00,0x00,0x1C,0xFF,0xFF,
0xFF,0x0C,0x00,0x00,0x00,0x00,0x00,0x00,0x00,0x00,0x00,0x00,0x3B,0xB3,0xD6,0xD8,0xD8,0xD8,0xD8,0xD8,0xD8,0xD8,0xD8,0xD6,
0xB2,0x39,0x00,0x00,0x00,0x3B,0xFB,0xFF,0xFF,0xFF,0xFF,0xFF,0xFF,0xFF,0xFF,0xFF,0xFF,0xFF,0xFF,0xFA,0x38,0x00,0x00,0xAF,
0xFF,0xFF,0xFF,0xFF,0xFF,0xFF,0xFF,0xFF,0xFF,0xFF,0xFF,0xFF,0xFF,0xFF,0xAD,0x00,0x00,0xCE,0xFF,0xFF,0x88,0x4C,0x4C,0x4C,
0x4C,0x4C,0x4C,0x4C,0x4C,0x88,0xFF,0xFF,0xCE,0x00,0x00,0xD0,0xFF,0xFF,0x54,0x00,0x08,0x50,0x6A,0x6B,0x50,0x08,0x00,0x54,
0xFF,0xFF,0xD0,0x00,0x00,0xD0,0xFF,0xFF,0x54,0x0A,0xD0,0xFF,0xFF,0xFF,0xFF,0xD1,0x0A,0x54,0xFF,0xFF,0xD0,0x00,0x00,0xD0,
0xFF,0xFF,0x54,0x5D,0xFF,0xEF,0xC4,0xC4,0xEF,0xFF,0x5C,0x54,0xFF,0xFF,0xD0,0x00,0x00,0xD0,0xFF,0xFF,0x54,0x7A,0xFF,0xB4,
0x00,0x00,0xB4,0xFF,0x7A,0x54,0xFF,0xFF,0xD0,0x00,0x00,0xD0,0xFF,0xFF,0x54,0x79,0xFF,0xB7,0x08,0x08,0xB6,0xFF,0x80,0x59,
0xFF,0xFF,0xD0,0x00,0x00,0xD0,0xFF,0xFF,0x54,0x57,0xFF,0xFF,0xFF,0xFF,0xFF,0xFF,0xFF,0xFF,0xFF,0xFF,0xD0,0x00,0x00,0xD0,
0xFF,0xFF,0x54,0x06,0xBF,0xFF,0xFF,0xFF,0xFF,0xFF,0xFF,0xFF,0xFF,0xFF,0xD0,0x00,0x00,0xD0,0xFF,0xFF,0x54,0x00,0x02,0x38,
0x53,0x54,0x54,0x54,0x54,0x54,0x54,0x54,0x44,0x00,0x00,0xCF,0xFF,0xFF,0x6D,0x24,0x24,0x24,0x24,0x24,0x24,0x24,0x24,0x24,
0x24,0x24,0x1D,0x00,0x00,0xB8,0xFF,0xFF,0xFF,0xFF,0xFF,0xFF,0xFF,0xFF,0xFF,0xFF,0xFF,0xFF,0xFF,0xFF,0xD0,0x00,0x00,0x4F,
0xFF,0xFF,0xFF,0xFF,0xFF,0xFF,0xFF,0xFF,0xFF,0xFF,0xFF,0xFF,0xFF,0xFF,0xD0,0x00,0x00,0x00,0x5E,0xDC,0xFE,0xFF,0xFF,0xFF,
0xFF,0xFF,0xFF,0xFF,0xFF,0xFF,0xFF,0xFF,0xD0,0x00,0x00,0x00,0x2D,0xAA,0xD4,0xD8,0xD8,0xD8,0xD8,0xD8,0xD8,0xD8,0xD8,0xD7,
0xC2,0x5F,0x00,0x00,0x00,0x26,0xF3,0xFF,0xFF,0xFF,0xFF,0xFF,0xFF,0xFF,0xFF,0xFF,0xFF,0xFF,0xFF,0xFF,0x79,0x00,0x00,0x94,
0xFF,0xFF,0xFF,0xFF,0xFF,0xFF,0xFF,0xFF,0xFF,0xFF,0xFF,0xFF,0xFF,0xFF,0xF2,0x04,0x00,0xB6,0xFF,0xFF,0xA2,0x58,0x58,0x58,
0x58,0x58,0x58,0x58,0x58,0x69,0xFF,0xFF,0xFF,0x1A,0x00,0xB8,0xFF,0xFF,0x70,0x00,0x00,0x00,0x00,0x00,0x00,0x00,0x00,0x18,
0xFF,0xFF,0xFF,0x1C,0x00,0xB8,0xFF,0xFF,0x70,0x00,0x00,0x00,0x00,0x00,0x00,0x00,0x00,0x18,0xFF,0xFF,0xFF,0x1C,0x00,0xB8,
0xFF,0xFF,0x70,0x00,0x00,0x00,0x00,0x00,0x00,0x00,0x00,0x18,0xFF,0xFF,0xFF,0x1C,0x00,0xB8,0xFF,0xFF,0xA8,0x64,0x64,0x64,
0x64,0x64,0x64,0x64,0x64,0x72,0xFF,0xFF,0xFF,0x1C,0x00,0xB8,0xFF,0xFF,0xFF,0xFF,0xFF,0xFF,0xFF,0xFF,0xFF,0xFF,0xFF,0xFF,
0xFF,0xFF,0xFF,0x1C,0x00,0xB8,0xFF,0xFF,0xFF,0xFF,0xFF,0xFF,0xFF,0xFF,0xFF,0xFF,0xFF,0xFF,0xFF,0xFF,0xFF,0x1C,0x00,0xB8,
0xFF,0xFF,0xE2,0xCC,0xCC,0xCC,0xCC,0xCC,0xCC,0xCC,0xCC,0xD0,0xFF,0xFF,0xFF,0x1C,0x00,0xB8,0xFF,0xFF,0x70,0x00,0x00,0x00,
0x00,0x00,0x00,0x00,0x00,0x18,0xFF,0xFF,0xFF,0x1C,0x00,0xB8,0xFF,0xFF,0x70,0x00,0x00,0x00,0x00,0x00,0x00,0x00,0x00,0x18,
0xFF,0xFF,0xFF,0x1C,0x00,0xB8,0xFF,0xFF,0x70,0x00,0x00,0x00,0x00,0x00,0x00,0x00,0x00,0x18,0xFF,0xFF,0xFF,0x1C,0x00,0xB8,
0xFF,0xFF,0x70,0x00,0x00,0x00,0x00,0x00,0x00,0x00,0x00,0x18,0xFF,0xFF,0xFF,0x1C,0x00,0xB8,0xFF,0xFF,0x70,0x00,0x00,0x00,
0x00,0x00,0x00,0x00,0x00,0x18,0xFF,0xFF,0xFF,0x1C,0x00,0x97,0xD8,0xD8,0xD8,0xD8,0xD8,0xD8,0xD8,0xD8,0xD8,0xD8,0xD8,0xD0,
0x95,0x13,0x00,0x00,0x00,0xB4,0xFF,0xFF,0xFF,0xFF,0xFF,0xFF,0xFF,0xFF,0xFF,0xFF,0xFF,0xFF,0xFF,0xD6,0x0A,0x00,0x00,0xB4,
0xFF,0xFF,0xFF,0xFF,0xFF,0xFF,0xFF,0xFF,0xFF,0xFF,0xFF,0xFF,0xFF,0xFF,0x5E,0x00,0x00,0xB4,0xFF,0xFF,0xA8,0x58,0x58,0x58,
0x58,0x58,0x58,0x58,0x58,0xCF,0xFF,0xFF,0x82,0x00,0x00,0xB4,0xFF,0xFF,0x78,0x00,0x00,0x00,0x00,0x00,0x00,0x00,0x00,0xB4,
0xFF,0xFF,0x84,0x00,0x00,0xB4,0xFF,0xFF,0x78,0x00,0x00,0x00,0x00,0x00,0x00,0x00,0x00,0xB4,0xFF,0xFF,0x84,0x00,0x00,0xB4,
0xFF,0xFF,0xD2,0xA8,0xA8,0xA8,0xA8,0xA8,0xA8,0xA8,0xA8,0xE6,0xFF,0xFF,0x7F,0x00,0x00,0xB4,0xFF,0xFF,0xFF,0xFF,0xFF,0xFF,
0xFF,0xFF,0xFF,0xFF,0xFF,0xFF,0xFF,0xFF,0x77,0x00,0x00,0xB4,0xFF,0xFF,0xFF,0xFF,0xFF,0xFF,0xFF,0xFF,0xFF,0xFF,0xFF,0xFF,
0xFF,0xFF,0xE5,0x00,0x00,0xB4,0xFF,0xFF,0xC1,0x88,0x88,0x88,0x88,0x88,0x88,0x88,0x88,0x91,0xFF,0xFF,0xFF,0x1D,0x00,0xB4,
0xFF,0xFF,0x78,0x00,0x00,0x00,0x00,0x00,0x00,0x00,0x00,0x10,0xFF,0xFF,0xFF,0x24,0x00,0xB4,0xFF,0xFF,0x78,0x00,0x00,0x00,
0x00,0x00,0x00,0x00,0x00,0x10,0xFF,0xFF,0xFF,0x24,0x00,0xB4,0xFF,0xFF,0x92,0x30,0x30,0x30,0x30,0x30,0x30,0x30,0x30,0x3E,
0xFF,0xFF,0xFF,0x23,0x00,0xB4,0xFF,0xFF,0xFF,0xFF,0xFF,0xFF,0xFF,0xFF,0xFF,0xFF,0xFF,0xFF,0xFF,0xFF,0xFC,0x0C,0x00,0xB4,
0xFF,0xFF,0xFF,0xFF,0xFF,0xFF,0xFF,0xFF,0xFF,0xFF,0xFF,0xFF,0xFF,0xFF,0x9C,0x00,0x00,0xB4,0xFF,0xFF,0xFF,0xFF,0xFF,0xFF,
0xFF,0xFF,0xFF,0xFF,0xFF,0xFF,0xEC,0x8F,0x07,0x00,0x00,0x00,0x32,0xAD,0xD5,0xD8,0xD8,0xD8,0xD8,0xD8,0xD8,0xD8,0xD8,0xD8,
0xD8,0xD8,0xD8,0x06,0x00,0x2E,0xF6,0xFF,0xFF,0xFF,0xFF,0xFF,0xFF,0xFF,0xFF,0xFF,0xFF,0xFF,0xFF,0xFF,0xFF,0x08,0x00,0xA0,
0xFF,0xFF,0xFF,0xFF,0xFF,0xFF,0xFF,0xFF,0xFF,0xFF,0xFF,0xFF,0xFF,0xFF,0xFF,0x08,0x00,0xC2,0xFF,0xFF,0xBE,0x58,0x58,0x58,
0x58,0x58,0x58,0x58,0x58,0x58,0x58,0x58,0x58,0x02,0x00,0xC4,0xFF,0xFF,0x68,0x00,0x00,0x00,0x00,0x00,0x00,0x00,0x00,0x00,
0x00,0x00,0x00,0x00,0x00,0xC4,0xFF,0xFF,0x68,0x00,0x00,0x00,0x00,0x00,0x00,0x00,0x00,0x00,0x00,0x00,0x00,0x00,0x00,0xC4,
0xFF,0xFF,0x68,0x00,0x00,0x00,0x00,0x00,0x00,0x00,0x00,0x00,0x00,0x00,0x00,0x00,0x00,0xC4,0xFF,0xFF,0x68,0x00,0x00,0x00,
0x00,0x00,0x00,0x00,0x00,0x00,0x00,0x00,0x00,0x00,0x00,0xC4,0xFF,0xFF,0x68,0x00,0x00,0x00,0x00,0x00,0x00,0x00,0x00,0x00,
0x00,0x00,0x00,0x00,0x00,0xC4,0xFF,0xFF,0x68,0x00,0x00,0x00,0x00,0x00,0x00,0x00,0x00,0x00,0x00,0x00,0x00,0x00,0x00,0xC4,
0xFF,0xFF,0x68,0x00,0x00,0x00,0x00,0x00,0x00,0x00,0x00,0x00,0x00,0x00,0x00,0x00,0x00,0xC4,0xFF,0xFF,0x68,0x00,0x00,0x00,
0x00,0x00,0x00,0x00,0x00,0x00,0x00,0x00,0x00,0x00,0x00,0xC3,0xFF,0xFF,0xA7,0x30,0x30,0x30,0x30,0x30,0x30,0x30,0x30,0x30,
0x30,0x30,0x30,0x01,0x00,0xAA,0xFF,0xFF,0xFF,0xFF,0xFF,0xFF,0xFF,0xFF,0xFF,0xFF,0xFF,0xFF,0xFF,0xFF,0xFF,0x08,0x00,0x44,
0xFE,0xFF,0xFF,0xFF,0xFF,0xFF,0xFF,0xFF,0xFF,0xFF,0xFF,0xFF,0xFF,0xFF,0xFF,0x08,0x00,0x00,0x56,0xD7,0xFD,0xFF,0xFF,0xFF,
0xFF,0xFF,0xFF,0xFF,0xFF,0xFF,0xFF,0xFF,0xFF,0x08,0x00,0x9B,0xD8,0xD8,0xD8,0xD8,0xD8,0xD8,0xD8,0xD8,0xD8,0xD8,0xD8,0xD7,
0xC2,0x5F,0x00,0x00,0x00,0xB8,0xFF,0xFF,0xFF,0xFF,0xFF,0xFF,0xFF,0xFF,0xFF,0xFF,0xFF,0xFF,0xFF,0xFF,0x79,0x00,0x00,0xB8,
0xFF,0xFF,0xFF,0xFF,0xFF,0xFF,0xFF,0xFF,0xFF,0xFF,0xFF,0xFF,0xFF,0xFF,0xF2,0x04,0x00,0xB8,0xFF,0xFF,0xA0,0x58,0x58,0x58,
0x58,0x58,0x58,0x58,0x58,0x69,0xFF,0xFF,0xFF,0x1A,0x00,0xB8,0xFF,0xFF,0x6C,0x00,0x00,0x00,0x00,0x00,0x00,0x00,0x00,0x18,
0xFF,0xFF,0xFF,0x1C,0x00,0xB8,0xFF,0xFF,0x6C,0x00,0x00,0x00,0x00,0x00,0x00,0x00,0x00,0x18,0xFF,0xFF,0xFF,0x1C,0x00,0xB8,
0xFF,0xFF,0x6C,0x00,0x00,0x00,0x00,0x00,0x00,0x00,0x00,0x18,0xFF,0xFF,0xFF,0x1C,0x00,0xB8,0xFF,0xFF,0x6C,0x00,0x00,0x00,
0x00,0x00,0x00,0x00,0x00,0x18,0xFF,0xFF,0xFF,0x1C,0x00,0xB8,0xFF,0xFF,0x6C,0x00,0x00,0x00,0x00,0x00,0x00,0x00,0x00,0x18,
0xFF,0xFF,0xFF,0x1C,0x00,0xB8,0xFF,0xFF,0x6C,0x00,0x00,0x00,0x00,0x00,0x00,0x00,0x00,0x18,0xFF,0xFF,0xFF,0x1C,0x00,0xB8,
0xFF,0xFF,0x6C,0x00,0x00,0x00,0x00,0x00,0x00,0x00,0x00,0x18,0xFF,0xFF,0xFF,0x1C,0x00,0xB8,0xFF,0xFF,0x6C,0x00,0x00,0x00,
0x00,0x00,0x00,0x00,0x00,0x18,0xFF,0xFF,0xFF,0x1C,0x00,0xB8,0xFF,0xFF,0x88,0x30,0x30,0x30,0x30,0x30,0x30,0x30,0x30,0x44,
0xFF,0xFF,0xFF,0x1B,0x00,0xB8,0xFF,0xFF,0xFF,0xFF,0xFF,0xFF,0xFF,0xFF,0xFF,0xFF,0xFF,0xFF,0xFF,0xFF,0xF9,0x07,0x00,0xB8,
0xFF,0xFF,0xFF,0xFF,0xFF,0xFF,0xFF,0xFF,0xFF,0xFF,0xFF,0xFF,0xFF,0xFF,0x94,0x00,0x00,0xB8,0xFF,0xFF,0xFF,0xFF,0xFF,0xFF,
0xFF,0xFF,0xFF,0xFF,0xFF,0xFF,0xEB,0x8B,0x06,0x00,0x00,0x9B,0xD8,0xD8,0xD8,0xD8,0xD8,0xD8,0xD8,0xD8,0xD8,0xD8,0xD8,0xD8,
0xD8,0xBD,0x00,0x00,0xB8,0xFF,0xFF,0xFF,0xFF,0xFF,0xFF,0xFF,0xFF,0xFF,0xFF,0xFF,0xFF,0xFF,0xE0,0x00,0x00,0xB8,0xFF,0xFF,
0xFF,0xFF,0xFF,0xFF,0xFF,0xFF,0xFF,0xFF,0xFF,0xFF,0xFF,0xE0,0x00,0x00,0xB8,0xFF,0xFF,0xA9,0x58,0x58,0x58,0x58,0x58,0x58,
0x58,0x58,0x58,0x58,0x4D,0x00,0x00,0xB8,0xFF,0xFF,0x7C,0x00,0x00,0x00,0x00,0x00,0x00,0x00,0x00,0x00,0x00,0x00,0x00,0x00,
0xB8,0xFF,0xFF,0x7C,0x00,0x00,0x00,0x00,0x00,0x00,0x00,0x00,0x00,0x00,0x00,0x00,0x00,0xB8,0xFF,0xFF,0xC0,0x84,0x84,0x84,
0x84,0x84,0x84,0x84,0x84,0x56,0x00,0x00,0x00,0x00,0xB8,0xFF,0xFF,0xFF,0xFF,0xFF,0xFF,0xFF,0xFF,0xFF,0xFF,0xFF,0xA8,0x00,
0x00,0x00,0x00,0xB8,0xFF,0xFF,0xFF,0xFF,0xFF,0xFF,0xFF,0xFF,0xFF,0xFF,0xFF,0xA8,0x00,0x00,0x00,0x00,0xB8,0xFF,0xFF,0xD4,
0xAC,0xAC,0xAC,0xAC,0xAC,0xAC,0xAC,0xAC,0x70,0x00,0x00,0x00,0x00,0xB8,0xFF,0xFF,0x7C,0x00,0x00,0x00,0x00,0x00,0x00,0x00,
0x00,0x00,0x00,0x00,0x00,0x00,0xB8,0xFF,0xFF,0x7C,0x00,0x00,0x00,0x00,0x00,0x00,0x00,0x00,0x00,0x00,0x00,0x00,0x00,0xB8,
0xFF,0xFF,0x94,0x30,0x30,0x30,0x30,0x30,0x30,0x30,0x30,0x30,0x30,0x2A,0x00,0x00,0xB8,0xFF,0xFF,0xFF,0xFF,0xFF,0xFF,0xFF,
0xFF,0xFF,0xFF,0xFF,0xFF,0xFF,0xE0,0x00,0x00,0xB8,0xFF,0xFF,0xFF,0xFF,0xFF,0xFF,0xFF,0xFF,0xFF,0xFF,0xFF,0xFF,0xFF,0xE0,
0x00,0x00,0xB8,0xFF,0xFF,0xFF,0xFF,0xFF,0xFF,0xFF,0xFF,0xFF,0xFF,0xFF,0xFF,0xFF,0xE0,0x00,0x00,0x9B,0xD8,0xD8,0xD8,0xD8,
0xD8,0xD8,0xD8,0xD8,0xD8,0xD8,0xD8,0xD8,0xD8,0xBD,0x00,0xB8,0xFF,0xFF,0xFF,0xFF,0xFF,0xFF,0xFF,0xFF,0xFF,0xFF,0xFF,0xFF,
0xFF,0xE0,0x00,0xB8,0xFF,0xFF,0xFF,0xFF,0xFF,0xFF,0xFF,0xFF,0xFF,0xFF,0xFF,0xFF,0xFF,0xE0,0x00,0xB8,0xFF,0xFF,0xA9,0x58,
0x58,0x58,0x58,0x58,0x58,0x58,0x58,0x58,0x58,0x4D,0x00,0xB8,0xFF,0xFF,0x7C,0x00,0x00,0x00,0x00,0x00,0x00,0x00,0x00,0x00,
0x00,0x00,0x00,0xB8,0xFF,0xFF,0x7C,0x00,0x00,0x00,0x00,0x00,0x00,0x00,0x00,0x00,0x00,0x00,0x00,0xB8,0xFF,0xFF,0xC0,0x84,
0x84,0x84,0x84,0x84,0x84,0x84,0x84,0x56,0x00,0x00,0x00,0xB8,0xFF,0xFF,0xFF,0xFF,0xFF,0xFF,0xFF,0xFF,0xFF,0xFF,0xFF,0xA8,
0x00,0x00,0x00,0xB8,0xFF,0xFF,0xFF,0xFF,0xFF,0xFF,0xFF,0xFF,0xFF,0xFF,0xFF,0xA8,0x00,0x00,0x00,0xB8,0xFF,0xFF,0xD4,0xAC,
0xAC,0xAC,0xAC,0xAC,0xAC,0xAC,0xAC,0x70,0x00,0x00,0x00,0xB8,0xFF,0xFF,0x7C,0x00,0x00,0x00,0x00,0x00,0x00,0x00,0x00,0x00,
0x00,0x00,0x00,0xB8,0xFF,0xFF,0x7C,0x00,0x00,0x00,0x00,0x00,0x00,0x00,0x00,0x00,0x00,0x00,0x00,0xB8,0xFF,0xFF,0x7C,0x00,
0x00,0x00,0x00,0x00,0x00,0x00,0x00,0x00,0x00,0x00,0x00,0xB8,0xFF,0xFF,0x7C,0x00,0x00,0x00,0x00,0x00,0x00,0x00,0x00,0x00,
0x00,0x00,0x00,0xB8,0xFF,0xFF,0x7C,0x00,0x00,0x00,0x00,0x00,0x00,0x00,0x00,0x00,0x00,0x00,0x00,0xB8,0xFF,0xFF,0x7C,0x00,
0x00,0x00,0x00,0x00,0x00,0x00,0x00,0x00,0x00,0x00,0x00,0x00,0x31,0xAC,0xD5,0xD8,0xD8,0xD8,0xD8,0xD8,0xD8,0xD8,0xD8,0xD7,
0xC0,0x58,0x00,0x00,0x00,0x2E,0xF6,0xFF,0xFF,0xFF,0xFF,0xFF,0xFF,0xFF,0xFF,0xFF,0xFF,0xFF,0xFF,0xFF,0x70,0x00,0x00,0xA0,
0xFF,0xFF,0xFF,0xFF,0xFF,0xFF,0xFF,0xFF,0xFF,0xFF,0xFF,0xFF,0xFF,0xFF,0xED,0x01,0x00,0xC2,0xFF,0xFF,0x9D,0x58,0x58,0x58,
0x58,0x58,0x58,0x58,0x58,0x70,0xFF,0xFF,0xFF,0x12,0x00,0xC4,0xFF,0xFF,0x68,0x00,0x00,0x00,0x00,0x00,0x00,0x00,0x00,0x18,
0xB0,0xB0,0xB0,0x0D,0x00,0xC4,0xFF,0xFF,0x68,0x00,0x00,0x00,0x00,0x00,0x00,0x00,0x00,0x00,0x00,0x00,0x00,0x00,0x00,0xC4,
0xFF,0xFF,0x68,0x00,0x00,0x00,0x00,0x00,0x11,0x1C,0x1C,0x1C,0x1C,0x1C,0x1C,0x02,0x00,0xC4,0xFF,0xFF,0x68,0x00,0x00,0x00,
0x00,0x00,0xA4,0xFF,0xFF,0xFF,0xFF,0xFF,0xFF,0x14,0x00,0xC4,0xFF,0xFF,0x68,0x00,0x00,0x00,0x00,0x00,0xA4,0xFF,0xFF,0xFF,
0xFF,0xFF,0xFF,0x14,0x00,0xC4,0xFF,0xFF,0x68,0x00,0x00,0x00,0x00,0x00,0xA4,0xFF,0xFF,0xFF,0xFF,0xFF,0xFF,0x14,0x00,0xC4,
0xFF,0xFF,0x68,0x00,0x00,0x00,0x00,0x00,0x0C,0x14,0x14,0x35,0xFF,0xFF,0xFF,0x14,0x00,0xC4,0xFF,0xFF,0x68,0x00,0x00,0x00,
0x00,0x00,0x00,0x00,0x00,0x24,0xFF,0xFF,0xFF,0x14,0x00,0xC3,0xFF,0xFF,0x85,0x30,0x30,0x30,0x30,0x30,0x30,0x30,0x30,0x4E,
0xFF,0xFF,0xFF,0x13,0x00,0xAA,0xFF,0xFF,0xFF,0xFF,0xFF,0xFF,0xFF,0xFF,0xFF,0xFF,0xFF,0xFF,0xFF,0xFF,0xF5,0x02,0x00,0x42,
0xFE,0xFF,0xFF,0xFF,0xFF,0xFF,0xFF,0xFF,0xFF,0xFF,0xFF,0xFF,0xFF,0xFF,0x8B,0x00,0x00,0x00,0x54,0xD7,0xFD,0xFF,0xFF,0xFF,
0xFF,0xFF,0xFF,0xFF,0xFF,0xFF,0xE9,0x84,0x04,0x00,0x00,0xA2,0xD8,0xD8,0x5B,0x00,0x00,0x00,0x00,0x00,0x00,0x00,0x00,0x00,
0x9E,0xD8,0xD8,0x5E,0x00,0x00,0xC0,0xFF,0xFF,0x6C,0x00,0x00,0x00,0x00,0x00,0x00,0x00,0x00,0x00,0xBC,0xFF,0xFF,0x70,0x00,
0x00,0xC0,0xFF,0xFF,0x6C,0x00,0x00,0x00,0x00,0x00,0x00,0x00,0x00,0x00,0xBC,0xFF,0xFF,0x70,0x00,0x00,0xC0,0xFF,0xFF,0x6C,
0x00,0x00,0x00,0x00,0x00,0x00,0x00,0x00,0x00,0xBC,0xFF,0xFF,0x70,0x00,0x00,0xC0,0xFF,0xFF,0x6C,0x00,0x00,0x00,0x00,0x00,
0x00,0x00,0x00,0x00,0xBC,0xFF,0xFF,0x70,0x00,0x00,0xC0,0xFF,0xFF,0x6C,0x00,0x00,0x00,0x00,0x00,0x00,0x00,0x00,0x00,0xBC,
0xFF,0xFF,0x70,0x00,0x00,0xC0,0xFF,0xFF,0xB8,0x84,0x84,0x84,0x84,0x84,0x84,0x84,0x84,0x84,0xDF,0xFF,0xFF,0x70,0x00,0x00,
0xC0,0xFF,0xFF,0xFF,0xFF,0xFF,0xFF,0xFF,0xFF,0xFF,0xFF,0xFF,0xFF,0xFF,0xFF,0xFF,0x70,0x00,0x00,0xC0,0xFF,0xFF,0xFF,0xFF,
0xFF,0xFF,0xFF,0xFF,0xFF,0xFF,0xFF,0xFF,0xFF,0xFF,0xFF,0x70,0x00,0x00,0xC0,0xFF,0xFF,0xCF,0xAC,0xAC,0xAC,0xAC,0xAC,0xAC,
0xAC,0xAC,0xAC,0xE9,0xFF,0xFF,0x70,0x00,0x00,0xC0,0xFF,0xFF,0x6C,0x00,0x00,0x00,0x00,0x00,0x00,0x00,0x00,0x00,0xBC,0xFF,
0xFF,0x70,0x00,0x00,0xC0,0xFF,0xFF,0x6C,0x00,0x00,0x00,0x00,0x00,0x00,0x00,0x00,0x00,0xBC,0xFF,0xFF,0x70,0x00,0x00,0xC0,
0xFF,0xFF,0x6C,0x00,0x00,0x00,0x00,0x00,0x00,0x00,0x00,0x00,0xBC,0xFF,0xFF,0x70,0x00,0x00,0xC0,0xFF,0xFF,0x6C,0x00,0x00,
0x00,0x00,0x00,0x00,0x00,0x00,0x00,0xBC,0xFF,0xFF,0x70,0x00,0x00,0xC0,0xFF,0xFF,0x6C,0x00,0x00,0x00,0x00,0x00,0x00,0x00,
0x00,0x00,0xBC,0xFF,0xFF,0x70,0x00,0x00,0xC0,0xFF,0xFF,0x6C,0x00,0x00,0x00,0x00,0x00,0x00,0x00,0x00,0x00,0xBC,0xFF,0xFF,
0x70,0x00,0x2B,0xD8,0xD8,0xCA,0x00,0x34,0xFF,0xFF,0xF0,0x00,0x34,0xFF,0xFF,0xF0,0x00,0x34,0xFF,0xFF,0xF0,0x00,0x34,0xFF,
0xFF,0xF0,0x00,0x34,0xFF,0xFF,0xF0,0x00,0x34,0xFF,0xFF,0xF0,0x00,0x34,0xFF,0xFF,0xF0,0x00,0x34,0xFF,0xFF,0xF0,0x00,0x34,
0xFF,0xFF,0xF0,0x00,0x34,0xFF,0xFF,0xF0,0x00,0x34,0xFF,0xFF,0xF0,0x00,0x34,0xFF,0xFF,0xF0,0x00,0x34,0xFF,0xFF,0xF0,0x00,
0x34,0xFF,0xFF,0xF0,0x00,0x34,0xFF,0xFF,0xF0,0x00,0x00,0x00,0x00,0x00,0x00,0x00,0x00,0x00,0x00,0x00,0x00,0x00,0x3C,0xD8,
0xD8,0xC7,0x00,0x00,0x00,0x00,0x00,0x00,0x00,0x00,0x00,0x00,0x00,0x00,0x00,0x48,0xFF,0xFF,0xEC,0x00,0x00,0x00,0x00,0x00,
0x00,0x00,0x00,0x00,0x00,0x00,0x00,0x00,0x48,0xFF,0xFF,0xEC,0x00,0x00,0x00,0x00,0x00,0x00,0x00,0x00,0x00,0x00,0x00,0x00,
0x00,0x48,0xFF,0xFF,0xEC,0x00,0x00,0x00,0x00,0x00,0x00,0x00,0x00,0x00,0x00,0x00,0x00,0x00,0x48,0xFF,0xFF,0xEC,0x00,0x00,
0x00,0x00,0x00,0x00,0x00,0x00,0x00,0x00,0x00,0x00,0x00,0x48,0xFF,0xFF,0xEC,0x00,0x00,0x00,0x00,0x00,0x00,0x00,0x00,0x00,
0x00,0x00,0x00,0x00,0x48,0xFF,0xFF,0xEC,0x00,0x00,0x00,0x00,0x00,0x00,0x00,0x00,0x00,0x00,0x00,0x00,0x00,0x48,0xFF,0xFF,
0xEC,0x00,0x00,0x00,0x00,0x00,0x00,0x00,0x00,0x00,0x00,0x00,0x00,0x00,0x48,0xFF,0xFF,0xEC,0x00,0x00,0x00,0x00,0x00,0x00,
0x00,0x00,0x00,0x00,0x00,0x00,0x00,0x48,0xFF,0xFF,0xEC,0x00,0x15,0x18,0x18,0x06,0x00,0x00,0x00,0x00,0x00,0x00,0x00,0x00,
0x48,0xFF,0xFF,0xEC,0x00,0xE8,0xFF,0xFF,0x40,0x00,0x00,0x00,0x00,0x00,0x00,0x00,0x00,0x48,0xFF,0xFF,0xEC,0x00,0xE7,0xFF,
0xFF,0x65,0x30,0x30,0x30,0x30,0x30,0x30,0x30,0x30,0x6B,0xFF,0xFF,0xEB,0x00,0xCE,0xFF,0xFF,0xFF,0xFF,0xFF,0xFF,0xFF,0xFF,
0xFF,0xFF,0xFF,0xFF,0xFF,0xFF,0xD0,0x00,0x65,0xFF,0xFF,0xFF,0xFF,0xFF,0xFF,0xFF,0xFF,0xFF,0xFF,0xFF,0xFF,0xFF,0xFF,0x64,
0x00,0x00,0x6E,0xE1,0xFF,0xFF,0xFF,0xFF,0xFF,0xFF,0xFF,0xFF,0xFF,0xFF,0xE1,0x6E,0x00,0x00,0x00,0xA2,0xD8,0xD8,0x5E,0x00,
0x00,0x00,0x00,0x00,0x00,0x00,0x30,0xD4,0xD8,0xD8,0x6F,0x00,0x00,0xC0,0xFF,0xFF,0x70,0x00,0x00,0x00,0x00,0x00,0x00,0x18,
0xE3,0xFF,0xFF,0xFB,0x3F,0x00,0x00,0xC0,0xFF,0xFF,0x70,0x00,0x00,0x00,0x00,0x00,0x08,0xC9,0xFF,0xFF,0xFF,0x66,0x00,0x00,
0x00,0xC0,0xFF,0xFF,0x70,0x00,0x00,0x00,0x00,0x00,0xA7,0xFF,0xFF,0xFF,0x8F,0x00,0x00,0x00,0x00,0xC0,0xFF,0xFF,0x70,0x00,
0x00,0x00,0x00,0x7F,0xFF,0xFF,0xFF,0xB5,0x03,0x00,0x00,0x00,0x00,0xC0,0xFF,0xFF,0x70,0x00,0x00,0x00,0x56,0xFE,0xFF,0xFF,
0xD4,0x0D,0x00,0x00,0x00,0x00,0x00,0xC0,0xFF,0xFF,0xBA,0x84,0x84,0x87,0xF6,0xFF,0xFF,0xEA,0x20,0x00,0x00,0x00,0x00,0x00,
0x00,0xC0,0xFF,0xFF,0xFF,0xFF,0xFF,0xFF,0xFF,0xFF,0xF8,0x3B,0x00,0x00,0x00,0x00,0x00,0x00,0x00,0xC0,0xFF,0xFF,0xFF,0xFF,
0xFF,0xFF,0xFF,0xFF,0xEE,0x24,0x00,0x00,0x00,0x00,0x00,0x00,0x00,0xC0,0xFF,0xFF,0xD0,0xAC,0xAC,0xAF,0xFD,0xFF,0xFF,0xD8,
0x10,0x00,0x00,0x00,0x00,0x00,0x00,0xC0,0xFF,0xFF,0x70,0x00,0x00,0x00,0x77,0xFF,0xFF,0xFF,0xBB,0x04,0x00,0x00,0x00,0x00,
0x00,0xC0,0xFF,0xFF,0x70,0x00,0x00,0x00,0x00,0xA0,0xFF,0xFF,0xFF,0x96,0x00,0x00,0x00,0x00,0x00,0xC0,0xFF,0xFF,0x70,0x00,
0x00,0x00,0x00,0x06,0xC3,0xFF,0xFF,0xFF,0x6D,0x00,0x00,0x00,0x00,0xC0,0xFF,0xFF,0x70,0x00,0x00,0x00,0x00,0x00,0x15,0xDE,
0xFF,0xFF,0xFC,0x48,0x00,0x00,0x00,0xC0,0xFF,0xFF,0x70,0x00,0x00,0x00,0x00,0x00,0x00,0x2B,0xF2,0xFF,0xFF,0xF1,0x2A,0x00,
0x00,0xC0,0xFF,0xFF,0x70,0x00,0x00,0x00,0x00,0x00,0x00,0x00,0x4A,0xFC,0xFF,0xFF,0x84,0x00,0x00,0xA5,0xDC,0xDC,0x5C,0x00,
0x00,0x00,0x00,0x00,0x00,0x00,0x00,0x00,0x00,0x00,0x00,0x00,0x00,0xC0,0xFF,0xFF,0x6C,0x00,0x00,0x00,0x00,0x00,0x00,0x00,
0x00,0x00,0x00,0x00,0x00,0x00,0x00,0xC0,0xFF,0xFF,0x6C,0x00,0x00,0x00,0x00,0x00,0x00,0x00,0x00,0x00,0x00,0x00,0x00,0x00,
0x00,0xC0,0xFF,0xFF,0x6C,0x00,0x00,0x00,0x00,0x00,0x00,0x00,0x00,0x00,0x00,0x00,0x00,0x00,0x00,0xC0,0xFF,0xFF,0x6C,0x00,
0x00,0x00,0x00,0x00,0x00,0x00,0x00,0x00,0x00,0x00,0x00,0x00,0x00,0xC0,0xFF,0xFF,0x6C,0x00,0x00,0x00,0x00,0x00,0x00,0x00,
0x00,0x00,0x00,0x00,0x00,0x00,0x00,0xC0,0xFF,0xFF,0x6C,0x00,0x00,0x00,0x00,0x00,0x00,0x00,0x00,0x00,0x00,0x00,0x00,0x00,
0x00,0xC0,0xFF,0xFF,0x6C,0x00,0x00,0x00,0x00,0x00,0x00,0x00,0x00,0x00,0x00,0x00,0x00,0x00,0x00,0xC0,0xFF,0xFF,0x6C,0x00,
0x00,0x00,0x00,0x00,0x00,0x00,0x00,0x00,0x00,0x00,0x00,0x00,0x00,0xC0,0xFF,0xFF,0x6C,0x00,0x00,0x00,0x00,0x00,0x00,0x00,
0x00,0x00,0x00,0x00,0x00,0x00,0x00,0xC0,0xFF,0xFF,0x6C,0x00,0x00,0x00,0x00,0x00,0x00,0x00,0x00,0x00,0x00,0x00,0x00,0x00,
0x00,0xC0,0xFF,0xFF,0x6C,0x00,0x00,0x00,0x00,0x00,0x00,0x00,0x00,0x00,0x00,0x00,0x00,0x00,0x00,0xC0,0xFF,0xFF,0x87,0x30,
0x30,0x30,0x30,0x30,0x30,0x30,0x30,0x30,0x30,0x30,0x30,0x04,0x00,0xC0,0xFF,0xFF,0xFF,0xFF,0xFF,0xFF,0xFF,0xFF,0xFF,0xFF,
0xFF,0xFF,0xFF,0xFF,0xFF,0x18,0x00,0xC0,0xFF,0xFF,0xFF,0xFF,0xFF,0xFF,0xFF,0xFF,0xFF,0xFF,0xFF,0xFF,0xFF,0xFF,0xFF,0x18,
0x00,0xC0,0xFF,0xFF,0xFF,0xFF,0xFF,0xFF,0xFF,0xFF,0xFF,0xFF,0xFF,0xFF,0xFF,0xFF,0xFF,0x18,0x00,0xA5,0xD8,0xD8,0xBE,0x0D,
0x00,0x00,0x00,0x00,0x00,0x00,0x00,0x00,0x00,0x92,0xD8,0xD8,0xD8,0x0A,0x00,0xC4,0xFF,0xFF,0xFF,0xB4,0x02,0x00,0x00,0x00,
0x00,0x00,0x00,0x00,0x74,0xFF,0xFF,0xFF,0xFF,0x0C,0x00,0xC4,0xFF,0xFF,0xFF,0xFF,0x8E,0x00,0x00,0x00,0x00,0x00,0x00,0x4B,
0xFD,0xFF,0xFF,0xFF,0xFF,0x0C,0x00,0xC4,0xFF,0xFF,0xFF,0xFF,0xFF,0x64,0x00,0x00,0x00,0x00,0x2C,0xF2,0xFF,0xFF,0xFF,0xFF,
0xFF,0x0C,0x00,0xC4,0xFF,0xFF,0xFF,0xFF,0xFF,0xFA,0x40,0x00,0x00,0x15,0xDF,0xFF,0xFF,0xFF,0xFF,0xFF,0xFF,0x0C,0x00,0xC4,
0xFF,0xFF,0x92,0xF1,0xFF,0xFF,0xED,0x23,0x06,0xC3,0xFF,0xFF,0xFF,0x80,0xFF,0xFF,0xFF,0x0C,0x00,0xC4,0xFF,0xFF,0x68,0x47,
0xFC,0xFF,0xFF,0xD7,0xA5,0xFF,0xFF,0xFF,0x85,0x24,0xFF,0xFF,0xFF,0x0C,0x00,0xC4,0xFF,0xFF,0x68,0x00,0x6C,0xFF,0xFF,0xFF,
0xFF,0xFF,0xFF,0xAD,0x01,0x24,0xFF,0xFF,0xFF,0x0C,0x00,0xC4,0xFF,0xFF,0x68,0x00,0x00,0x94,0xFF,0xFF,0xFF,0xFF,0xCD,0x0A,
0x00,0x24,0xFF,0xFF,0xFF,0x0C,0x00,0xC4,0xFF,0xFF,0x68,0x00,0x00,0x03,0xB8,0xFF,0xFF,0xE5,0x1B,0x00,0x00,0x24,0xFF,0xFF,
0xFF,0x0C,0x00,0xC4,0xFF,0xFF,0x68,0x00,0x00,0x00,0x0E,0xD4,0xF5,0x33,0x00,0x00,0x00,0x24,0xFF,0xFF,0xFF,0x0C,0x00,0xC4,
0xFF,0xFF,0x68,0x00,0x00,0x00,0x00,0x21,0x4E,0x00,0x00,0x00,0x00,0x24,0xFF,0xFF,0xFF,0x0C,0x00,0xC4,0xFF,0xFF,0x68,0x00,
0x00,0x00,0x00,0x00,0x00,0x00,0x00,0x00,0x00,0x24,0xFF,0xFF,0xFF,0x0C,0x00,0xC4,0xFF,0xFF,0x68,0x00,0x00,0x00,0x00,0x00,
0x00,0x00,0x00,0x00,0x00,0x24,0xFF,0xFF,0xFF,0x0C,0x00,0xC4,0xFF,0xFF,0x68,0x00,0x00,0x00,0x00,0x00,0x00,0x00,0x00,0x00,
0x00,0x24,0xFF,0xFF,0xFF,0x0C,0x00,0xC4,0xFF,0xFF,0x68,0x00,0x00,0x00,0x00,0x00,0x00,0x00,0x00,0x00,0x00,0x24,0xFF,0xFF,
0xFF,0x0C,0x00,0xA5,0xD8,0xD8,0xBE,0x0D,0x00,0x00,0x00,0x00,0x00,0x00,0x00,0x1E,0xD8,0xD8,0xD8,0x10,0x00,0xC4,0xFF,0xFF,
0xFF,0xB5,0x02,0x00,0x00,0x00,0x00,0x00,0x00,0x24,0xFF,0xFF,0xFF,0x14,0x00,0xC4,0xFF,0xFF,0xFF,0xFF,0x8E,0x00,0x00,0x00,
0x00,0x00,0x00,0x24,0xFF,0xFF,0xFF,0x14,0x00,0xC4,0xFF,0xFF,0xFF,0xFF,0xFF,0x65,0x00,0x00,0x00,0x00,0x00,0x24,0xFF,0xFF,
0xFF,0x14,0x00,0xC4,0xFF,0xFF,0xFF,0xFF,0xFF,0xFA,0x41,0x00,0x00,0x00,0x00,0x24,0xFF,0xFF,0xFF,0x14,0x00,0xC4,0xFF,0xFF,
0x92,0xF1,0xFF,0xFF,0xED,0x25,0x00,0x00,0x00,0x24,0xFF,0xFF,0xFF,0x14,0x00,0xC4,0xFF,0xFF,0x68,0x48,0xFC,0xFF,0xFF,0xD8,
0x10,0x00,0x00,0x24,0xFF,0xFF,0xFF,0x14,0x00,0xC4,0xFF,0xFF,0x68,0x00,0x6D,0xFF,0xFF,0xFF,0xBB,0x04,0x00,0x24,0xFF,0xFF,
0xFF,0x14,0x00,0xC4,0xFF,0xFF,0x68,0x00,0x00,0x96,0xFF,0xFF,0xFF,0x97,0x00,0x24,0xFF,0xFF,0xFF,0x14,0x00,0xC4,0xFF,0xFF,
0x68,0x00,0x00,0x04,0xBB,0xFF,0xFF,0xFF,0x6D,0x24,0xFF,0xFF,0xFF,0x14,0x00,0xC4,0xFF,0xFF,0x68,0x00,0x00,0x00,0x10,0xD7,
0xFF,0xFF,0xFC,0x6C,0xFF,0xFF,0xFF,0x14,0x00,0xC4,0xFF,0xFF,0x68,0x00,0x00,0x00,0x00,0x23,0xEC,0xFF,0xFF,0xFB,0xFF,0xFF,
0xFF,0x14,0x00,0xC4,0xFF,0xFF,0x68,0x00,0x00,0x00,0x00,0x00,0x3F,0xFA,0xFF,0xFF,0xFF,0xFF,0xFF,0x14,0x00,0xC4,0xFF,0xFF,
0x68,0x00,0x00,0x00,0x00,0x00,0x00,0x62,0xFF,0xFF,0xFF,0xFF,0xFF,0x14,0x00,0xC4,0xFF,0xFF,0x68,0x00,0x00,0x00,0x00,0x00,
0x00,0x00,0x8B,0xFF,0xFF,0xFF,0xFF,0x14,0x00,0xC4,0xFF,0xFF,0x68,0x00,0x00,0x00,0x00,0x00,0x00,0x00,0x02,0xB1,0xFF,0xFF,
0xFF,0x14,0x00,0x00,0x36,0xB0,0xD5,0xD8,0xD8,0xD8,0xD8,0xD8,0xD8,0xD8,0xD8,0xD7,0xBE,0x53,0x00,0x00,0x00,0x37,0xF9,0xFF,
0xFF,0xFF,0xFF,0xFF,0xFF,0xFF,0xFF,0xFF,0xFF,0xFF,0xFF,0xFF,0x64,0x00,0x00,0xAC,0xFF,0xFF,0xFF,0xFF,0xFF,0xFF,0xFF,0xFF,
0xFF,0xFF,0xFF,0xFF,0xFF,0xFF,0xE2,0x00,0x00,0xCE,0xFF,0xFF,0x95,0x58,0x58,0x58,0x58,0x58,0x58,0x58,0x58,0x76,0xFF,0xFF,
0xFF,0x06,0x00,0xD0,0xFF,0xFF,0x5C,0x00,0x00,0x00,0x00,0x00,0x00,0x00,0x00,0x2C,0xFF,0xFF,0xFF,0x08,0x00,0xD0,0xFF,0xFF,
0x5C,0x00,0x00,0x00,0x00,0x00,0x00,0x00,0x00,0x2C,0xFF,0xFF,0xFF,0x08,0x00,0xD0,0xFF,0xFF,0x5C,0x00,0x00,0x00,0x00,0x00,
0x00,0x00,0x00,0x2C,0xFF,0xFF,0xFF,0x08,0x00,0xD0,0xFF,0xFF,0x5C,0x00,0x00,0x00,0x00,0x00,0x00,0x00,0x00,0x2C,0xFF,0xFF,
0xFF,0x08,0x00,0xD0,0xFF,0xFF,0x5C,0x00,0x00,0x00,0x00,0x00,0x00,0x00,0x00,0x2C,0xFF,0xFF,0xFF,0x08,0x00,0xD0,0xFF,0xFF,
0x5C,0x00,0x00,0x00,0x00,0x00,0x00,0x00,0x00,0x2C,0xFF,0xFF,0xFF,0x08,0x00,0xD0,0xFF,0xFF,0x5C,0x00,0x00,0x00,0x00,0x00,
0x00,0x00,0x00,0x2C,0xFF,0xFF,0xFF,0x08,0x00,0xD0,0xFF,0xFF,0x5C,0x00,0x00,0x00,0x00,0x00,0x00,0x00,0x00,0x2C,0xFF,0xFF,
0xFF,0x08,0x00,0xCF,0xFF,0xFF,0x7B,0x30,0x30,0x30,0x30,0x30,0x30,0x30,0x30,0x55,0xFF,0xFF,0xFF,0x07,0x00,0xB6,0xFF,0xFF,
0xFF,0xFF,0xFF,0xFF,0xFF,0xFF,0xFF,0xFF,0xFF,0xFF,0xFF,0xFF,0xEC,0x00,0x00,0x4C,0xFF,0xFF,0xFF,0xFF,0xFF,0xFF,0xFF,0xFF,
0xFF,0xFF,0xFF,0xFF,0xFF,0xFF,0x80,0x00,0x00,0x00,0x5C,0xDA,0xFE,0xFF,0xFF,0xFF,0xFF,0xFF,0xFF,0xFF,0xFF,0xFF,0xE7,0x7F,
0x02,0x00,0x00,0x9F,0xD0,0xD0,0xD0,0xD0,0xD0,0xD0,0xD0,0xD0,0xD0,0xD0,0xD0,0xCF,0xB8,0x54,0x00,0x00,0x00,0xC4,0xFF,0xFF,
0xFF,0xFF,0xFF,0xFF,0xFF,0xFF,0xFF,0xFF,0xFF,0xFF,0xFF,0xFF,0x6B,0x00,0x00,0xC4,0xFF,0xFF,0xFF,0xFF,0xFF,0xFF,0xFF,0xFF,
0xFF,0xFF,0xFF,0xFF,0xFF,0xFF,0xEB,0x00,0x00,0xC4,0xFF,0xFF,0x9D,0x58,0x58,0x58,0x58,0x58,0x58,0x58,0x58,0x70,0xFF,0xFF,
0xFF,0x11,0x00,0xC4,0xFF,0xFF,0x68,0x00,0x00,0x00,0x00,0x00,0x00,0x00,0x00,0x24,0xFF,0xFF,0xFF,0x14,0x00,0xC4,0xFF,0xFF,
0x68,0x00,0x00,0x00,0x00,0x00,0x00,0x00,0x00,0x24,0xFF,0xFF,0xFF,0x14,0x00,0xC4,0xFF,0xFF,0x68,0x00,0x00,0x00,0x00,0x00,
0x00,0x00,0x00,0x24,0xFF,0xFF,0xFF,0x14,0x00,0xC4,0xFF,0xFF,0xB5,0x80,0x80,0x80,0x80,0x80,0x80,0x80,0x80,0x93,0xFF,0xFF,
0xFF,0x0F,0x00,0xC4,0xFF,0xFF,0xFF,0xFF,0xFF,0xFF,0xFF,0xFF,0xFF,0xFF,0xFF,0xFF,0xFF,0xFF,0xE1,0x00,0x00,0xC4,0xFF,0xFF,
0xFF,0xFF,0xFF,0xFF,0xFF,0xFF,0xFF,0xFF,0xFF,0xFF,0xFF,0xFC,0x54,0x00,0x00,0xC4,0xFF,0xFF,0xD2,0xB4,0xB3,0xB3,0xB3,0xB2,
0xB2,0xB1,0xB1,0xB0,0x99,0x37,0x00,0x00,0x00,0xC4,0xFF,0xFF,0x68,0x00,0x00,0x00,0x00,0x00,0x00,0x00,0x00,0x00,0x00,0x00,
0x00,0x00,0x00,0xC4,0xFF,0xFF,0x68,0x00,0x00,0x00,0x00,0x00,0x00,0x00,0x00,0x00,0x00,0x00,0x00,0x00,0x00,0xC4,0xFF,0xFF,
0x68,0x00,0x00,0x00,0x00,0x00,0x00,0x00,0x00,0x00,0x00,0x00,0x00,0x00,0x00,0xC4,0xFF,0xFF,0x68,0x00,0x00,0x00,0x00,0x00,
0x00,0x00,0x00,0x00,0x00,0x00,0x00,0x00,0x00,0xC4,0xFF,0xFF,0x68,0x00,0x00,0x00,0x00,0x00,0x00,0x00,0x00,0x00,0x00,0x00,
0x00,0x00,0x00,0x00,0x36,0xB0,0xD5,0xD8,0xD8,0xD8,0xD8,0xD8,0xD8,0xD8,0xD8,0xD7,0xBE,0x53,0x00,0x00,0x00,0x00,0x37,0xF9,
0xFF,0xFF,0xFF,0xFF,0xFF,0xFF,0xFF,0xFF,0xFF,0xFF,0xFF,0xFF,0xFF,0x64,0x00,0x00,0x00,0xAC,0xFF,0xFF,0xFF,0xFF,0xFF,0xFF,
0xFF,0xFF,0xFF,0xFF,0xFF,0xFF,0xFF,0xFF,0xE2,0x00,0x00,0x00,0xCE,0xFF,0xFF,0x95,0x58,0x58,0x58,0x58,0x58,0x58,0x58,0x58,
0x76,0xFF,0xFF,0xFF,0x06,0x00,0x00,0xD0,0xFF,0xFF,0x5C,0x00,0x00,0x00,0x00,0x00,0x00,0x00,0x00,0x2C,0xFF,0xFF,0xFF,0x08,
0x00,0x00,0xD0,0xFF,0xFF,0x5C,0x00,0x00,0x00,0x00,0x00,0x00,0x00,0x00,0x2C,0xFF,0xFF,0xFF,0x08,0x00,0x00,0xD0,0xFF,0xFF,
0x5C,0x00,0x00,0x00,0x00,0x00,0x00,0x00,0x00,0x2C,0xFF,0xFF,0xFF,0x08,0x00,0x00,0xD0,0xFF,0xFF,0x5C,0x00,0x00,0x00,0x00,
0x00,0x00,0x00,0x00,0x2C,0xFF,0xFF,0xFF,0x08,0x00,0x00,0xD0,0xFF,0xFF,0x5C,0x00,0x00,0x00,0x00,0x00,0x00,0x00,0x00,0x2C,
0xFF,0xFF,0xFF,0x08,0x00,0x00,0xD0,0xFF,0xFF,0x5C,0x00,0x00,0x00,0x00,0x00,0x00,0x00,0x00,0x2C,0xFF,0xFF,0xFF,0x08,0x00,
0x00,0xD0,0xFF,0xFF,0x5C,0x00,0x00,0x00,0x00,0x00,0x00,0x00,0x00,0x2C,0xFF,0xFF,0xFF,0x08,0x00,0x00,0xD0,0xFF,0xFF,0x5C,
0x00,0x00,0x00,0x00,0x00,0x00,0x00,0x00,0x2C,0xFF,0xFF,0xFF,0x08,0x00,0x00,0xCF,0xFF,0xFF,0x7B,0x30,0x30,0x30,0x30,0x30,
0x30,0x30,0x30,0x55,0xFF,0xFF,0xFF,0x38,0x2A,0x00,0xB6,0xFF,0xFF,0xFF,0xFF,0xFF,0xFF,0xFF,0xFF,0xFF,0xFF,0xFF,0xFF,0xFF,
0xFF,0xFF,0xFF,0xE0,0x00,0x4C,0xFF,0xFF,0xFF,0xFF,0xFF,0xFF,0xFF,0xFF,0xFF,0xFF,0xFF,0xFF,0xFF,0xFF,0xFF,0xFF,0xE0,0x00,
0x00,0x5C,0xDA,0xFE,0xFF,0xFF,0xFF,0xFF,0xFF,0xFF,0xFF,0xFF,0xFF,0xFF,0xFF,0xFF,0xFF,0xE0,0x00,0x9F,0xD0,0xD0,0xD0,0xD0,
0xD0,0xD0,0xD0,0xD0,0xD0,0xD0,0xD0,0xCF,0xB8,0x54,0x00,0x00,0x00,0xC4,0xFF,0xFF,0xFF,0xFF,0xFF,0xFF,0xFF,0xFF,0xFF,0xFF,
0xFF,0xFF,0xFF,0xFF,0x6B,0x00,0x00,0xC4,0xFF,0xFF,0xFF,0xFF,0xFF,0xFF,0xFF,0xFF,0xFF,0xFF,0xFF,0xFF,0xFF,0xFF,0xEB,0x00,
0x00,0xC4,0xFF,0xFF,0x9D,0x58,0x58,0x58,0x58,0x58,0x58,0x58,0x58,0x70,0xFF,0xFF,0xFF,0x11,0x00,0xC4,0xFF,0xFF,0x68,0x00,
0x00,0x00,0x00,0x00,0x00,0x00,0x00,0x24,0xFF,0xFF,0xFF,0x14,0x00,0xC4,0xFF,0xFF,0x68,0x00,0x00,0x00,0x00,0x00,0x00,0x00,
0x00,0x24,0xFF,0xFF,0xFF,0x14,0x00,0xC4,0xFF,0xFF,0x68,0x00,0x00,0x00,0x00,0x00,0x00,0x00,0x00,0x24,0xFF,0xFF,0xFF,0x14,
0x00,0xC4,0xFF,0xFF,0xB5,0x80,0x80,0x80,0x80,0x80,0x80,0x80,0x80,0x93,0xFF,0xFF,0xFF,0x0F,0x00,0xC4,0xFF,0xFF,0xFF,0xFF,
0xFF,0xFF,0xFF,0xFF,0xFF,0xFF,0xFF,0xFF,0xFF,0xFF,0xE1,0x00,0x00,0xC4,0xFF,0xFF,0xFF,0xFF,0xFF,0xFF,0xFF,0xFF,0xFF,0xFF,
0xFF,0xFF,0xFF,0xFC,0x54,0x00,0x00,0xC4,0xFF,0xFF,0xD2,0xB4,0xB3,0xB3,0xB3,0xFF,0xFF,0xFF,0xFF,0xEB,0x99,0x37,0x00,0x00,
0x00,0xC4,0xFF,0xFF,0x68,0x00,0x00,0x00,0x00,0x28,0xEF,0xFF,0xFF,0xEC,0x24,0x00,0x00,0x00,0x00,0xC4,0xFF,0xFF,0x68,0x00,
0x00,0x00,0x00,0x00,0x45,0xFB,0xFF,0xFF,0xD8,0x11,0x00,0x00,0x00,0xC4,0xFF,0xFF,0x68,0x00,0x00,0x00,0x00,0x00,0x00,0x6A,
0xFF,0xFF,0xFF,0xBD,0x05,0x00,0x00,0xC4,0xFF,0xFF,0x68,0x00,0x00,0x00,0x00,0x00,0x00,0x00,0x93,0xFF,0xFF,0xFF,0x9B,0x00,
0x00,0xC4,0xFF,0xFF,0x68,0x00,0x00,0x00,0x00,0x00,0x00,0x00,0x03,0xB8,0xFF,0xFF,0xFF,0x08,0x00,0x00,0x39,0xB1,0xD5,0xD8,
0xD8,0xD8,0xD8,0xD8,0xD8,0xD8,0xD8,0xD7,0xBD,0x51,0x00,0x00,0x00,0x3A,0xFA,0xFF,0xFF,0xFF,0xFF,0xFF,0xFF,0xFF,0xFF,0xFF,
0xFF,0xFF,0xFF,0xFF,0x61,0x00,0x00,0xB0,0xFF,0xFF,0xFF,0xFF,0xFF,0xFF,0xFF,0xFF,0xFF,0xFF,0xFF,0xFF,0xFF,0xFF,0xDE,0x00,
0x00,0xD2,0xFF,0xFF,0x93,0x58,0x58,0x58,0x58,0x58,0x58,0x58,0x58,0x79,0xFF,0xFF,0xFF,0x02,0x00,0xD4,0xFF,0xFF,0x58,0x00,
0x00,0x00,0x00,0x00,0x00,0x00,0x00,0x20,0xAC,0xAC,0xAC,0x02,0x00,0xD4,0xFF,0xFF,0x58,0x00,0x00,0x00,0x00,0x00,0x00,0x00,
0x00,0x00,0x00,0x00,0x00,0x00,0x00,0xD0,0xFF,0xFF,0xAF,0x84,0x84,0x84,0x84,0x84,0x84,0x84,0x84,0x83,0x69,0x13,0x00,0x00,
0x00,0xA4,0xFF,0xFF,0xFF,0xFF,0xFF,0xFF,0xFF,0xFF,0xFF,0xFF,0xFF,0xFF,0xFF,0xE9,0x2C,0x00,0x00,0x26,0xED,0xFF,0xFF,0xFF,
0xFF,0xFF,0xFF,0xFF,0xFF,0xFF,0xFF,0xFF,0xFF,0xFF,0xC3,0x00,0x00,0x00,0x1D,0x87,0xAA,0xAC,0xAC,0xAC,0xAC,0xAC,0xAC,0xAC,
0xAC,0xBD,0xFF,0xFF,0xFB,0x01,0x00,0x00,0x00,0x00,0x00,0x00,0x00,0x00,0x00,0x00,0x00,0x00,0x00,0x30,0xFF,0xFF,0xFF,0x04,
0x00,0x6D,0x84,0x84,0x2D,0x00,0x00,0x00,0x00,0x00,0x00,0x00,0x00,0x30,0xFF,0xFF,0xFF,0x04,0x00,0xD3,0xFF,0xFF,0x78,0x30,
0x30,0x30,0x30,0x30,0x30,0x30,0x30,0x58,0xFF,0xFF,0xFF,0x03,0x00,0xBA,0xFF,0xFF,0xFF,0xFF,0xFF,0xFF,0xFF,0xFF,0xFF,0xFF,
0xFF,0xFF,0xFF,0xFF,0xE8,0x00,0x00,0x50,0xFF,0xFF,0xFF,0xFF,0xFF,0xFF,0xFF,0xFF,0xFF,0xFF,0xFF,0xFF,0xFF,0xFF,0x7C,0x00,
0x00,0x00,0x5E,0xDB,0xFE,0xFF,0xFF,0xFF,0xFF,0xFF,0xFF,0xFF,0xFF,0xFF,0xE7,0x7C,0x02,0x00,0x79,0xD8,0xD8,0xD8,0xD8,0xD8,
0xD8,0xD8,0xD8,0xD8,0xD8,0xD8,0xD8,0xD8,0xD8,0xD8,0x3C,0x90,0xFF,0xFF,0xFF,0xFF,0xFF,0xFF,0xFF,0xFF,0xFF,0xFF,0xFF,0xFF,
0xFF,0xFF,0xFF,0x48,0x90,0xFF,0xFF,0xFF,0xFF,0xFF,0xFF,0xFF,0xFF,0xFF,0xFF,0xFF,0xFF,0xFF,0xFF,0xFF,0x48,0x31,0x58,0x58,
0x58,0x58,0x58,0x7F,0xFF,0xFF,0xF8,0x58,0x58,0x58,0x58,0x58,0x58,0x18,0x00,0x00,0x00,0x00,0x00,0x00,0x3C,0xFF,0xFF,0xF4,
0x00,0x00,0x00,0x00,0x00,0x00,0x00,0x00,0x00,0x00,0x00,0x00,0x00,0x3C,0xFF,0xFF,0xF4,0x00,0x00,0x00,0x00,0x00,0x00,0x00,
0x00,0x00,0x00,0x00,0x00,0x00,0x3C,0xFF,0xFF,0xF4,0x00,0x00,0x00,0x00,0x00,0x00,0x00,0x00,0x00,0x00,0x00,0x00,0x00,0x3C,
0xFF,0xFF,0xF4,0x00,0x00,0x00,0x00,0x00,0x00,0x00,0x00,0x00,0x00,0x00,0x00,0x00,0x3C,0xFF,0xFF,0xF4,0x00,0x00,0x00,0x00,
0x00,0x00,0x00,0x00,0x00,0x00,0x00,0x00,0x00,0x3C,0xFF,0xFF,0xF4,0x00,0x00,0x00,0x00,0x00,0x00,0x00,0x00,0x00,0x00,0x00,
0x00,0x00,0x3C,0xFF,0xFF,0xF4,0x00,0x00,0x00,0x00,0x00,0x00,0x00,0x00,0x00,0x00,0x00,0x00,0x00,0x3C,0xFF,0xFF,0xF4,0x00,
0x00,0x00,0x00,0x00,0x00,0x00,0x00,0x00,0x00,0x00,0x00,0x00,0x3C,0xFF,0xFF,0xF4,0x00,0x00,0x00,0x00,0x00,0x00,0x00,0x00,
0x00,0x00,0x00,0x00,0x00,0x3C,0xFF,0xFF,0xF4,0x00,0x00,0x00,0x00,0x00,0x00,0x00,0x00,0x00,0x00,0x00,0x00,0x00,0x3C,0xFF,
0xFF,0xF4,0x00,0x00,0x00,0x00,0x00,0x00,0x00,0x00,0x00,0x00,0x00,0x00,0x00,0x3C,0xFF,0xFF,0xF4,0x00,0x00,0x00,0x00,0x00,
0x00,0x00,0x00,0xAF,0xD8,0xD8,0x4D,0x00,0x00,0x00,0x00,0x00,0x00,0x00,0x00,0x25,0xD8,0xD8,0xD8,0x06,0x00,0xD0,0xFF,0xFF,
0x5C,0x00,0x00,0x00,0x00,0x00,0x00,0x00,0x00,0x2C,0xFF,0xFF,0xFF,0x08,0x00,0xD0,0xFF,0xFF,0x5C,0x00,0x00,0x00,0x00,0x00,
0x00,0x00,0x00,0x2C,0xFF,0xFF,0xFF,0x08,0x00,0xD0,0xFF,0xFF,0x5C,0x00,0x00,0x00,0x00,0x00,0x00,0x00,0x00,0x2C,0xFF,0xFF,
0xFF,0x08,0x00,0xD0,0xFF,0xFF,0x5C,0x00,0x00,0x00,0x00,0x00,0x00,0x00,0x00,0x2C,0xFF,0xFF,0xFF,0x08,0x00,0xD0,0xFF,0xFF,
0x5C,0x00,0x00,0x00,0x00,0x00,0x00,0x00,0x00,0x2C,0xFF,0xFF,0xFF,0x08,0x00,0xD0,0xFF,0xFF,0x5C,0x00,0x00,0x00,0x00,0x00,
0x00,0x00,0x00,0x2C,0xFF,0xFF,0xFF,0x08,0x00,0xD0,0xFF,0xFF,0x5C,0x00,0x00,0x00,0x00,0x00,0x00,0x00,0x00,0x2C,0xFF,0xFF,
0xFF,0x08,0x00,0xD0,0xFF,0xFF,0x5C,0x00,0x00,0x00,0x00,0x00,0x00,0x00,0x00,0x2C,0xFF,0xFF,0xFF,0x08,0x00,0xD0,0xFF,0xFF,
0x5C,0x00,0x00,0x00,0x00,0x00,0x00,0x00,0x00,0x2C,0xFF,0xFF,0xFF,0x08,0x00,0xD0,0xFF,0xFF,0x5C,0x00,0x00,0x00,0x00,0x00,
0x00,0x00,0x00,0x2C,0xFF,0xFF,0xFF,0x08,0x00,0xD0,0xFF,0xFF,0x5C,0x00,0x00,0x00,0x00,0x00,0x00,0x00,0x00,0x2C,0xFF,0xFF,
0xFF,0x08,0x00,0xCF,0xFF,0xFF,0x7B,0x30,0x30,0x30,0x30,0x30,0x30,0x30,0x30,0x55,0xFF,0xFF,0xFF,0x07,0x00,0xB6,0xFF,0xFF,
0xFF,0xFF,0xFF,0xFF,0xFF,0xFF,0xFF,0xFF,0xFF,0xFF,0xFF,0xFF,0xEC,0x00,0x00,0x4C,0xFF,0xFF,0xFF,0xFF,0xFF,0xFF,0xFF,0xFF,
0xFF,0xFF,0xFF,0xFF,0xFF,0xFF,0x80,0x00,0x00,0x00,0x5C,0xDA,0xFE,0xFF,0xFF,0xFF,0xFF,0xFF,0xFF,0xFF,0xFF,0xFF,0xE7,0x7F,
0x02,0x00,0x0C,0xC9,0xD8,0xD8,0x96,0x00,0x00,0x00,0x00,0x00,0x00,0x00,0x00,0x00,0x00,0x00,0x00,0x15,0xD1,0xD8,0xD8,0x81,
0x00,0x75,0xFF,0xFF,0xFF,0x3B,0x00,0x00,0x00,0x00,0x00,0x00,0x00,0x00,0x00,0x00,0x00,0x9B,0xFF,0xFF,0xF4,0x1B,0x00,0x06,
0xDA,0xFF,0xFF,0xCB,0x01,0x00,0x00,0x00,0x00,0x00,0x00,0x00,0x00,0x00,0x30,0xFD,0xFF,0xFF,0x7C,0x00,0x00,0x00,0x4D,0xFF,
0xFF,0xFF,0x61,0x00,0x00,0x00,0x00,0x00,0x00,0x00,0x00,0x00,0xC1,0xFF,0xFF,0xDF,0x08,0x00,0x00,0x00,0x00,0xB8,0xFF,0xFF,
0xE7,0x0D,0x00,0x00,0x00,0x00,0x00,0x00,0x00,0x56,0xFF,0xFF,0xFF,0x54,0x00,0x00,0x00,0x00,0x00,0x29,0xFB,0xFF,0xFF,0x89,
0x00,0x00,0x00,0x00,0x00,0x00,0x08,0xE0,0xFF,0xFF,0xBF,0x00,0x00,0x00,0x00,0x00,0x00,0x00,0x90,0xFF,0xFF,0xF9,0x23,0x00,
0x00,0x00,0x00,0x00,0x7D,0xFF,0xFF,0xFC,0x2E,0x00,0x00,0x00,0x00,0x00,0x00,0x00,0x10,0xEB,0xFF,0xFF,0xB0,0x00,0x00,0x00,
0x00,0x1B,0xF4,0xFF,0xFF,0x97,0x00,0x00,0x00,0x00,0x00,0x00,0x00,0x00,0x00,0x68,0xFF,0xFF,0xFF,0x44,0x00,0x00,0x00,0xA5,
0xFF,0xFF,0xEF,0x14,0x00,0x00,0x00,0x00,0x00,0x00,0x00,0x00,0x00,0x02,0xD0,0xFF,0xFF,0xD3,0x03,0x00,0x38,0xFE,0xFF,0xFF,
0x6F,0x00,0x00,0x00,0x00,0x00,0x00,0x00,0x00,0x00,0x00,0x00,0x3F,0xFF,0xFF,0xFF,0x6B,0x01,0xCA,0xFF,0xFF,0xD6,0x04,0x00,
0x00,0x00,0x00,0x00,0x00,0x00,0x00,0x00,0x00,0x00,0x00,0xAB,0xFF,0xFF,0xEC,0x71,0xFF,0xFF,0xFF,0x46,0x00,0x00,0x00,0x00,
0x00,0x00,0x00,0x00,0x00,0x00,0x00,0x00,0x00,0x1F,0xF7,0xFF,0xFF,0xFF,0xFF,0xFF,0xB2,0x00,0x00,0x00,0x00,0x00,0x00,0x00,
0x00,0x00,0x00,0x00,0x00,0x00,0x00,0x00,0x83,0xFF,0xFF,0xFF,0xFF,0xF9,0x24,0x00,0x00,0x00,0x00,0x00,0x00,0x00,0x00,0x00,
0x00,0x00,0x00,0x00,0x00,0x00,0x0A,0xE3,0xFF,0xFF,0xFF,0x8A,0x00,0x00,0x00,0x00,0x00,0x00,0x00,0x00,0x00,0x00,0x00,0x00,
0x00,0x00,0x00,0x00,0x00,0x5A,0xFF,0xFF,0xE8,0x0D,0x00,0x00,0x00,0x00,0x00,0x00,0x00,0x00,0x13,0xD6,0xD8,0xD8,0x3F,0x00,
0x00,0x00,0x00,0x00,0x00,0xA2,0xD8,0xD8,0x79,0x00,0x00,0x00,0x00,0x00,0x00,0x68,0xD8,0xD8,0xBD,0x00,0x00,0xBF,0xFF,0xFF,
0xA1,0x00,0x00,0x00,0x00,0x00,0x19,0xFC,0xFF,0xFF,0xE3,0x02,0x00,0x00,0x00,0x00,0x00,0xD1,0xFF,0xFF,0x8A,0x00,0x00,0x62,
0xFF,0xFF,0xF3,0x0A,0x00,0x00,0x00,0x00,0x75,0xFF,0xFF,0xFF,0xFF,0x44,0x00,0x00,0x00,0x00,0x2F,0xFF,0xFF,0xFF,0x2D,0x00,
0x00,0x0E,0xF6,0xFF,0xFF,0x5C,0x00,0x00,0x00,0x00,0xD2,0xFF,0xFF,0xFF,0xFF,0xA2,0x00,0x00,0x00,0x00,0x8D,0xFF,0xFF,0xD0,
0x00,0x00,0x00,0x00,0xA7,0xFF,0xFF,0xBA,0x00,0x00,0x00,0x30,0xFF,0xFF,0xFF,0xFF,0xFF,0xF4,0x0B,0x00,0x00,0x03,0xE7,0xFF,
0xFF,0x72,0x00,0x00,0x00,0x00,0x4A,0xFF,0xFF,0xFD,0x1A,0x00,0x00,0x8E,0xFF,0xFF,0xDA,0xF9,0xFF,0xFF,0x5D,0x00,0x00,0x48,
0xFF,0xFF,0xFC,0x19,0x00,0x00,0x00,0x00,0x04,0xE9,0xFF,0xFF,0x75,0x00,0x03,0xE8,0xFF,0xFF,0x74,0xAD,0xFF,0xFF,0xBB,0x00,
0x00,0xA6,0xFF,0xFF,0xB8,0x00,0x00,0x00,0x00,0x00,0x00,0x90,0xFF,0xFF,0xD2,0x00,0x4A,0xFF,0xFF,0xFD,0x1A,0x4F,0xFF,0xFF,
0xFD,0x1B,0x0D,0xF5,0xFF,0xFF,0x5B,0x00,0x00,0x00,0x00,0x00,0x00,0x33,0xFF,0xFF,0xFF,0x30,0xA8,0xFF,0xFF,0xB9,0x00,0x05,
0xEB,0xFF,0xFF,0x77,0x61,0xFF,0xFF,0xF3,0x0A,0x00,0x00,0x00,0x00,0x00,0x00,0x00,0xD5,0xFF,0xFF,0x9C,0xF6,0xFF,0xFF,0x5B,
0x00,0x00,0x93,0xFF,0xFF,0xD5,0xBE,0xFF,0xFF,0xA1,0x00,0x00,0x00,0x00,0x00,0x00,0x00,0x00,0x78,0xFF,0xFF,0xFF,0xFF,0xFF,
0xF3,0x0A,0x00,0x00,0x35,0xFF,0xFF,0xFF,0xFF,0xFF,0xFF,0x43,0x00,0x00,0x00,0x00,0x00,0x00,0x00,0x00,0x1D,0xFE,0xFF,0xFF,
0xFF,0xFF,0xA0,0x00,0x00,0x00,0x00,0xD6,0xFF,0xFF,0xFF,0xFF,0xE4,0x02,0x00,0x00,0x00,0x00,0x00,0x00,0x00,0x00,0x00,0xBE,
0xFF,0xFF,0xFF,0xFF,0x43,0x00,0x00,0x00,0x00,0x79,0xFF,0xFF,0xFF,0xFF,0x89,0x00,0x00,0x00,0x00,0x00,0x00,0x00,0x00,0x00,
0x00,0x61,0xFF,0xFF,0xFF,0xE3,0x02,0x00,0x00,0x00,0x00,0x1D,0xFD,0xFF,0xFF,0xFF,0x2C,0x00,0x00,0x00,0x00,0x00,0x00,0x00,
0x00,0x00,0x00,0x0D,0xF6,0xFF,0xFF,0x88,0x00,0x00,0x00,0x00,0x00,0x00,0xBD,0xFF,0xFF,0xCF,0x00,0x00,0x00,0x00,0x00,0x00,
0x00,0x00,0x00,0x00,0x00,0x00,0xA7,0xFF,0xFF,0x2A,0x00,0x00,0x00,0x00,0x00,0x00,0x5F,0xFF,0xFF,0x72,0x00,0x00,0x00,0x00,
0x00,0x00,0x00,0xD4,0xD8,0xD8,0x9C,0x01,0x00,0x00,0x00,0x00,0x00,0x00,0x09,0xB8,0xD8,0xD8,0xAF,0x00,0x00,0xB0,0xFF,0xFF,
0xFF,0x82,0x00,0x00,0x00,0x00,0x00,0x01,0xAA,0xFF,0xFF,0xFF,0x83,0x00,0x00,0x0B,0xD0,0xFF,0xFF,0xFF,0x5A,0x00,0x00,0x00,
0x00,0x82,0xFF,0xFF,0xFF,0xAD,0x01,0x00,0x00,0x00,0x1D,0xE8,0xFF,0xFF,0xF8,0x39,0x00,0x00,0x57,0xFF,0xFF,0xFF,0xCD,0x0A,
0x00,0x00,0x00,0x00,0x00,0x38,0xF7,0xFF,0xFF,0xE9,0x20,0x35,0xF6,0xFF,0xFF,0xE5,0x1B,0x00,0x00,0x00,0x00,0x00,0x00,0x00,
0x59,0xFF,0xFF,0xFF,0xD5,0xE6,0xFF,0xFF,0xF6,0x34,0x00,0x00,0x00,0x00,0x00,0x00,0x00,0x00,0x00,0x83,0xFF,0xFF,0xFF,0xFF,
0xFF,0xFE,0x54,0x00,0x00,0x00,0x00,0x00,0x00,0x00,0x00,0x00,0x00,0x01,0xAA,0xFF,0xFF,0xFF,0xFF,0x7B,0x00,0x00,0x00,0x00,
0x00,0x00,0x00,0x00,0x00,0x00,0x00,0x00,0x8B,0xFF,0xFF,0xFF,0xFF,0x5B,0x00,0x00,0x00,0x00,0x00,0x00,0x00,0x00,0x00,0x00,
0x00,0x61,0xFF,0xFF,0xFF,0xFF,0xFF,0xF8,0x39,0x00,0x00,0x00,0x00,0x00,0x00,0x00,0x00,0x00,0x3D,0xF9,0xFF,0xFF,0xE6,0xF8,
0xFF,0xFF,0xE9,0x1F,0x00,0x00,0x00,0x00,0x00,0x00,0x00,0x22,0xEB,0xFF,0xFF,0xF4,0x30,0x5C,0xFF,0xFF,0xFF,0xD3,0x0D,0x00,
0x00,0x00,0x00,0x00,0x0E,0xD5,0xFF,0xFF,0xFE,0x50,0x00,0x00,0x83,0xFF,0xFF,0xFF,0xB5,0x03,0x00,0x00,0x00,0x03,0xB7,0xFF,
0xFF,0xFF,0x77,0x00,0x00,0x00,0x01,0xA9,0xFF,0xFF,0xFF,0x8F,0x00,0x00,0x00,0x91,0xFF,0xFF,0xFF,0xA1,0x00,0x00,0x00,0x00,
0x00,0x08,0xC8,0xFF,0xFF,0xFF,0x67,0x00,0x00,0xFC,0xFF,0xFF,0xC4,0x06,0x00,0x00,0x00,0x00,0x00,0x00,0x17,0xE0,0xFF,0xFF,
0xD0,0x00,0x00,0xA1,0xD8,0xD8,0xC9,0x16,0x00,0x00,0x00,0x00,0x00,0x00,0x00,0x00,0x4F,0xD8,0xD8,0xD8,0x65,0x00,0x21,0xF1,
0xFF,0xFF,0xC0,0x04,0x00,0x00,0x00,0x00,0x00,0x00,0x26,0xF1,0xFF,0xFF,0xC5,0x04,0x00,0x00,0x56,0xFF,0xFF,0xFF,0x90,0x00,
0x00,0x00,0x00,0x00,0x0C,0xD6,0xFF,0xFF,0xEE,0x1E,0x00,0x00,0x00,0x00,0x99,0xFF,0xFF,0xFF,0x5B,0x00,0x00,0x00,0x00,0xAD,
0xFF,0xFF,0xFF,0x50,0x00,0x00,0x00,0x00,0x00,0x09,0xD3,0xFF,0xFF,0xF6,0x30,0x00,0x00,0x79,0xFF,0xFF,0xFF,0x91,0x00,0x00,
0x00,0x00,0x00,0x00,0x00,0x2A,0xF5,0xFF,0xFF,0xDF,0x13,0x46,0xFD,0xFF,0xFF,0xCD,0x06,0x00,0x00,0x00,0x00,0x00,0x00,0x00,
0x00,0x63,0xFF,0xFF,0xFF,0xC2,0xED,0xFF,0xFF,0xF2,0x25,0x00,0x00,0x00,0x00,0x00,0x00,0x00,0x00,0x00,0x00,0xA7,0xFF,0xFF,
0xFF,0xFF,0xFF,0xFF,0x5A,0x00,0x00,0x00,0x00,0x00,0x00,0x00,0x00,0x00,0x00,0x00,0x0D,0xDC,0xFF,0xFF,0xFF,0xFF,0x9D,0x00,
0x00,0x00,0x00,0x00,0x00,0x00,0x00,0x00,0x00,0x00,0x00,0x00,0x33,0xF9,0xFF,0xFF,0xD5,0x0A,0x00,0x00,0x00,0x00,0x00,0x00,
0x00,0x00,0x00,0x00,0x00,0x00,0x00,0x00,0xC0,0xFF,0xFF,0x70,0x00,0x00,0x00,0x00,0x00,0x00,0x00,0x00,0x00,0x00,0x00,0x00,
0x00,0x00,0x00,0xC0,0xFF,0xFF,0x70,0x00,0x00,0x00,0x00,0x00,0x00,0x00,0x00,0x00,0x00,0x00,0x00,0x00,0x00,0x00,0xC0,0xFF,
0xFF,0x70,0x00,0x00,0x00,0x00,0x00,0x00,0x00,0x00,0x00,0x00,0x00,0x00,0x00,0x00,0x00,0xC0,0xFF,0xFF,0x70,0x00,0x00,0x00,
0x00,0x00,0x00,0x00,0x00,0x00,0x00,0x00,0x00,0x00,0x00,0x00,0xC0,0xFF,0xFF,0x70,0x00,0x00,0x00,0x00,0x00,0x00,0x00,0x00,
0x00,0x00,0x00,0x00,0x00,0x00,0x00,0xC0,0xFF,0xFF,0x70,0x00,0x00,0x00,0x00,0x00,0x00,0x00,0x00,0xBD,0xD8,0xD8,0xD8,0xD8,
0xD8,0xD8,0xD8,0xD8,0xD8,0xD8,0xD8,0xD8,0xD8,0xD8,0xD1,0x00,0x00,0xE0,0xFF,0xFF,0xFF,0xFF,0xFF,0xFF,0xFF,0xFF,0xFF,0xFF,
0xFF,0xFF,0xFF,0xFF,0xF8,0x00,0x00,0xE0,0xFF,0xFF,0xFF,0xFF,0xFF,0xFF,0xFF,0xFF,0xFF,0xFF,0xFF,0xFF,0xFF,0xFF,0xF8,0x00,
0x00,0x4D,0x58,0x58,0x58,0x58,0x58,0x58,0x58,0x58,0x58,0x7B,0xFB,0xFF,0xFF,0xFF,0xD1,0x00,0x00,0x00,0x00,0x00,0x00,0x00,
0x00,0x00,0x00,0x00,0x3F,0xEC,0xFF,0xFF,0xFF,0xB8,0x0F,0x00,0x00,0x00,0x00,0x00,0x00,0x00,0x00,0x00,0x00,0x62,0xFA,0xFF,
0xFF,0xFF,0x93,0x03,0x00,0x00,0x00,0x00,0x00,0x00,0x00,0x00,0x00,0x02,0x8A,0xFF,0xFF,0xFF,0xFB,0x69,0x00,0x00,0x00,0x00,
0x00,0x00,0x00,0x00,0x00,0x00,0x0C,0xB1,0xFF,0xFF,0xFF,0xEF,0x44,0x00,0x00,0x00,0x00,0x00,0x00,0x00,0x00,0x00,0x00,0x1D,
0xD0,0xFF,0xFF,0xFF,0xDB,0x27,0x00,0x00,0x00,0x00,0x00,0x00,0x00,0x00,0x00,0x00,0x36,0xE7,0xFF,0xFF,0xFF,0xBF,0x12,0x00,
0x00,0x00,0x00,0x00,0x00,0x00,0x00,0x00,0x00,0x57,0xF7,0xFF,0xFF,0xFF,0x9B,0x05,0x00,0x00,0x00,0x00,0x00,0x00,0x00,0x00,
0x00,0x00,0x7F,0xFF,0xFF,0xFF,0xFD,0x73,0x00,0x00,0x00,0x00,0x00,0x00,0x00,0x00,0x00,0x00,0x00,0x9E,0xFF,0xFF,0xFF,0xFE,
0x7C,0x30,0x30,0x30,0x30,0x30,0x30,0x30,0x30,0x30,0x2E,0x00,0x00,0xE0,0xFF,0xFF,0xFF,0xFF,0xFF,0xFF,0xFF,0xFF,0xFF,0xFF,
0xFF,0xFF,0xFF,0xFF,0xF8,0x00,0x00,0xE0,0xFF,0xFF,0xFF,0xFF,0xFF,0xFF,0xFF,0xFF,0xFF,0xFF,0xFF,0xFF,0xFF,0xFF,0xF8,0x00,
0x00,0xE0,0xFF,0xFF,0xFF,0xFF,0xFF,0xFF,0xFF,0xFF,0xFF,0xFF,0xFF,0xFF,0xFF,0xFF,0xF8,0x00,0x00,0xAF,0xD8,0xD8,0xD8,0x87,
0x00,0xD0,0xFF,0xFF,0xFF,0xA0,0x00,0xD0,0xFF,0xFF,0xFF,0xA0,0x00,0xD0,0xFF,0xFF,0x87,0x2F,0x00,0xD0,0xFF,0xFF,0x54,0x00,
0x00,0xD0,0xFF,0xFF,0x54,0x00,0x00,0xD0,0xFF,0xFF,0x54,0x00,0x00,0xD0,0xFF,0xFF,0x54,0x00,0x00,0xD0,0xFF,0xFF,0x54,0x00,
0x00,0xD0,0xFF,0xFF,0x54,0x00,0x00,0xD0,0xFF,0xFF,0x54,0x00,0x00,0xD0,0xFF,0xFF,0x54,0x00,0x00,0xD0,0xFF,0xFF,0x6C,0x16,
0x00,0xD0,0xFF,0xFF,0xFF,0xA0,0x00,0xD0,0xFF,0xFF,0xFF,0xA0,0x00,0xD0,0xFF,0xFF,0xFF,0xA0,0xC0,0x6B,0x00,0x00,0x00,0x00,
0x00,0x00,0x00,0x00,0x00,0x00,0xE4,0xFB,0x43,0x00,0x00,0x00,0x00,0x00,0x00,0x00,0x00,0x00,0xE4,0xFF,0xED,0x22,0x00,0x00,
0x00,0x00,0x00,0x00,0x00,0x00,0xBB,0xFF,0xFF,0xD3,0x0C,0x00,0x00,0x00,0x00,0x00,0x00,0x00,0x16,0xE2,0xFF,0xFF,0xAF,0x01,
0x00,0x00,0x00,0x00,0x00,0x00,0x00,0x33,0xF6,0xFF,0xFF,0x81,0x00,0x00,0x00,0x00,0x00,0x00,0x00,0x00,0x59,0xFF,0xFF,0xFE,
0x52,0x00,0x00,0x00,0x00,0x00,0x00,0x00,0x00,0x88,0xFF,0xFF,0xF4,0x2D,0x00,0x00,0x00,0x00,0x00,0x00,0x00,0x02,0xB5,0xFF,
0xFF,0xDE,0x13,0x00,0x00,0x00,0x00,0x00,0x00,0x00,0x0F,0xD8,0xFF,0xFF,0xBE,0x04,0x00,0x00,0x00,0x00,0x00,0x00,0x00,0x26,
0xF0,0xFF,0xFF,0x93,0x00,0x00,0x00,0x00,0x00,0x00,0x00,0x00,0x49,0xFD,0xFF,0xFF,0x64,0x00,0x00,0x00,0x00,0x00,0x00,0x00,
0x00,0x76,0xFF,0xFF,0xF9,0x35,0x00,0x00,0x00,0x00,0x00,0x00,0x00,0x00,0xA4,0xFF,0xFF,0x6C,0x00,0x00,0x00,0x00,0x00,0x00,
0x00,0x00,0x08,0xCC,0xFF,0x6D,0x00,0x00,0x00,0x00,0x00,0x00,0x00,0x00,0x00,0x1C,0xE8,0x6F,0x00,0xBD,0xD8,0xD8,0xD8,0x79,
0x00,0xE0,0xFF,0xFF,0xFF,0x90,0x00,0xE0,0xFF,0xFF,0xFF,0x90,0x00,0x42,0xB6,0xFF,0xFF,0x90,0x00,0x00,0x98,0xFF,0xFF,0x90,
0x00,0x00,0x98,0xFF,0xFF,0x90,0x00,0x00,0x98,0xFF,0xFF,0x90,0x00,0x00,0x98,0xFF,0xFF,0x90,0x00,0x00,0x98,0xFF,0xFF,0x90,
0x00,0x00,0x98,0xFF,0xFF,0x90,0x00,0x00,0x98,0xFF,0xFF,0x90,0x00,0x00,0x98,0xFF,0xFF,0x90,0x00,0x1F,0xA6,0xFF,0xFF,0x90,
0x00,0xE0,0xFF,0xFF,0xFF,0x90,0x00,0xE0,0xFF,0xFF,0xFF,0x90,0x00,0xE0,0xFF,0xFF,0xFF,0x90,0x79,0xD2,0xD0,0xD0,0xD0,0xD0,
0xD0,0xD0,0xD0,0xD2,0x79,0x90,0x40,0x00,0x00,0x00,0x00,0x00,0x00,0x00,0x40,0x90,0x90,0x40,0x00,0x00,0x00,0x00,0x00,0x00,
0x00,0x40,0x90,0x90,0x40,0x00,0x00,0x00,0x00,0x00,0x00,0x00,0x40,0x90,0x90,0x40,0x00,0x00,0x00,0x00,0x00,0x00,0x00,0x40,
0x90,0x90,0x40,0x00,0x00,0x00,0x00,0x00,0x00,0x00,0x40,0x90,0x90,0x40,0x00,0x00,0x00,0x00,0x00,0x00,0x00,0x40,0x90,0x90,
0x40,0x00,0x00,0x00,0x00,0x00,0x00,0x00,0x40,0x90,0x90,0x40,0x00,0x00,0x00,0x00,0x00,0x00,0x00,0x40,0x90,0x90,0x40,0x00,
0x00,0x00,0x00,0x00,0x00,0x00,0x40,0x90,0x90,0x40,0x00,0x00,0x00,0x00,0x00,0x00,0x00,0x40,0x90,0x90,0x40,0x00,0x00,0x00,
0x00,0x00,0x00,0x00,0x40,0x90,0x90,0x40,0x00,0x00,0x00,0x00,0x00,0x00,0x00,0x40,0x90,0x90,0x40,0x00,0x00,0x00,0x00,0x00,
0x00,0x00,0x40,0x90,0x90,0x40,0x00,0x00,0x00,0x00,0x00,0x00,0x00,0x40,0x90,0x8E,0xD9,0xCD,0xCE,0xCE,0xCE,0xCF,0xCF,0xCF,
0xDC,0x90,0x00,0xC9,0xF8,0xF8,0xF8,0xF8,0xF8,0xF8,0xF8,0xF8,0xF8,0xF8,0xF8,0xF8,0xF8,0xF8,0xC9,0x00,0x00,0xD0,0xFF,0xFF,
0xFF,0xFF,0xFF,0xFF,0xFF,0xFF,0xFF,0xFF,0xFF,0xFF,0xFF,0xFF,0xD0,0x00,0x00,0xD0,0xFF,0xFF,0xFF,0xFF,0xFF,0xFF,0xFF,0xFF,
0xFF,0xFF,0xFF,0xFF,0xFF,0xFF,0xD0,0x00,0x00,0x23,0x2C,0x2C,0x2C,0x2C,0x2C,0x2C,0x2C,0x2C,0x2C,0x2C,0x2C,0x2C,0x2C,0x2C,
0x23,0x00,0x00,0x4E,0x58,0x58,0x1A,0x00,0x00,0xBB,0xFF,0xFF,0x79,0x00,0x00,0x7B,0xFF,0xFF,0xB9,0x00,0x00,0x3B,0xFF,0xFF,
0xF4,0x04,0x00,0x05,0xE4,0xEC,0xEC,0x32,0x00,0x00,0x00,0x00,0x00,0x00,0x00,0x00,0x00,0x00,0x00,0x00,0x00,0x00,0x00,0x00,
0x00,0x00,0x00,0x00,0x00,0x00,0x00,0x00,0x00,0x00,0x00,0x00,0x00,0x00,0x00,0x00,0x00,0x00,0x00,0x00,0x00,0x00,0x00,0x00,
0x00,0x00,0x00,0x00,0x00,0x00,0x00,0x00,0x00,0x00,0x00,0x00,0x00,0x00,0x00,0x00,0x00,0x00,0x00,0x00,0x00,0x00,0x00,0x00,
0x00,0x00,0x00,0x00,0x00,0x00,0x00,0x00,0x00,0x00,0x00,0x00,0x00,0x00,0x00,0x00,0x00,0x00,0x00,0x00,0x00,0xA8,0xC4,0xC4,
0xC4,0xC4,0xC4,0xC4,0xC4,0xC4,0xC3,0xB0,0x50,0x00,0x00,0x00,0xDC,0xFF,0xFF,0xFF,0xFF,0xFF,0xFF,0xFF,0xFF,0xFF,0xFF,0xFF,
0x6B,0x00,0x00,0xDC,0xFF,0xFF,0xFF,0xFF,0xFF,0xFF,0xFF,0xFF,0xFF,0xFF,0xFF,0xED,0x02,0x00,0x52,0x60,0x60,0x60,0x60,0x60,
0x60,0x60,0x60,0x69,0xFF,0xFF,0xFF,0x15,0x00,0x00,0x00,0x00,0x00,0x00,0x00,0x00,0x00,0x00,0x0C,0xFF,0xFF,0xFF,0x18,0x00,
0xD1,0xF4,0xF4,0xF4,0xF4,0xF4,0xF4,0xF4,0xF4,0xF4,0xFF,0xFF,0xFF,0x18,0x00,0xDC,0xFF,0xFF,0xFF,0xFF,0xFF,0xFF,0xFF,0xFF,
0xFF,0xFF,0xFF,0xFF,0x18,0x00,0xDC,0xFF,0xFF,0xE0,0xD4,0xD4,0xD4,0xD4,0xD4,0xD6,0xFF,0xFF,0xFF,0x18,0x00,0xDC,0xFF,0xFF,
0x48,0x00,0x00,0x00,0x00,0x00,0x0C,0xFF,0xFF,0xFF,0x18,0x00,0xDB,0xFF,0xFF,0x62,0x24,0x24,0x24,0x24,0x24,0x2E,0xFF,0xFF,
0xFF,0x18,0x00,0xC4,0xFF,0xFF,0xFF,0xFF,0xFF,0xFF,0xFF,0xFF,0xFF,0xFF,0xFF,0xFF,0x18,0x00,0x5B,0xFF,0xFF,0xFF,0xFF,0xFF,
0xFF,0xFF,0xFF,0xFF,0xFF,0xFF,0xFF,0x18,0x00,0x00,0x68,0xE0,0xFF,0xFF,0xFF,0xFF,0xFF,0xFF,0xFF,0xFF,0xFF,0xFF,0x18,0x00,
0xC3,0xF0,0xF0,0x4E,0x00,0x00,0x00,0x00,0x00,0x00,0x00,0x00,0x00,0x00,0x00,0xD0,0xFF,0xFF,0x54,0x00,0x00,0x00,0x00,0x00,
0x00,0x00,0x00,0x00,0x00,0x00,0xD0,0xFF,0xFF,0x54,0x00,0x00,0x00,0x00,0x00,0x00,0x00,0x00,0x00,0x00,0x00,0xD0,0xFF,0xFF,
0x54,0x00,0x00,0x00,0x00,0x00,0x00,0x00,0x00,0x00,0x00,0x00,0xD0,0xFF,0xFF,0xD7,0xC4,0xC4,0xC4,0xC4,0xC4,0xC4,0xB2,0x55,
0x00,0x00,0x00,0xD0,0xFF,0xFF,0xFF,0xFF,0xFF,0xFF,0xFF,0xFF,0xFF,0xFF,0xFF,0x78,0x00,0x00,0xD0,0xFF,0xFF,0xFF,0xFF,0xFF,
0xFF,0xFF,0xFF,0xFF,0xFF,0xFF,0xF4,0x08,0x00,0xD0,0xFF,0xFF,0x95,0x60,0x60,0x60,0x60,0x60,0x61,0xFF,0xFF,0xFF,0x21,0x00,
0xD0,0xFF,0xFF,0x54,0x00,0x00,0x00,0x00,0x00,0x00,0xFF,0xFF,0xFF,0x24,0x00,0xD0,0xFF,0xFF,0x54,0x00,0x00,0x00,0x00,0x00,
0x00,0xFF,0xFF,0xFF,0x24,0x00,0xD0,0xFF,0xFF,0x54,0x00,0x00,0x00,0x00,0x00,0x00,0xFF,0xFF,0xFF,0x24,0x00,0xD0,0xFF,0xFF,
0x54,0x00,0x00,0x00,0x00,0x00,0x00,0xFF,0xFF,0xFF,0x24,0x00,0xD0,0xFF,0xFF,0x54,0x00,0x00,0x00,0x00,0x00,0x00,0xFF,0xFF,
0xFF,0x24,0x00,0xD0,0xFF,0xFF,0x6D,0x24,0x24,0x24,0x24,0x24,0x25,0xFF,0xFF,0xFF,0x23,0x00,0xD0,0xFF,0xFF,0xFF,0xFF,0xFF,
0xFF,0xFF,0xFF,0xFF,0xFF,0xFF,0xFD,0x0E,0x00,0xD0,0xFF,0xFF,0xFF,0xFF,0xFF,0xFF,0xFF,0xFF,0xFF,0xFF,0xFF,0xA2,0x00,0x00,
0xD0,0xFF,0xFF,0xFF,0xFF,0xFF,0xFF,0xFF,0xFF,0xFF,0xEF,0x94,0x09,0x00,0x00,0x00,0x31,0xA3,0xC2,0xC4,0xC4,0xC4,0xC4,0xC4,
0xC4,0xC4,0xC4,0xC4,0x09,0x00,0x3A,0xF9,0xFF,0xFF,0xFF,0xFF,0xFF,0xFF,0xFF,0xFF,0xFF,0xFF,0xFF,0x0C,0x00,0xB9,0xFF,0xFF,
0xFF,0xFF,0xFF,0xFF,0xFF,0xFF,0xFF,0xFF,0xFF,0xFF,0x0C,0x00,0xDE,0xFF,0xFF,0x89,0x60,0x60,0x60,0x60,0x60,0x60,0x60,0x60,
0x60,0x04,0x00,0xE0,0xFF,0xFF,0x40,0x00,0x00,0x00,0x00,0x00,0x00,0x00,0x00,0x00,0x00,0x00,0xE0,0xFF,0xFF,0x40,0x00,0x00,
0x00,0x00,0x00,0x00,0x00,0x00,0x00,0x00,0x00,0xE0,0xFF,0xFF,0x40,0x00,0x00,0x00,0x00,0x00,0x00,0x00,0x00,0x00,0x00,0x00,
0xE0,0xFF,0xFF,0x40,0x00,0x00,0x00,0x00,0x00,0x00,0x00,0x00,0x00,0x00,0x00,0xE0,0xFF,0xFF,0x40,0x00,0x00,0x00,0x00,0x00,
0x00,0x00,0x00,0x00,0x00,0x00,0xDF,0xFF,0xFF,0x5C,0x24,0x24,0x24,0x24,0x24,0x24,0x24,0x24,0x24,0x02,0x00,0xC8,0xFF,0xFF,
0xFF,0xFF,0xFF,0xFF,0xFF,0xFF,0xFF,0xFF,0xFF,0xFF,0x10,0x00,0x5E,0xFF,0xFF,0xFF,0xFF,0xFF,0xFF,0xFF,0xFF,0xFF,0xFF,0xFF,
0xFF,0x10,0x00,0x00,0x69,0xE0,0xFF,0xFF,0xFF,0xFF,0xFF,0xFF,0xFF,0xFF,0xFF,0xFF,0x10,0x00,0x00,0x00,0x00,0x00,0x00,0x00,
0x00,0x00,0x00,0x9D,0xF0,0xF0,0x70,0x00,0x00,0x00,0x00,0x00,0x00,0x00,0x00,0x00,0x00,0x00,0xA8,0xFF,0xFF,0x78,0x00,0x00,
0x00,0x00,0x00,0x00,0x00,0x00,0x00,0x00,0x00,0xA8,0xFF,0xFF,0x78,0x00,0x00,0x00,0x00,0x00,0x00,0x00,0x00,0x00,0x00,0x00,
0xA8,0xFF,0xFF,0x78,0x00,0x00,0x0E,0x85,0xBD,0xC4,0xC4,0xC4,0xC4,0xC4,0xC4,0xEB,0xFF,0xFF,0x78,0x00,0x07,0xCD,0xFF,0xFF,
0xFF,0xFF,0xFF,0xFF,0xFF,0xFF,0xFF,0xFF,0xFF,0x78,0x00,0x59,0xFF,0xFF,0xFF,0xFF,0xFF,0xFF,0xFF,0xFF,0xFF,0xFF,0xFF,0xFF,
0x78,0x00,0x7E,0xFF,0xFF,0xCA,0x60,0x60,0x60,0x60,0x60,0x60,0xCA,0xFF,0xFF,0x78,0x00,0x80,0xFF,0xFF,0xA8,0x00,0x00,0x00,
0x00,0x00,0x00,0xA8,0xFF,0xFF,0x78,0x00,0x80,0xFF,0xFF,0xA8,0x00,0x00,0x00,0x00,0x00,0x00,0xA8,0xFF,0xFF,0x78,0x00,0x80,
0xFF,0xFF,0xA8,0x00,0x00,0x00,0x00,0x00,0x00,0xA8,0xFF,0xFF,0x78,0x00,0x80,0xFF,0xFF,0xA8,0x00,0x00,0x00,0x00,0x00,0x00,
0xA8,0xFF,0xFF,0x78,0x00,0x80,0xFF,0xFF,0xA8,0x00,0x00,0x00,0x00,0x00,0x00,0xA8,0xFF,0xFF,0x78,0x00,0x7F,0xFF,0xFF,0xB5,
0x24,0x24,0x24,0x24,0x24,0x24,0xB5,0xFF,0xFF,0x78,0x00,0x68,0xFF,0xFF,0xFF,0xFF,0xFF,0xFF,0xFF,0xFF,0xFF,0xFF,0xFF,0xFF,
0x78,0x00,0x14,0xEB,0xFF,0xFF,0xFF,0xFF,0xFF,0xFF,0xFF,0xFF,0xFF,0xFF,0xFF,0x78,0x00,0x00,0x2E,0xC3,0xF9,0xFF,0xFF,0xFF,
0xFF,0xFF,0xFF,0xFF,0xFF,0xFF,0x78,0x00,0x00,0x00,0x31,0xA3,0xC2,0xC4,0xC4,0xC4,0xC4,0xC4,0xC3,0xAF,0x4B,0x00,0x00,0x00,
0x3A,0xF9,0xFF,0xFF,0xFF,0xFF,0xFF,0xFF,0xFF,0xFF,0xFF,0xFF,0x63,0x00,0x00,0xB9,0xFF,0xFF,0xFF,0xFF,0xFF,0xFF,0xFF,0xFF,
0xFF,0xFF,0xFF,0xE7,0x00,0x00,0xDE,0xFF,0xFF,0x89,0x60,0x60,0x60,0x60,0x60,0x6B,0xFF,0xFF,0xFF,0x0D,0x00,0xE0,0xFF,0xFF,
0x40,0x00,0x00,0x00,0x00,0x00,0x10,0xFF,0xFF,0xFF,0x10,0x00,0xE0,0xFF,0xFF,0xAF,0x94,0x94,0x94,0x94,0x94,0x9A,0xFF,0xFF,
0xFF,0x10,0x00,0xE0,0xFF,0xFF,0xFF,0xFF,0xFF,0xFF,0xFF,0xFF,0xFF,0xFF,0xFF,0xFF,0x10,0x00,0xE0,0xFF,0xFF,0xFF,0xFF,0xFF,
0xFF,0xFF,0xFF,0xFF,0xFF,0xFF,0xFF,0x10,0x00,0xE0,0xFF,0xFF,0x67,0x34,0x34,0x34,0x34,0x34,0x34,0x34,0x34,0x34,0x03,0x00,
0xDF,0xFF,0xFF,0x5C,0x24,0x24,0x24,0x24,0x24,0x24,0x24,0x24,0x24,0x02,0x00,0xC8,0xFF,0xFF,0xFF,0xFF,0xFF,0xFF,0xFF,0xFF,
0xFF,0xFF,0xFF,0xFF,0x10,0x00,0x5E,0xFF,0xFF,0xFF,0xFF,0xFF,0xFF,0xFF,0xFF,0xFF,0xFF,0xFF,0xFF,0x10,0x00,0x00,0x69,0xE0,
0xFF,0xFF,0xFF,0xFF,0xFF,0xFF,0xFF,0xFF,0xFF,0xFF,0x10,0x00,0x00,0x54,0xCD,0xEE,0xF0,0xF0,0xF0,0xF0,0x21,0x00,0x4A,0xFF,
0xFF,0xFF,0xFF,0xFF,0xFF,0xFF,0x24,0x00,0xB8,0xFF,0xFF,0xFF,0xFF,0xFF,0xFF,0xFF,0x24,0x00,0xD3,0xFF,0xFF,0x74,0x38,0x38,
0x38,0x38,0x07,0x00,0xD4,0xFF,0xFF,0xD5,0xC4,0xC4,0xC4,0xC4,0x1B,0x00,0xD4,0xFF,0xFF,0xFF,0xFF,0xFF,0xFF,0xFF,0x24,0x00,
0xD4,0xFF,0xFF,0xFF,0xFF,0xFF,0xFF,0xFF,0x24,0x00,0xD4,0xFF,0xFF,0x8F,0x60,0x60,0x60,0x60,0x0D,0x00,0xD4,0xFF,0xFF,0x4C,
0x00,0x00,0x00,0x00,0x00,0x00,0xD4,0xFF,0xFF,0x4C,0x00,0x00,0x00,0x00,0x00,0x00,0xD4,0xFF,0xFF,0x4C,0x00,0x00,0x00,0x00,
0x00,0x00,0xD4,0xFF,0xFF,0x4C,0x00,0x00,0x00,0x00,0x00,0x00,0xD4,0xFF,0xFF,0x4C,0x00,0x00,0x00,0x00,0x00,0x00,0xD4,0xFF,
0xFF,0x4C,0x00,0x00,0x00,0x00,0x00,0x00,0xD4,0xFF,0xFF,0x4C,0x00,0x00,0x00,0x00,0x00,0x00,0xD4,0xFF,0xFF,0x4C,0x00,0x00,
0x00,0x00,0x00,0x00,0xD4,0xFF,0xFF,0x4C,0x00,0x00,0x00,0x00,0x00,0x00,0x00,0x4E,0xAF,0xC3,0xC4,0xC4,0xC4,0xC4,0xC4,0xC2,
0xA3,0x33,0x00,0x00,0x00,0x6C,0xFF,0xFF,0xFF,0xFF,0xFF,0xFF,0xFF,0xFF,0xFF,0xFF,0xF9,0x39,0x00,0x02,0xEE,0xFF,0xFF,0xFF,
0xFF,0xFF,0xFF,0xFF,0xFF,0xFF,0xFF,0xFF,0xB4,0x00,0x16,0xFF,0xFF,0xFF,0x66,0x60,0x60,0x60,0x60,0x60,0x8C,0xFF,0xFF,0xD9,
0x00,0x18,0xFF,0xFF,0xFF,0x08,0x00,0x00,0x00,0x00,0x00,0x44,0xFF,0xFF,0xDC,0x00,0x18,0xFF,0xFF,0xFF,0x08,0x00,0x00,0x00,
0x00,0x00,0x44,0xFF,0xFF,0xDC,0x00,0x18,0xFF,0xFF,0xFF,0x08,0x00,0x00,0x00,0x00,0x00,0x44,0xFF,0xFF,0xDC,0x00,0x18,0xFF,
0xFF,0xFF,0x08,0x00,0x00,0x00,0x00,0x00,0x44,0xFF,0xFF,0xDC,0x00,0x18,0xFF,0xFF,0xFF,0x08,0x00,0x00,0x00,0x00,0x00,0x44,
0xFF,0xFF,0xDC,0x00,0x17,0xFF,0xFF,0xFF,0x2B,0x24,0x24,0x24,0x24,0x24,0x5F,0xFF,0xFF,0xDC,0x00,0x06,0xFA,0xFF,0xFF,0xFF,
0xFF,0xFF,0xFF,0xFF,0xFF,0xFF,0xFF,0xFF,0xDC,0x00,0x00,0x97,0xFF,0xFF,0xFF,0xFF,0xFF,0xFF,0xFF,0xFF,0xFF,0xFF,0xFF,0xDC,
0x00,0x00,0x07,0x8F,0xED,0xFF,0xFF,0xFF,0xFF,0xFF,0xFF,0xFF,0xFF,0xFF,0xDC,0x00,0x00,0x00,0x00,0x00,0x00,0x00,0x00,0x00,
0x00,0x00,0x44,0xFF,0xFF,0xDC,0x00,0x00,0x00,0x01,0x20,0x20,0x20,0x20,0x20,0x20,0x20,0x5C,0xFF,0xFF,0xDB,0x00,0x00,0x00,
0x08,0xFF,0xFF,0xFF,0xFF,0xFF,0xFF,0xFF,0xFF,0xFF,0xFF,0xC6,0x00,0x00,0x00,0x08,0xFF,0xFF,0xFF,0xFF,0xFF,0xFF,0xFF,0xFF,
0xFF,0xFF,0x65,0x00,0x00,0x00,0x08,0xFF,0xFF,0xFF,0xFF,0xFF,0xFF,0xFF,0xFF,0xE9,0x76,0x00,0x00,0x00,0x00,0x00,0x08,0x08,
0x08,0x08,0x08,0x08,0x08,0x07,0x00,0x00,0x00,0x00,0x00,0xC3,0xF0,0xF0,0x4E,0x00,0x00,0x00,0x00,0x00,0x00,0x00,0x00,0x00,
0x00,0x00,0xD0,0xFF,0xFF,0x54,0x00,0x00,0x00,0x00,0x00,0x00,0x00,0x00,0x00,0x00,0x00,0xD0,0xFF,0xFF,0x54,0x00,0x00,0x00,
0x00,0x00,0x00,0x00,0x00,0x00,0x00,0x00,0xD0,0xFF,0xFF,0x54,0x00,0x00,0x00,0x00,0x00,0x00,0x00,0x00,0x00,0x00,0x00,0xD0,
0xFF,0xFF,0xD7,0xC4,0xC4,0xC4,0xC4,0xC4,0xC4,0xB2,0x55,0x00,0x00,0x00,0xD0,0xFF,0xFF,0xFF,0xFF,0xFF,0xFF,0xFF,0xFF,0xFF,
0xFF,0xFF,0x75,0x00,0x00,0xD0,0xFF,0xFF,0xFF,0xFF,0xFF,0xFF,0xFF,0xFF,0xFF,0xFF,0xFF,0xF3,0x07,0x00,0xD0,0xFF,0xFF,0x95,
0x60,0x60,0x60,0x60,0x60,0x61,0xFF,0xFF,0xFF,0x21,0x00,0xD0,0xFF,0xFF,0x54,0x00,0x00,0x00,0x00,0x00,0x00,0xFF,0xFF,0xFF,
0x24,0x00,0xD0,0xFF,0xFF,0x54,0x00,0x00,0x00,0x00,0x00,0x00,0xFF,0xFF,0xFF,0x24,0x00,0xD0,0xFF,0xFF,0x54,0x00,0x00,0x00,
0x00,0x00,0x00,0xFF,0xFF,0xFF,0x24,0x00,0xD0,0xFF,0xFF,0x54,0x00,0x00,0x00,0x00,0x00,0x00,0xFF,0xFF,0xFF,0x24,0x00,0xD0,
0xFF,0xFF,0x54,0x00,0x00,0x00,0x00,0x00,0x00,0xFF,0xFF,0xFF,0x24,0x00,0xD0,0xFF,0xFF,0x54,0x00,0x00,0x00,0x00,0x00,0x00,
0xFF,0xFF,0xFF,0x24,0x00,0xD0,0xFF,0xFF,0x54,0x00,0x00,0x00,0x00,0x00,0x00,0xFF,0xFF,0xFF,0x24,0x00,0xD0,0xFF,0xFF,0x54,
0x00,0x00,0x00,0x00,0x00,0x00,0xFF,0xFF,0xFF,0x24,0x00,0xD0,0xFF,0xFF,0x54,0x00,0x00,0x00,0x00,0x00,0x00,0xFF,0xFF,0xFF,
0x24,0x00,0xCE,0xF0,0xF0,0x43,0x00,0xDC,0xFF,0xFF,0x48,0x00,0xDC,0xFF,0xFF,0x48,0x00,0x30,0x38,0x38,0x0F,0x00,0xA8,0xC4,
0xC4,0x37,0x00,0xDC,0xFF,0xFF,0x48,0x00,0xDC,0xFF,0xFF,0x48,0x00,0xDC,0xFF,0xFF,0x48,0x00,0xDC,0xFF,0xFF,0x48,0x00,0xDC,
0xFF,0xFF,0x48,0x00,0xDC,0xFF,0xFF,0x48,0x00,0xDC,0xFF,0xFF,0x48,0x00,0xDC,0xFF,0xFF,0x48,0x00,0xDC,0xFF,0xFF,0x48,0x00,
0xDC,0xFF,0xFF,0x48,0x00,0xDC,0xFF,0xFF,0x48,0x00,0xDC,0xFF,0xFF,0x48,0x00,0x00,0x00,0x00,0x00,0x00,0x8E,0xF0,0xF0,0x83,
0x00,0x00,0x00,0x00,0x00,0x00,0x98,0xFF,0xFF,0x8C,0x00,0x00,0x00,0x00,0x00,0x00,0x98,0xFF,0xFF,0x8C,0x00,0x00,0x00,0x00,
0x00,0x00,0x21,0x38,0x38,0x1E,0x00,0x00,0x00,0x00,0x00,0x00,0x74,0xC4,0xC4,0x6B,0x00,0x00,0x00,0x00,0x00,0x00,0x98,0xFF,
0xFF,0x8C,0x00,0x00,0x00,0x00,0x00,0x00,0x98,0xFF,0xFF,0x8C,0x00,0x00,0x00,0x00,0x00,0x00,0x98,0xFF,0xFF,0x8C,0x00,0x00,
0x00,0x00,0x00,0x00,0x98,0xFF,0xFF,0x8C,0x00,0x00,0x00,0x00,0x00,0x00,0x98,0xFF,0xFF,0x8C,0x00,0x00,0x00,0x00,0x00,0x00,
0x98,0xFF,0xFF,0x8C,0x00,0x00,0x00,0x00,0x00,0x00,0x98,0xFF,0xFF,0x8C,0x00,0x00,0x00,0x00,0x00,0x00,0x98,0xFF,0xFF,0x8C,
0x00,0x00,0x00,0x00,0x00,0x00,0x98,0xFF,0xFF,0x8C,0x00,0x00,0x00,0x00,0x00,0x00,0x98,0xFF,0xFF,0x8C,0x00,0x00,0x00,0x00,
0x00,0x00,0x98,0xFF,0xFF,0x8C,0x00,0x00,0x00,0x00,0x00,0x00,0x98,0xFF,0xFF,0x8C,0x00,0x00,0x00,0x00,0x00,0x00,0x98,0xFF,
0xFF,0x8C,0x0D,0x78,0x78,0x78,0x78,0x78,0xCA,0xFF,0xFF,0x88,0x1C,0xFF,0xFF,0xFF,0xFF,0xFF,0xFF,0xFF,0xFF,0x5D,0x1C,0xFF,
0xFF,0xFF,0xFF,0xFF,0xFF,0xFF,0xC8,0x06,0x13,0xB0,0xB0,0xB0,0xB0,0xB0,0xAA,0x75,0x09,0x00,0x00,0xC3,0xF0,0xF0,0x4E,0x00,
0x00,0x00,0x00,0x00,0x00,0x00,0x00,0x00,0x00,0xD0,0xFF,0xFF,0x54,0x00,0x00,0x00,0x00,0x00,0x00,0x00,0x00,0x00,0x00,0xD0,
0xFF,0xFF,0x54,0x00,0x00,0x00,0x00,0x00,0x00,0x00,0x00,0x00,0x00,0xD0,0xFF,0xFF,0x54,0x00,0x00,0x00,0x00,0x00,0x00,0x00,
0x00,0x00,0x00,0xD0,0xFF,0xFF,0x54,0x00,0x00,0x00,0x00,0x00,0x79,0xC4,0xC4,0xC0,0x00,0xD0,0xFF,0xFF,0x54,0x00,0x00,0x00,
0x00,0x6D,0xFF,0xFF,0xFF,0xB4,0x00,0xD0,0xFF,0xFF,0x54,0x00,0x00,0x00,0x5A,0xFE,0xFF,0xFF,0xC7,0x0A,0x00,0xD0,0xFF,0xFF,
0x54,0x00,0x00,0x49,0xFA,0xFF,0xFF,0xD6,0x13,0x00,0x00,0xD0,0xFF,0xFF,0x54,0x00,0x39,0xF5,0xFF,0xFF,0xE3,0x1D,0x00,0x00,
0x00,0xD0,0xFF,0xFF,0xF7,0xF4,0xFB,0xFF,0xFF,0xEE,0x2A,0x00,0x00,0x00,0x00,0xD0,0xFF,0xFF,0xFF,0xFF,0xFF,0xFF,0xFF,0x51,
0x00,0x00,0x00,0x00,0x00,0xD0,0xFF,0xFF,0xFF,0xFF,0xFF,0xFF,0xFF,0xCF,0x0E,0x00,0x00,0x00,0x00,0xD0,0xFF,0xFF,0x76,0x34,
0x75,0xFF,0xFF,0xFF,0xBF,0x07,0x00,0x00,0x00,0xD0,0xFF,0xFF,0x54,0x00,0x00,0x7E,0xFF,0xFF,0xFF,0xAC,0x02,0x00,0x00,0xD0,
0xFF,0xFF,0x54,0x00,0x00,0x00,0x92,0xFF,0xFF,0xFF,0x97,0x00,0x00,0xD0,0xFF,0xFF,0x54,0x00,0x00,0x00,0x01,0xA4,0xFF,0xFF,
0xFF,0x80,0x00,0xD0,0xFF,0xFF,0x54,0x00,0x00,0x00,0x00,0x04,0xB5,0xFF,0xFF,0xF7,0x00,0xD1,0xF4,0xF4,0x48,0x00,0x00,0x00,
0xDC,0xFF,0xFF,0x4C,0x00,0x00,0x00,0xDC,0xFF,0xFF,0x4C,0x00,0x00,0x00,0xDC,0xFF,0xFF,0x4C,0x00,0x00,0x00,0xDC,0xFF,0xFF,
0x4C,0x00,0x00,0x00,0xDC,0xFF,0xFF,0x4C,0x00,0x00,0x00,0xDC,0xFF,0xFF,0x4C,0x00,0x00,0x00,0xDC,0xFF,0xFF,0x4C,0x00,0x00,
0x00,0xDC,0xFF,0xFF,0x4C,0x00,0x00,0x00,0xDC,0xFF,0xFF,0x4C,0x00,0x00,0x00,0xDC,0xFF,0xFF,0x4C,0x00,0x00,0x00,0xDC,0xFF,
0xFF,0x4C,0x00,0x00,0x00,0xDC,0xFF,0xFF,0x4C,0x00,0x00,0x00,0xDB,0xFF,0xFF,0x66,0x24,0x21,0x00,0xC4,0xFF,0xFF,0xFF,0xFF,
0xF0,0x00,0x5A,0xFF,0xFF,0xFF,0xFF,0xF0,0x00,0x00,0x66,0xDF,0xFF,0xFF,0xF0,0x00,0x9F,0xC4,0xC4,0xC4,0xC4,0xC4,0xC4,0xC4,
0xC4,0xC4,0xC4,0xC4,0xC4,0xC4,0xC4,0xC3,0xA4,0x34,0x00,0x00,0x00,0x00,0xD0,0xFF,0xFF,0xFF,0xFF,0xFF,0xFF,0xFF,0xFF,0xFF,
0xFF,0xFF,0xFF,0xFF,0xFF,0xFF,0xFF,0xFA,0x3C,0x00,0x00,0x00,0xD0,0xFF,0xFF,0xFF,0xFF,0xFF,0xFF,0xFF,0xFF,0xFF,0xFF,0xFF,
0xFF,0xFF,0xFF,0xFF,0xFF,0xFF,0xB8,0x00,0x00,0x00,0xD0,0xFF,0xFF,0x95,0x60,0x60,0x60,0x66,0xFF,0xFF,0xFF,0x75,0x60,0x60,
0x60,0x87,0xFF,0xFF,0xDD,0x00,0x00,0x00,0xD0,0xFF,0xFF,0x54,0x00,0x00,0x00,0x08,0xFF,0xFF,0xFF,0x20,0x00,0x00,0x00,0x3C,
0xFF,0xFF,0xE0,0x00,0x00,0x00,0xD0,0xFF,0xFF,0x54,0x00,0x00,0x00,0x08,0xFF,0xFF,0xFF,0x20,0x00,0x00,0x00,0x3C,0xFF,0xFF,
0xE0,0x00,0x00,0x00,0xD0,0xFF,0xFF,0x54,0x00,0x00,0x00,0x08,0xFF,0xFF,0xFF,0x20,0x00,0x00,0x00,0x3C,0xFF,0xFF,0xE0,0x00,
0x00,0x00,0xD0,0xFF,0xFF,0x54,0x00,0x00,0x00,0x08,0xFF,0xFF,0xFF,0x20,0x00,0x00,0x00,0x3C,0xFF,0xFF,0xE0,0x00,0x00,0x00,
0xD0,0xFF,0xFF,0x54,0x00,0x00,0x00,0x08,0xFF,0xFF,0xFF,0x20,0x00,0x00,0x00,0x3C,0xFF,0xFF,0xE0,0x00,0x00,0x00,0xD0,0xFF,
0xFF,0x54,0x00,0x00,0x00,0x08,0xFF,0xFF,0xFF,0x20,0x00,0x00,0x00,0x3C,0xFF,0xFF,0xE0,0x00,0x00,0x00,0xD0,0xFF,0xFF,0x54,
0x00,0x00,0x00,0x08,0xFF,0xFF,0xFF,0x20,0x00,0x00,0x00,0x3C,0xFF,0xFF,0xE0,0x00,0x00,0x00,0xD0,0xFF,0xFF,0x54,0x00,0x00,
0x00,0x08,0xFF,0xFF,0xFF,0x20,0x00,0x00,0x00,0x3C,0xFF,0xFF,0xE0,0x00,0x00,0x00,0xD0,0xFF,0xFF,0x54,0x00,0x00,0x00,0x08,
0xFF,0xFF,0xFF,0x20,0x00,0x00,0x00,0x3C,0xFF,0xFF,0xE0,0x00,0x00,0x00,0x9F,0xC4,0xC4,0xC4,0xC4,0xC4,0xC4,0xC4,0xC4,0xC4,
0xB2,0x55,0x00,0x00,0x00,0xD0,0xFF,0xFF,0xFF,0xFF,0xFF,0xFF,0xFF,0xFF,0xFF,0xFF,0xFF,0x78,0x00,0x00,0xD0,0xFF,0xFF,0xFF,
0xFF,0xFF,0xFF,0xFF,0xFF,0xFF,0xFF,0xFF,0xF4,0x08,0x00,0xD0,0xFF,0xFF,0x95,0x60,0x60,0x60,0x60,0x60,0x61,0xFF,0xFF,0xFF,
0x21,0x00,0xD0,0xFF,0xFF,0x54,0x00,0x00,0x00,0x00,0x00,0x00,0xFF,0xFF,0xFF,0x24,0x00,0xD0,0xFF,0xFF,0x54,0x00,0x00,0x00,
0x00,0x00,0x00,0xFF,0xFF,0xFF,0x24,0x00,0xD0,0xFF,0xFF,0x54,0x00,0x00,0x00,0x00,0x00,0x00,0xFF,0xFF,0xFF,0x24,0x00,0xD0,
0xFF,0xFF,0x54,0x00,0x00,0x00,0x00,0x00,0x00,0xFF,0xFF,0xFF,0x24,0x00,0xD0,0xFF,0xFF,0x54,0x00,0x00,0x00,0x00,0x00,0x00,
0xFF,0xFF,0xFF,0x24,0x00,0xD0,0xFF,0xFF,0x54,0x00,0x00,0x00,0x00,0x00,0x00,0xFF,0xFF,0xFF,0x24,0x00,0xD0,0xFF,0xFF,0x54,
0x00,0x00,0x00,0x00,0x00,0x00,0xFF,0xFF,0xFF,0x24,0x00,0xD0,0xFF,0xFF,0x54,0x00,0x00,0x00,0x00,0x00,0x00,0xFF,0xFF,0xFF,
0x24,0x00,0xD0,0xFF,0xFF,0x54,0x00,0x00,0x00,0x00,0x00,0x00,0xFF,0xFF,0xFF,0x24,0x00,0x00,0x31,0xA3,0xC2,0xC4,0xC4,0xC4,
0xC4,0xC4,0xC3,0xAF,0x4B,0x00,0x00,0x00,0x3A,0xF9,0xFF,0xFF,0xFF,0xFF,0xFF,0xFF,0xFF,0xFF,0xFF,0xFF,0x63,0x00,0x00,0xB9,
0xFF,0xFF,0xFF,0xFF,0xFF,0xFF,0xFF,0xFF,0xFF,0xFF,0xFF,0xE7,0x00,0x00,0xDE,0xFF,0xFF,0x89,0x60,0x60,0x60,0x60,0x60,0x6B,
0xFF,0xFF,0xFF,0x0D,0x00,0xE0,0xFF,0xFF,0x40,0x00,0x00,0x00,0x00,0x00,0x10,0xFF,0xFF,0xFF,0x10,0x00,0xE0,0xFF,0xFF,0x40,
0x00,0x00,0x00,0x00,0x00,0x10,0xFF,0xFF,0xFF,0x10,0x00,0xE0,0xFF,0xFF,0x40,0x00,0x00,0x00,0x00,0x00,0x10,0xFF,0xFF,0xFF,
0x10,0x00,0xE0,0xFF,0xFF,0x40,0x00,0x00,0x00,0x00,0x00,0x10,0xFF,0xFF,0xFF,0x10,0x00,0xE0,0xFF,0xFF,0x40,0x00,0x00,0x00,
0x00,0x00,0x10,0xFF,0xFF,0xFF,0x10,0x00,0xDF,0xFF,0xFF,0x5C,0x24,0x24,0x24,0x24,0x24,0x33,0xFF,0xFF,0xFF,0x0F,0x00,0xC8,
0xFF,0xFF,0xFF,0xFF,0xFF,0xFF,0xFF,0xFF,0xFF,0xFF,0xFF,0xF5,0x02,0x00,0x5E,0xFF,0xFF,0xFF,0xFF,0xFF,0xFF,0xFF,0xFF,0xFF,
0xFF,0xFF,0x8F,0x00,0x00,0x00,0x69,0xE0,0xFF,0xFF,0xFF,0xFF,0xFF,0xFF,0xFF,0xEC,0x8C,0x06,0x00,0x00,0x9F,0xC4,0xC4,0xC4,
0xC4,0xC4,0xC4,0xC4,0xC4,0xC4,0xB2,0x55,0x00,0x00,0x00,0xD0,0xFF,0xFF,0xFF,0xFF,0xFF,0xFF,0xFF,0xFF,0xFF,0xFF,0xFF,0x78,
0x00,0x00,0xD0,0xFF,0xFF,0xFF,0xFF,0xFF,0xFF,0xFF,0xFF,0xFF,0xFF,0xFF,0xF4,0x08,0x00,0xD0,0xFF,0xFF,0x95,0x60,0x60,0x60,
0x60,0x60,0x61,0xFF,0xFF,0xFF,0x21,0x00,0xD0,0xFF,0xFF,0x54,0x00,0x00,0x00,0x00,0x00,0x00,0xFF,0xFF,0xFF,0x24,0x00,0xD0,
0xFF,0xFF,0x54,0x00,0x00,0x00,0x00,0x00,0x00,0xFF,0xFF,0xFF,0x24,0x00,0xD0,0xFF,0xFF,0x54,0x00,0x00,0x00,0x00,0x00,0x00,
0xFF,0xFF,0xFF,0x24,0x00,0xD0,0xFF,0xFF,0x54,0x00,0x00,0x00,0x00,0x00,0x00,0xFF,0xFF,0xFF,0x24,0x00,0xD0,0xFF,0xFF,0x54,
0x00,0x00,0x00,0x00,0x00,0x00,0xFF,0xFF,0xFF,0x24,0x00,0xD0,0xFF,0xFF,0x6D,0x24,0x24,0x24,0x24,0x24,0x25,0xFF,0xFF,0xFF,
0x23,0x00,0xD0,0xFF,0xFF,0xFF,0xFF,0xFF,0xFF,0xFF,0xFF,0xFF,0xFF,0xFF,0xFD,0x0E,0x00,0xD0,0xFF,0xFF,0xFF,0xFF,0xFF,0xFF,
0xFF,0xFF,0xFF,0xFF,0xFF,0xA2,0x00,0x00,0xD0,0xFF,0xFF,0xFF,0xFF,0xFF,0xFF,0xFF,0xFF,0xFF,0xEF,0x94,0x09,0x00,0x00,0xD0,
0xFF,0xFF,0x54,0x00,0x00,0x00,0x00,0x00,0x00,0x00,0x00,0x00,0x00,0x00,0xD0,0xFF,0xFF,0x54,0x00,0x00,0x00,0x00,0x00,0x00,
0x00,0x00,0x00,0x00,0x00,0xD0,0xFF,0xFF,0x54,0x00,0x00,0x00,0x00,0x00,0x00,0x00,0x00,0x00,0x00,0x00,0xD0,0xFF,0xFF,0x54,
0x00,0x00,0x00,0x00,0x00,0x00,0x00,0x00,0x00,0x00,0x00,0xD0,0xFF,0xFF,0x54,0x00,0x00,0x00,0x00,0x00,0x00,0x00,0x00,0x00,
0x00,0x00,0x0D,0x10,0x10,0x05,0x00,0x00,0x00,0x00,0x00,0x00,0x00,0x00,0x00,0x00,0x00,0x13,0x8A,0xBE,0xC4,0xC4,0xC4,0xC4,
0xC4,0xC4,0xC4,0xC4,0xC4,0x4F,0x00,0x0C,0xD8,0xFF,0xFF,0xFF,0xFF,0xFF,0xFF,0xFF,0xFF,0xFF,0xFF,0xFF,0x68,0x00,0x69,0xFF,
0xFF,0xFF,0xFF,0xFF,0xFF,0xFF,0xFF,0xFF,0xFF,0xFF,0xFF,0x68,0x00,0x8E,0xFF,0xFF,0xC0,0x60,0x60,0x60,0x60,0x60,0x60,0xD6,
0xFF,0xFF,0x68,0x00,0x90,0xFF,0xFF,0x98,0x00,0x00,0x00,0x00,0x00,0x00,0xBC,0xFF,0xFF,0x68,0x00,0x90,0xFF,0xFF,0x98,0x00,
0x00,0x00,0x00,0x00,0x00,0xBC,0xFF,0xFF,0x68,0x00,0x90,0xFF,0xFF,0x98,0x00,0x00,0x00,0x00,0x00,0x00,0xBC,0xFF,0xFF,0x68,
0x00,0x90,0xFF,0xFF,0x98,0x00,0x00,0x00,0x00,0x00,0x00,0xBC,0xFF,0xFF,0x68,0x00,0x90,0xFF,0xFF,0x98,0x00,0x00,0x00,0x00,
0x00,0x00,0xBC,0xFF,0xFF,0x68,0x00,0x8F,0xFF,0xFF,0xA7,0x24,0x24,0x24,0x24,0x24,0x24,0xC6,0xFF,0xFF,0x68,0x00,0x78,0xFF,
0xFF,0xFF,0xFF,0xFF,0xFF,0xFF,0xFF,0xFF,0xFF,0xFF,0xFF,0x68,0x00,0x1D,0xF1,0xFF,0xFF,0xFF,0xFF,0xFF,0xFF,0xFF,0xFF,0xFF,
0xFF,0xFF,0x68,0x00,0x00,0x37,0xC9,0xFA,0xFF,0xFF,0xFF,0xFF,0xFF,0xFF,0xFF,0xFF,0xFF,0x68,0x00,0x00,0x00,0x00,0x00,0x00,
0x00,0x00,0x00,0x00,0x00,0xBC,0xFF,0xFF,0x68,0x00,0x00,0x00,0x00,0x00,0x00,0x00,0x00,0x00,0x00,0x00,0xBC,0xFF,0xFF,0x68,
0x00,0x00,0x00,0x00,0x00,0x00,0x00,0x00,0x00,0x00,0x00,0xBC,0xFF,0xFF,0x68,0x00,0x00,0x00,0x00,0x00,0x00,0x00,0x00,0x00,
0x00,0x00,0xBC,0xFF,0xFF,0x68,0x00,0x00,0x00,0x00,0x00,0x00,0x00,0x00,0x00,0x00,0x00,0xBC,0xFF,0xFF,0x68,0x00,0x00,0x00,
0x00,0x00,0x00,0x00,0x00,0x00,0x00,0x00,0x0B,0x10,0x10,0x06,0x00,0x00,0x00,0x2F,0xA1,0xC2,0xC4,0xC4,0xC4,0xC4,0xC4,0xC4,
0x40,0x00,0x37,0xF8,0xFF,0xFF,0xFF,0xFF,0xFF,0xFF,0xFF,0xFF,0x54,0x00,0xB5,0xFF,0xFF,0xFF,0xFF,0xFF,0xFF,0xFF,0xFF,0xFF,
0x54,0x00,0xDA,0xFF,0xFF,0x8E,0x60,0x60,0x60,0x60,0x60,0x60,0x1F,0x00,0xDC,0xFF,0xFF,0x48,0x00,0x00,0x00,0x00,0x00,0x00,
0x00,0x00,0xDC,0xFF,0xFF,0x48,0x00,0x00,0x00,0x00,0x00,0x00,0x00,0x00,0xDC,0xFF,0xFF,0x48,0x00,0x00,0x00,0x00,0x00,0x00,
0x00,0x00,0xDC,0xFF,0xFF,0x48,0x00,0x00,0x00,0x00,0x00,0x00,0x00,0x00,0xDC,0xFF,0xFF,0x48,0x00,0x00,0x00,0x00,0x00,0x00,
0x00,0x00,0xDC,0xFF,0xFF,0x48,0x00,0x00,0x00,0x00,0x00,0x00,0x00,0x00,0xDC,0xFF,0xFF,0x48,0x00,0x00,0x00,0x00,0x00,0x00,
0x00,0x00,0xDC,0xFF,0xFF,0x48,0x00,0x00,0x00,0x00,0x00,0x00,0x00,0x00,0xDC,0xFF,0xFF,0x48,0x00,0x00,0x00,0x00,0x00,0x00,
0x00,0x00,0x00,0x3B,0xA7,0xC3,0xC4,0xC4,0xC4,0xC4,0xC4,0xC3,0xAB,0x43,0x00,0x00,0x00,0x48,0xFC,0xFF,0xFF,0xFF,0xFF,0xFF,
0xFF,0xFF,0xFF,0xFF,0xFE,0x56,0x00,0x00,0xC9,0xFF,0xFF,0xFF,0xFF,0xFF,0xFF,0xFF,0xFF,0xFF,0xFF,0xFF,0xDB,0x00,0x00,0xEE,
0xFF,0xFF,0x7F,0x60,0x60,0x60,0x60,0x60,0x74,0xEC,0xEC,0xEB,0x02,0x00,0xF0,0xFF,0xFF,0x30,0x00,0x00,0x00,0x00,0x00,0x00,
0x00,0x00,0x00,0x00,0x00,0xE1,0xFF,0xFF,0xF6,0xF4,0xF4,0xF4,0xF4,0xF4,0xF3,0xDB,0x71,0x01,0x00,0x00,0x8D,0xFF,0xFF,0xFF,
0xFF,0xFF,0xFF,0xFF,0xFF,0xFF,0xFF,0xFF,0x77,0x00,0x00,0x09,0xAA,0xFF,0xFF,0xFF,0xFF,0xFF,0xFF,0xFF,0xFF,0xFF,0xFF,0xE8,
0x00,0x00,0x00,0x00,0x19,0x33,0x34,0x34,0x34,0x34,0x34,0x51,0xFF,0xFF,0xFF,0x03,0x00,0xA4,0xB0,0xB0,0x3F,0x24,0x24,0x24,
0x24,0x24,0x43,0xFF,0xFF,0xFF,0x03,0x00,0xD8,0xFF,0xFF,0xFF,0xFF,0xFF,0xFF,0xFF,0xFF,0xFF,0xFF,0xFF,0xEB,0x00,0x00,0x6F,
0xFF,0xFF,0xFF,0xFF,0xFF,0xFF,0xFF,0xFF,0xFF,0xFF,0xFF,0x7F,0x00,0x00,0x01,0x76,0xE5,0xFF,0xFF,0xFF,0xFF,0xFF,0xFF,0xFF,
0xE9,0x80,0x02,0x00,0x00,0x81,0x9C,0x9C,0x2E,0x00,0x00,0x00,0x00,0x00,0x00,0xD4,0xFF,0xFF,0x4C,0x00,0x00,0x00,0x00,0x00,
0x00,0xD4,0xFF,0xFF,0x4C,0x00,0x00,0x00,0x00,0x00,0x00,0xD4,0xFF,0xFF,0x4C,0x00,0x00,0x00,0x00,0x00,0x00,0xD4,0xFF,0xFF,
0xD5,0xC4,0xC4,0xC4,0xC4,0x1B,0x00,0xD4,0xFF,0xFF,0xFF,0xFF,0xFF,0xFF,0xFF,0x24,0x00,0xD4,0xFF,0xFF,0xFF,0xFF,0xFF,0xFF,
0xFF,0x24,0x00,0xD4,0xFF,0xFF,0x8F,0x60,0x60,0x60,0x60,0x0D,0x00,0xD4,0xFF,0xFF,0x4C,0x00,0x00,0x00,0x00,0x00,0x00,0xD4,
0xFF,0xFF,0x4C,0x00,0x00,0x00,0x00,0x00,0x00,0xD4,0xFF,0xFF,0x4C,0x00,0x00,0x00,0x00,0x00,0x00,0xD4,0xFF,0xFF,0x4C,0x00,
0x00,0x00,0x00,0x00,0x00,0xD4,0xFF,0xFF,0x4C,0x00,0x00,0x00,0x00,0x00,0x00,0xD3,0xFF,0xFF,0x66,0x24,0x24,0x24,0x24,0x05,
0x00,0xBC,0xFF,0xFF,0xFF,0xFF,0xFF,0xFF,0xFF,0x24,0x00,0x53,0xFF,0xFF,0xFF,0xFF,0xFF,0xFF,0xFF,0x24,0x00,0x00,0x63,0xDE,
0xFE,0xFF,0xFF,0xFF,0xFF,0x24,0x00,0xA2,0xC4,0xC4,0x3A,0x00,0x00,0x00,0x00,0x00,0x03,0xC4,0xC4,0xC4,0x15,0x00,0xD4,0xFF,
0xFF,0x4C,0x00,0x00,0x00,0x00,0x00,0x04,0xFF,0xFF,0xFF,0x1C,0x00,0xD4,0xFF,0xFF,0x4C,0x00,0x00,0x00,0x00,0x00,0x04,0xFF,
0xFF,0xFF,0x1C,0x00,0xD4,0xFF,0xFF,0x4C,0x00,0x00,0x00,0x00,0x00,0x04,0xFF,0xFF,0xFF,0x1C,0x00,0xD4,0xFF,0xFF,0x4C,0x00,
0x00,0x00,0x00,0x00,0x04,0xFF,0xFF,0xFF,0x1C,0x00,0xD4,0xFF,0xFF,0x4C,0x00,0x00,0x00,0x00,0x00,0x04,0xFF,0xFF,0xFF,0x1C,
0x00,0xD4,0xFF,0xFF,0x4C,0x00,0x00,0x00,0x00,0x00,0x04,0xFF,0xFF,0xFF,0x1C,0x00,0xD4,0xFF,0xFF,0x4C,0x00,0x00,0x00,0x00,
0x00,0x04,0xFF,0xFF,0xFF,0x1C,0x00,0xD4,0xFF,0xFF,0x4C,0x00,0x00,0x00,0x00,0x00,0x04,0xFF,0xFF,0xFF,0x1C,0x00,0xD3,0xFF,
0xFF,0x66,0x24,0x24,0x24,0x24,0x24,0x28,0xFF,0xFF,0xFF,0x1B,0x00,0xBD,0xFF,0xFF,0xFF,0xFF,0xFF,0xFF,0xFF,0xFF,0xFF,0xFF,
0xFF,0xFB,0x08,0x00,0x57,0xFF,0xFF,0xFF,0xFF,0xFF,0xFF,0xFF,0xFF,0xFF,0xFF,0xFF,0x9B,0x00,0x00,0x00,0x66,0xDE,0xFE,0xFF,
0xFF,0xFF,0xFF,0xFF,0xFF,0xEE,0x92,0x08,0x00,0x3F,0xC4,0xC4,0xC4,0x37,0x00,0x00,0x00,0x00,0x00,0x00,0x00,0x00,0x66,0xC4,
0xC4,0xC0,0x14,0x02,0xD3,0xFF,0xFF,0xC3,0x00,0x00,0x00,0x00,0x00,0x00,0x00,0x11,0xEE,0xFF,0xFF,0x98,0x00,0x00,0x49,0xFF,
0xFF,0xFF,0x4E,0x00,0x00,0x00,0x00,0x00,0x00,0x8C,0xFF,0xFF,0xF3,0x18,0x00,0x00,0x00,0xBD,0xFF,0xFF,0xD5,0x03,0x00,0x00,
0x00,0x00,0x1E,0xF8,0xFF,0xFF,0x7E,0x00,0x00,0x00,0x00,0x32,0xFE,0xFF,0xFF,0x63,0x00,0x00,0x00,0x00,0xA2,0xFF,0xFF,0xE6,
0x0A,0x00,0x00,0x00,0x00,0x00,0xA3,0xFF,0xFF,0xE4,0x09,0x00,0x00,0x2F,0xFD,0xFF,0xFF,0x63,0x00,0x00,0x00,0x00,0x00,0x00,
0x1E,0xF8,0xFF,0xFF,0x79,0x00,0x00,0xB9,0xFF,0xFF,0xD3,0x03,0x00,0x00,0x00,0x00,0x00,0x00,0x00,0x8A,0xFF,0xFF,0xF0,0x13,
0x44,0xFF,0xFF,0xFF,0x48,0x00,0x00,0x00,0x00,0x00,0x00,0x00,0x00,0x10,0xED,0xFF,0xFF,0x91,0xCD,0xFF,0xFF,0xBB,0x00,0x00,
0x00,0x00,0x00,0x00,0x00,0x00,0x00,0x00,0x71,0xFF,0xFF,0xFF,0xFF,0xFF,0xFD,0x30,0x00,0x00,0x00,0x00,0x00,0x00,0x00,0x00,
0x00,0x00,0x06,0xDD,0xFF,0xFF,0xFF,0xFF,0xA0,0x00,0x00,0x00,0x00,0x00,0x00,0x00,0x00,0x00,0x00,0x00,0x00,0x57,0xFF,0xFF,
0xFF,0xF6,0x1D,0x00,0x00,0x00,0x00,0x00,0x00,0x00,0x00,0x00,0x00,0x00,0x00,0x01,0xC9,0xFF,0xFF,0x86,0x00,0x00,0x00,0x00,
0x00,0x00,0x00,0x11,0xC2,0xC4,0xC4,0x31,0x00,0x00,0x00,0x00,0x12,0xC2,0xC4,0xC4,0x49,0x00,0x00,0x00,0x00,0x03,0xB8,0xC4,
0xC4,0x45,0x00,0xBD,0xFF,0xFF,0x9D,0x00,0x00,0x00,0x00,0x79,0xFF,0xFF,0xFF,0xC7,0x00,0x00,0x00,0x00,0x4C,0xFF,0xFF,0xF6,
0x0F,0x00,0x58,0xFF,0xFF,0xF6,0x11,0x00,0x00,0x04,0xE3,0xFF,0xFF,0xFF,0xFF,0x3D,0x00,0x00,0x00,0xAE,0xFF,0xFF,0xA5,0x00,
0x00,0x07,0xEC,0xFF,0xFF,0x71,0x00,0x00,0x57,0xFF,0xFF,0xFF,0xFF,0xFF,0xB2,0x00,0x00,0x14,0xFA,0xFF,0xFF,0x45,0x00,0x00,
0x00,0x8F,0xFF,0xFF,0xDA,0x01,0x00,0xC6,0xFF,0xFF,0xFF,0xFF,0xFF,0xFE,0x29,0x00,0x71,0xFF,0xFF,0xE2,0x02,0x00,0x00,0x00,
0x2A,0xFF,0xFF,0xFF,0x45,0x35,0xFF,0xFF,0xFF,0x88,0xFB,0xFF,0xFF,0x9D,0x00,0xD2,0xFF,0xFF,0x85,0x00,0x00,0x00,0x00,0x00,
0xC6,0xFF,0xFF,0xAF,0xA4,0xFF,0xFF,0xF0,0x0B,0xA5,0xFF,0xFF,0xF9,0x4D,0xFF,0xFF,0xFF,0x25,0x00,0x00,0x00,0x00,0x00,0x61,
0xFF,0xFF,0xFC,0xFA,0xFF,0xFF,0x8D,0x00,0x31,0xFF,0xFF,0xFF,0xF1,0xFF,0xFF,0xC4,0x00,0x00,0x00,0x00,0x00,0x00,0x0B,0xF1,
0xFF,0xFF,0xFF,0xFF,0xFD,0x21,0x00,0x00,0xBE,0xFF,0xFF,0xFF,0xFF,0xFF,0x64,0x00,0x00,0x00,0x00,0x00,0x00,0x00,0x98,0xFF,
0xFF,0xFF,0xFF,0xAF,0x00,0x00,0x00,0x4A,0xFF,0xFF,0xFF,0xFF,0xF6,0x0E,0x00,0x00,0x00,0x00,0x00,0x00,0x00,0x34,0xFF,0xFF,
0xFF,0xFF,0x40,0x00,0x00,0x00,0x01,0xD4,0xFF,0xFF,0xFF,0xA4,0x00,0x00,0x00,0x00,0x00,0x00,0x00,0x00,0x00,0xCF,0xFF,0xFF,
0xD1,0x00,0x00,0x00,0x00,0x00,0x62,0xFF,0xFF,0xFF,0x44,0x00,0x00,0x00,0x00,0x00,0x00,0x00,0x00,0x00,0x6A,0xFF,0xFF,0x63,
0x00,0x00,0x00,0x00,0x00,0x06,0xE7,0xFF,0xE2,0x02,0x00,0x00,0x00,0x00,0x00,0xC0,0xC4,0xC4,0x7C,0x00,0x00,0x00,0x00,0x00,
0x5E,0xC4,0xC4,0xC4,0x1E,0x00,0xB1,0xFF,0xFF,0xFF,0x60,0x00,0x00,0x00,0x3E,0xFA,0xFF,0xFF,0xD2,0x0A,0x00,0x0C,0xD0,0xFF,
0xFF,0xF9,0x3E,0x00,0x23,0xEC,0xFF,0xFF,0xE7,0x1E,0x00,0x00,0x00,0x1C,0xE6,0xFF,0xFF,0xEC,0x34,0xD8,0xFF,0xFF,0xF6,0x36,
0x00,0x00,0x00,0x00,0x00,0x34,0xF5,0xFF,0xFF,0xFD,0xFF,0xFF,0xFE,0x54,0x00,0x00,0x00,0x00,0x00,0x00,0x00,0x52,0xFE,0xFF,
0xFF,0xFF,0xFF,0x79,0x00,0x00,0x00,0x00,0x00,0x00,0x00,0x00,0x00,0xA9,0xFF,0xFF,0xFF,0xD1,0x00,0x00,0x00,0x00,0x00,0x00,
0x00,0x00,0x00,0x45,0xFC,0xFF,0xFF,0xFF,0xFF,0x6A,0x00,0x00,0x00,0x00,0x00,0x00,0x00,0x24,0xEE,0xFF,0xFF,0xFF,0xFF,0xFF,
0xFB,0x40,0x00,0x00,0x00,0x00,0x00,0x0D,0xD5,0xFF,0xFF,0xF6,0x4C,0xE6,0xFF,0xFF,0xEC,0x21,0x00,0x00,0x00,0x02,0xB3,0xFF,
0xFF,0xFF,0x58,0x00,0x37,0xF8,0xFF,0xFF,0xD3,0x0C,0x00,0x00,0x86,0xFF,0xFF,0xFF,0x88,0x00,0x00,0x00,0x5E,0xFF,0xFF,0xFF,
0xAF,0x01,0x00,0xFB,0xFF,0xFF,0xB5,0x02,0x00,0x00,0x00,0x00,0x8D,0xFF,0xFF,0xFF,0x27,0x0E,0xB8,0xB8,0xB8,0x0B,0x00,0x00,
0x00,0x00,0x00,0x2E,0xB8,0xB8,0xA3,0x00,0x14,0xFF,0xFF,0xFF,0x10,0x00,0x00,0x00,0x00,0x00,0x40,0xFF,0xFF,0xE4,0x00,0x14,
0xFF,0xFF,0xFF,0x10,0x00,0x00,0x00,0x00,0x00,0x40,0xFF,0xFF,0xE4,0x00,0x14,0xFF,0xFF,0xFF,0x10,0x00,0x00,0x00,0x00,0x00,
0x40,0xFF,0xFF,0xE4,0x00,0x14,0xFF,0xFF,0xFF,0x10,0x00,0x00,0x00,0x00,0x00,0x40,0xFF,0xFF,0xE4,0x00,0x14,0xFF,0xFF,0xFF,
0x10,0x00,0x00,0x00,0x00,0x00,0x40,0xFF,0xFF,0xE4,0x00,0x14,0xFF,0xFF,0xFF,0x10,0x00,0x00,0x00,0x00,0x00,0x40,0xFF,0xFF,
0xE4,0x00,0x14,0xFF,0xFF,0xFF,0x10,0x00,0x00,0x00,0x00,0x00,0x40,0xFF,0xFF,0xE4,0x00,0x14,0xFF,0xFF,0xFF,0x10,0x00,0x00,
0x00,0x00,0x00,0x40,0xFF,0xFF,0xE4,0x00,0x13,0xFF,0xFF,0xFF,0x32,0x24,0x24,0x24,0x24,0x24,0x5C,0xFF,0xFF,0xE4,0x00,0x04,
0xF8,0xFF,0xFF,0xFF,0xFF,0xFF,0xFF,0xFF,0xFF,0xFF,0xFF,0xFF,0xE4,0x00,0x00,0x92,0xFF,0xFF,0xFF,0xFF,0xFF,0xFF,0xFF,0xFF,
0xFF,0xFF,0xFF,0xE4,0x00,0x00,0x05,0x8A,0xEC,0xFF,0xFF,0xFF,0xFF,0xFF,0xFF,0xFF,0xFF,0xFF,0xE4,0x00,0x00,0x00,0x00,0x00,
0x00,0x00,0x00,0x00,0x00,0x00,0x40,0xFF,0xFF,0xE4,0x00,0x00,0x00,0x00,0x84,0x84,0x84,0x84,0x84,0x84,0x84,0xA4,0xFF,0xFF,
0xE0,0x00,0x00,0x00,0x00,0xFF,0xFF,0xFF,0xFF,0xFF,0xFF,0xFF,0xFF,0xFF,0xFF,0xB4,0x00,0x00,0x00,0x00,0xFF,0xFF,0xFF,0xFF,
0xFF,0xFF,0xFF,0xFF,0xFF,0xF3,0x32,0x00,0x00,0x00,0x00,0xA4,0xA4,0xA4,0xA4,0xA4,0xA4,0xA4,0xA3,0x87,0x24,0x00,0x00,0x00,
0x9F,0xC4,0xC4,0xC4,0xC4,0xC4,0xC4,0xC4,0xC4,0xC4,0xC4,0xC4,0xC4,0x1B,0x00,0xD0,0xFF,0xFF,0xFF,0xFF,0xFF,0xFF,0xFF,0xFF,
0xFF,0xFF,0xFF,0xFF,0x24,0x00,0xD0,0xFF,0xFF,0xFF,0xFF,0xFF,0xFF,0xFF,0xFF,0xFF,0xFF,0xFF,0xFF,0x24,0x00,0x4E,0x60,0x60,
0x60,0x60,0x60,0x60,0x73,0xF3,0xFF,0xFF,0xFF,0xEC,0x15,0x00,0x00,0x00,0x00,0x00,0x00,0x00,0x36,0xE2,0xFF,0xFF,0xFF,0xC9,
0x1E,0x00,0x00,0x00,0x00,0x00,0x00,0x00,0x6A,0xF9,0xFF,0xFF,0xFF,0x95,0x06,0x00,0x00,0x00,0x00,0x00,0x00,0x0A,0xA4,0xFF,
0xFF,0xFF,0xF4,0x5A,0x00,0x00,0x00,0x00,0x00,0x00,0x00,0x26,0xD4,0xFF,0xFF,0xFF,0xD8,0x2B,0x00,0x00,0x00,0x00,0x00,0x00,
0x00,0x54,0xF2,0xFF,0xFF,0xFF,0xAA,0x0D,0x00,0x00,0x00,0x00,0x00,0x00,0x00,0x82,0xFF,0xFF,0xFF,0xFF,0x94,0x24,0x24,0x24,
0x24,0x24,0x24,0x24,0x05,0x00,0xD0,0xFF,0xFF,0xFF,0xFF,0xFF,0xFF,0xFF,0xFF,0xFF,0xFF,0xFF,0xFF,0x24,0x00,0xD0,0xFF,0xFF,
0xFF,0xFF,0xFF,0xFF,0xFF,0xFF,0xFF,0xFF,0xFF,0xFF,0x24,0x00,0xD0,0xFF,0xFF,0xFF,0xFF,0xFF,0xFF,0xFF,0xFF,0xFF,0xFF,0xFF,
0xFF,0x24,0x00,0x00,0x20,0xA2,0xD3,0xB6,0x00,0x16,0xE7,0xFF,0xFF,0xD8,0x00,0x77,0xFF,0xFF,0xFF,0xD8,0x00,0x96,0xFF,0xFF,
0xAF,0x40,0x00,0x98,0xFF,0xFF,0x8C,0x00,0x00,0x98,0xFF,0xFF,0x8C,0x00,0x4D,0xEF,0xFF,0xFF,0x8C,0x00,0x80,0xFF,0xFF,0xD3,
0x1F,0x00,0x80,0xFF,0xFF,0xE5,0x34,0x00,0x39,0xE1,0xFF,0xFF,0x8C,0x00,0x00,0x98,0xFF,0xFF,0x8C,0x00,0x00,0x98,0xFF,0xFF,
0x8C,0x00,0x00,0x97,0xFF,0xFF,0x9D,0x1E,0x00,0x80,0xFF,0xFF,0xFF,0xD8,0x00,0x22,0xF4,0xFF,0xFF,0xD8,0x00,0x00,0x3A,0xCA,
0xFB,0xD8,0x00,0xA9,0xD0,0xD0,0x44,0x00,0xD0,0xFF,0xFF,0x54,0x00,0xD0,0xFF,0xFF,0x54,0x00,0xD0,0xFF,0xFF,0x54,0x00,0xD0,
0xFF,0xFF,0x54,0x00,0xD0,0xFF,0xFF,0x54,0x00,0xD0,0xFF,0xFF,0x54,0x00,0xD0,0xFF,0xFF,0x54,0x00,0xD0,0xFF,0xFF,0x54,0x00,
0xD0,0xFF,0xFF,0x54,0x00,0xD0,0xFF,0xFF,0x54,0x00,0xD0,0xFF,0xFF,0x54,0x00,0xD0,0xFF,0xFF,0x54,0x00,0xD0,0xFF,0xFF,0x54,
0x00,0xD0,0xFF,0xFF,0x54,0x00,0xD0,0xFF,0xFF,0x54,0x00,0xD0,0xFF,0xFF,0x54,0x00,0xD0,0xFF,0xFF,0x54,0x00,0xD0,0xFF,0xFF,
0x54,0x00,0xD0,0xFF,0xFF,0x54,0x00,0x30,0x3C,0x3C,0x13,0x00,0xBD,0xD2,0x9E,0x1B,0x00,0x00,0x00,0xE0,0xFF,0xFF,0xE1,0x10,
0x00,0x00,0xE0,0xFF,0xFF,0xFF,0x6D,0x00,0x00,0x42,0xB2,0xFF,0xFF,0x8E,0x00,0x00,0x00,0x90,0xFF,0xFF,0x90,0x00,0x00,0x00,
0x90,0xFF,0xFF,0x90,0x00,0x00,0x00,0x90,0xFF,0xFF,0xEF,0x45,0x00,0x00,0x22,0xD7,0xFF,0xFF,0x78,0x00,0x00,0x34,0xE7,0xFF,
0xFF,0x78,0x00,0x00,0x90,0xFF,0xFF,0xDD,0x31,0x00,0x00,0x90,0xFF,0xFF,0x90,0x00,0x00,0x00,0x90,0xFF,0xFF,0x90,0x00,0x00,
0x1F,0xA1,0xFF,0xFF,0x8F,0x00,0x00,0xE0,0xFF,0xFF,0xFF,0x77,0x00,0x00,0xE0,0xFF,0xFF,0xEF,0x1B,0x00,0x00,0xE0,0xFA,0xC6,
0x34,0x00,0x00,0x04,0x40,0x5E,0x35,0x00,0x00,0x00,0x00,0x00,0x77,0xFF,0xFF,0xFF,0xD6,0x6B,0x17,0x31,0x5E,0x78,0xFF,0xF0,
0xFF,0xFF,0xFF,0xFF,0xFF,0xA8,0x3C,0x21,0x00,0x26,0x91,0xF3,0xFF,0xFF,0x91,0x00,0x00,0x00,0x00,0x00,0x0C,0x38,0x1E,0x00,
0x00,0x00,0x00,0x00,0x00,0x00,0x00,0x00,0x00,0x00,0x00,0x00,0x00,0x00,0x00,0x00,0x00,0x00,0x00,0x00,0x00,0x00,0x00,0x00,
0x00,0x00,0x00,0x00,0x00,0x00,0x00,0x00,0x00,0x00,0x00,0x00,
};
const uint8_t FONT_HUD_XL[] PROGMEM = {  // Orbitron%5Bwght%5D.ttf 30px, 18 glyphs, 7261 bytes
0x00,0x00,0x00,0x12,0x00,0x00,0x00,0x0B,0x00,0x00,0x00,0x1E,0x00,0x00,0x00,0x00,0x00,0x00,0x00,0x1F,0x00,0x00,0x00,0x08,
0x00,0x00,0x00,0x20,0x00,0x00,0x00,0x00,0x00,0x00,0x00,0x00,0x00,0x00,0x00,0x09,0x00,0x00,0x00,0x00,0x00,0x00,0x00,0x00,
0x00,0x00,0x00,0x00,0x00,0x00,0x00,0x25,0x00,0x00,0x00,0x16,0x00,0x00,0x00,0x1D,0x00,0x00,0x00,0x1D,0x00,0x00,0x00,0x16,
0x00,0x00,0x00,0x00,0x00,0x00,0x00,0x00,0x00,0x00,0x00,0x2B,0x00,0x00,0x00,0x10,0x00,0x00,0x00,0x0E,0x00,0x00,0x00,0x0E,
0x00,0x00,0x00,0x10,0x00,0x00,0x00,0x00,0x00,0x00,0x00,0x00,0x00,0x00,0x00,0x2D,0x00,0x00,0x00,0x0B,0x00,0x00,0x00,0x10,
0x00,0x00,0x00,0x10,0x00,0x00,0x00,0x0B,0x00,0x00,0x00,0x00,0x00,0x00,0x00,0x00,0x00,0x00,0x00,0x2E,0x00,0x00,0x00,0x05,
0x00,0x00,0x00,0x07,0x00,0x00,0x00,0x07,0x00,0x00,0x00,0x05,0x00,0x00,0x00,0x00,0x00,0x00,0x00,0x00,0x00,0x00,0x00,0x2F,
0x00,0x00,0x00,0x16,0x00,0x00,0x00,0x10,0x00,0x00,0x00,0x10,0x00,0x00,0x00,0x16,0x00,0x00,0x00,0x00,0x00,0x00,0x00,0x00,
0x00,0x00,0x00,0x30,0x00,0x00,0x00,0x16,0x00,0x00,0x00,0x19,0x00,0x00,0x00,0x19,0x00,0x00,0x00,0x16,0x00,0x00,0x00,0x00,
0x00,0x00,0x00,0x00,0x00,0x00,0x00,0x31,0x00,0x00,0x00,0x16,0x00,0x00,0x00,0x0C,0x00,0x00,0x00,0x0C,0x00,0x00,0x00,0x16,
0x00,0x00,0x00,0x00,0x00,0x00,0x00,0x00,0x00,0x00,0x00,0x32,0x00,0x00,0x00,0x16,0x00,0x00,0x00,0x19,0x00,0x00,0x00,0x19,
0x00,0x00,0x00,0x16,0x00,0x00,0x00,0x00,0x00,0x00,0x00,0x00,0x00,0x00,0x00,0x33,0x00,0x00,0x00,0x16,0x00,0x00,0x00,0x19,
0x00,0x00,0x00,0x19,0x00,0x00,0x00,0x16,0x00,0x00,0x00,0x00,0x00,0x00,0x00,0x00,0x00,0x00,0x00,0x34,0x00,0x00,0x00,0x16,
0x00,0x00,0x00,0x16,0x00,0x00,0x00,0x16,0x00,0x00,0x00,0x16,0x00,0x00,0x00,0x00,0x00,0x00,0x00,0x00,0x00,0x00,0x00,0x35,
0x00,0x00,0x00,0x16,0x00,0x00,0x00,0x19,0x00,0x00,0x00,0x19,0x00,0x00,0x00,0x16,0x00,0x00,0x00,0x00,0x00,0x00,0x00,0x00,
0x00,0x00,0x00,0x36,0x00,0x00,0x00,0x16,0x00,0x00,0x00,0x19,0x00,0x00,0x00,0x19,0x00,0x00,0x00,0x16,0x00,0x00,0x00,0x00,
0x00,0x00,0x00,0x00,0x00,0x00,0x00,0x37,0x00,0x00,0x00,0x16,0x00,0x00,0x00,0x14,0x00,0x00,0x00,0x14,0x00,0x00,0x00,0x16,
0x00,0x00,0x00,0x00,0x00,0x00,0x00,0x00,0x00,0x00,0x00,0x38,0x00,0x00,0x00,0x16,0x00,0x00,0x00,0x19,0x00,0x00,0x00,0x19,
0x00,0x00,0x00,0x16,0x00,0x00,0x00,0x00,0x00,0x00,0x00,0x00,0x00,0x00,0x00,0x39,0x00,0x00,0x00,0x16,0x00,0x00,0x00,0x19,
0x00,0x00,0x00,0x19,0x00,0x00,0x00,0x16,0x00,0x00,0x00,0x00,0x00,0x00,0x00,0x00,0x00,0x00,0x00,0x3A,0x00,0x00,0x00,0x12,
0x00,0x00,0x00,0x07,0x00,0x00,0x00,0x07,0x00,0x00,0x00,0x12,0x00,0x00,0x00,0x00,0x00,0x00,0x00,0x00,0x00,0x00,0x00,0x7E,
0x00,0x00,0x00,0x0C,0x00,0x00,0x00,0x0C,0x00,0x00,0x00,0x0C,0x00,0x00,0x00,0x0C,0x00,0x00,0x00,0x00,0x00,0x00,0x00,0x00,
0x00,0x00,0x00,0x04,0x42,0x60,0x64,0x63,0x53,0x19,0x00,0x00,0x00,0x00,0x00,0x00,0x00,0x00,0x00,0x00,0x00,0x00,0x00,0x2C,
0x8C,0x32,0x00,0x00,0x00,0x00,0x00,0x36,0xE1,0xFF,0xFF,0xFF,0xFF,0xFF,0xFB,0x81,0x00,0x00,0x00,0x00,0x00,0x00,0x00,0x00,
0x00,0x00,0x00,0x47,0xF1,0xFF,0x58,0x00,0x00,0x00,0x00,0x11,0xEA,0xFF,0xFF,0xFF,0xFF,0xFF,0xFF,0xFF,0xFF,0x5F,0x00,0x00,
0x00,0x00,0x00,0x00,0x00,0x00,0x00,0x68,0xFB,0xFF,0xFF,0x58,0x00,0x00,0x00,0x00,0x66,0xFF,0xFF,0xFF,0xFF,0xFF,0xFF,0xFF,
0xFF,0xFF,0xCC,0x00,0x00,0x00,0x00,0x00,0x00,0x00,0x02,0x8D,0xFF,0xFF,0xFF,0xFF,0x58,0x00,0x00,0x00,0x00,0x8A,0xFF,0xFF,
0xFB,0x36,0x14,0x1B,0xBF,0xFF,0xFF,0xF2,0x00,0x00,0x00,0x00,0x00,0x00,0x0B,0xB0,0xFF,0xFF,0xFF,0xFF,0xFF,0x55,0x00,0x00,
0x00,0x00,0x90,0xFF,0xFF,0xE8,0x00,0x00,0x00,0x88,0xFF,0xFF,0xF8,0x00,0x00,0x00,0x00,0x00,0x1A,0xCD,0xFF,0xFF,0xFF,0xFF,
0xFF,0x98,0x04,0x00,0x00,0x00,0x00,0x8F,0xFF,0xFF,0xF1,0x03,0x00,0x00,0x96,0xFF,0xFF,0xF7,0x00,0x00,0x00,0x00,0x2F,0xE3,
0xFF,0xFF,0xFF,0xFF,0xFD,0x74,0x00,0x00,0x00,0x00,0x00,0x00,0x7B,0xFF,0xFF,0xFF,0xC9,0xAC,0xB2,0xF7,0xFF,0xFF,0xE2,0x00,
0x00,0x00,0x4B,0xF3,0xFF,0xFF,0xFF,0xFF,0xF5,0x51,0x00,0x00,0x00,0x00,0x00,0x00,0x00,0x33,0xFF,0xFF,0xFF,0xFF,0xFF,0xFF,
0xFF,0xFF,0xFF,0x98,0x00,0x00,0x6D,0xFC,0xFF,0xFF,0xFF,0xFF,0xE7,0x34,0x00,0x00,0x00,0x00,0x00,0x00,0x00,0x00,0x00,0x8D,
0xFF,0xFF,0xFF,0xFF,0xFF,0xFF,0xFF,0xDD,0x14,0x03,0x92,0xFF,0xFF,0xFF,0xFF,0xFF,0xD2,0x1E,0x00,0x00,0x00,0x00,0x00,0x00,
0x00,0x00,0x00,0x00,0x00,0x56,0xB3,0xD1,0xD4,0xD3,0xC4,0x85,0x11,0x0C,0xB4,0xFF,0xFF,0xFF,0xFF,0xFF,0xB7,0x0D,0x00,0x00,
0x00,0x00,0x00,0x00,0x00,0x00,0x00,0x00,0x00,0x00,0x00,0x00,0x00,0x00,0x00,0x00,0x00,0x1C,0xD0,0xFF,0xFF,0xFF,0xFF,0xFF,
0x96,0x03,0x30,0x64,0x70,0x70,0x69,0x42,0x02,0x00,0x00,0x00,0x00,0x00,0x00,0x00,0x00,0x00,0x00,0x00,0x00,0x32,0xE6,0xFF,
0xFF,0xFF,0xFF,0xFD,0x72,0x09,0xAE,0xFF,0xFF,0xFF,0xFF,0xFF,0xFF,0xD2,0x21,0x00,0x00,0x00,0x00,0x00,0x00,0x00,0x00,0x00,
0x00,0x4F,0xF4,0xFF,0xFF,0xFF,0xFF,0xF4,0x4F,0x00,0x92,0xFF,0xFF,0xFF,0xFF,0xFF,0xFF,0xFF,0xFF,0xCE,0x00,0x00,0x00,0x00,
0x00,0x00,0x00,0x00,0x00,0x72,0xFD,0xFF,0xFF,0xFF,0xFF,0xE6,0x32,0x00,0x04,0xF5,0xFF,0xFF,0xFF,0xFF,0xFF,0xFF,0xFF,0xFF,
0xFF,0x38,0x00,0x00,0x00,0x00,0x00,0x00,0x04,0x97,0xFF,0xFF,0xFF,0xFF,0xFF,0xD1,0x1C,0x00,0x00,0x1B,0xFF,0xFF,0xFF,0x8D,
0x05,0x04,0x51,0xFF,0xFF,0xFF,0x5B,0x00,0x00,0x00,0x00,0x00,0x0E,0xB8,0xFF,0xFF,0xFF,0xFF,0xFF,0xB5,0x0D,0x00,0x00,0x00,
0x20,0xFF,0xFF,0xFF,0x58,0x00,0x00,0x18,0xFF,0xFF,0xFF,0x60,0x00,0x00,0x00,0x00,0x00,0xD0,0xFF,0xFF,0xFF,0xFF,0xFF,0x93,
0x03,0x00,0x00,0x00,0x00,0x1F,0xFF,0xFF,0xFF,0x65,0x00,0x00,0x26,0xFF,0xFF,0xFF,0x5F,0x00,0x00,0x00,0x00,0x00,0xF8,0xFF,
0xFF,0xFF,0xFD,0x6F,0x00,0x00,0x00,0x00,0x00,0x00,0x0A,0xFF,0xFF,0xFF,0xEE,0xB1,0xB0,0xDD,0xFF,0xFF,0xFF,0x48,0x00,0x00,
0x00,0x00,0x00,0xF8,0xFF,0xFF,0xF4,0x4C,0x00,0x00,0x00,0x00,0x00,0x00,0x00,0x00,0xBD,0xFF,0xFF,0xFF,0xFF,0xFF,0xFF,0xFF,
0xFF,0xEF,0x0B,0x00,0x00,0x00,0x00,0x00,0xF8,0xFF,0xE4,0x31,0x00,0x00,0x00,0x00,0x00,0x00,0x00,0x00,0x00,0x27,0xEA,0xFF,
0xFF,0xFF,0xFF,0xFF,0xFF,0xFA,0x53,0x00,0x00,0x00,0x00,0x00,0x00,0xF2,0xCA,0x1B,0x00,0x00,0x00,0x00,0x00,0x00,0x00,0x00,
0x00,0x00,0x00,0x1A,0x89,0xBC,0xC8,0xC8,0xC1,0x9B,0x31,0x00,0x00,0x00,0x00,0x00,0x00,0x00,0x03,0x08,0x08,0x08,0x06,0x00,
0x00,0x00,0x00,0x00,0x00,0x00,0x00,0x00,0x7C,0xFF,0xFF,0xFF,0xC8,0x00,0x00,0x00,0x00,0x00,0x00,0x00,0x00,0x00,0x7C,0xFF,
0xFF,0xFF,0xC8,0x00,0x00,0x00,0x00,0x00,0x00,0x00,0x00,0x00,0x7C,0xFF,0xFF,0xFF,0xC8,0x00,0x00,0x00,0x00,0x00,0x00,0x00,
0x00,0x00,0x7C,0xFF,0xFF,0xFF,0xC8,0x00,0x00,0x00,0x00,0x00,0x7C,0xFF,0xFF,0xFF,0xFF,0xFF,0xFF,0xFF,0xFF,0xFF,0xFF,0xFF,
0xE8,0x00,0x7C,0xFF,0xFF,0xFF,0xFF,0xFF,0xFF,0xFF,0xFF,0xFF,0xFF,0xFF,0xE8,0x00,0x7C,0xFF,0xFF,0xFF,0xFF,0xFF,0xFF,0xFF,
0xFF,0xFF,0xFF,0xFF,0xE8,0x00,0x7C,0xFF,0xFF,0xFF,0xFF,0xFF,0xFF,0xFF,0xFF,0xFF,0xFF,0xFF,0xE8,0x00,0x20,0x44,0x44,0x44,
0x9F,0xFF,0xFF,0xFF,0xD6,0x44,0x44,0x44,0x3D,0x00,0x00,0x00,0x00,0x00,0x7C,0xFF,0xFF,0xFF,0xC8,0x00,0x00,0x00,0x00,0x00,
0x00,0x00,0x00,0x00,0x7C,0xFF,0xFF,0xFF,0xC8,0x00,0x00,0x00,0x00,0x00,0x00,0x00,0x00,0x00,0x7C,0xFF,0xFF,0xFF,0xC8,0x00,
0x00,0x00,0x00,0x00,0x00,0x00,0x00,0x00,0x2C,0x5C,0x5C,0x5C,0x47,0x00,0x00,0x00,0x00,0x00,0x00,0x00,0x00,0x00,0x00,0x00,
0x00,0x00,0x00,0x00,0x00,0x00,0x00,0x00,0x00,0x00,0x00,0x00,0x00,0x00,0x00,0x00,0x00,0x00,0x00,0x00,0x00,0x00,0x00,0x3C,
0xFF,0xFF,0xFF,0xFF,0xFF,0xFF,0xFF,0xFF,0xFF,0xFF,0xFF,0xFF,0x28,0x00,0x00,0x3C,0xFF,0xFF,0xFF,0xFF,0xFF,0xFF,0xFF,0xFF,
0xFF,0xFF,0xFF,0xFF,0x28,0x00,0x00,0x3C,0xFF,0xFF,0xFF,0xFF,0xFF,0xFF,0xFF,0xFF,0xFF,0xFF,0xFF,0xFF,0x28,0x00,0x00,0x3C,
0xFF,0xFF,0xFF,0xFF,0xFF,0xFF,0xFF,0xFF,0xFF,0xFF,0xFF,0xFF,0x28,0x00,0x00,0x0F,0x44,0x44,0x44,0x44,0x44,0x44,0x44,0x44,
0x44,0x44,0x44,0x44,0x0A,0x00,0x00,0x00,0x00,0x00,0x00,0x00,0x00,0x00,0x00,0x00,0x00,0x00,0x00,0x00,0x00,0x00,0x00,0x00,
0x00,0x00,0x00,0x00,0x00,0x00,0x00,0x00,0x00,0x00,0x00,0x00,0x00,0x00,0x00,0x00,0x00,0x00,0x00,0x00,0x00,0x00,0x00,0x00,
0x00,0x00,0x00,0x00,0x00,0x00,0x00,0x00,0x00,0x00,0x00,0x00,0x00,0x00,0x00,0x00,0x00,0x00,0x00,0x00,0x00,0x00,0x00,0x00,
0x00,0x00,0x00,0x00,0x00,0x00,0x00,0x00,0x00,0x00,0x00,0x00,0x00,0x00,0x00,0x00,0x00,0x00,0x00,0x00,0x00,0x00,0x00,0x00,
0x00,0x00,0x00,0x00,0x00,0x00,0x00,0x1B,0x48,0x48,0x48,0x40,0x00,0x00,0x60,0xFF,0xFF,0xFF,0xE4,0x00,0x00,0x60,0xFF,0xFF,
0xFF,0xE4,0x00,0x00,0x60,0xFF,0xFF,0xFF,0xE4,0x00,0x00,0x60,0xFF,0xFF,0xFF,0xE4,0x00,0x00,0x00,0x00,0x00,0x00,0x00,0x00,
0x00,0x00,0x00,0x00,0x00,0x00,0x0D,0x8D,0x5B,0x00,0x00,0x00,0x00,0x00,0x00,0x00,0x00,0x00,0x00,0x00,0x00,0x01,0xB0,0xFF,
0x9C,0x00,0x00,0x00,0x00,0x00,0x00,0x00,0x00,0x00,0x00,0x00,0x00,0x83,0xFF,0xFF,0x9C,0x00,0x00,0x00,0x00,0x00,0x00,0x00,
0x00,0x00,0x00,0x00,0x55,0xFF,0xFF,0xFF,0x9C,0x00,0x00,0x00,0x00,0x00,0x00,0x00,0x00,0x00,0x00,0x2F,0xF5,0xFF,0xFF,0xFF,
0x97,0x00,0x00,0x00,0x00,0x00,0x00,0x00,0x00,0x00,0x15,0xE0,0xFF,0xFF,0xFF,0xEA,0x1E,0x00,0x00,0x00,0x00,0x00,0x00,0x00,
0x00,0x05,0xC1,0xFF,0xFF,0xFF,0xFA,0x3D,0x00,0x00,0x00,0x00,0x00,0x00,0x00,0x00,0x00,0x98,0xFF,0xFF,0xFF,0xFF,0x68,0x00,
0x00,0x00,0x00,0x00,0x00,0x00,0x00,0x00,0x6A,0xFF,0xFF,0xFF,0xFF,0x96,0x00,0x00,0x00,0x00,0x00,0x00,0x00,0x00,0x00,0x3F,
0xFA,0xFF,0xFF,0xFF,0xC1,0x05,0x00,0x00,0x00,0x00,0x00,0x00,0x00,0x00,0x20,0xEB,0xFF,0xFF,0xFF,0xE0,0x15,0x00,0x00,0x00,
0x00,0x00,0x00,0x00,0x00,0x0B,0xD1,0xFF,0xFF,0xFF,0xF5,0x2F,0x00,0x00,0x00,0x00,0x00,0x00,0x00,0x00,0x01,0xAC,0xFF,0xFF,
0xFF,0xFF,0x55,0x00,0x00,0x00,0x00,0x00,0x00,0x00,0x00,0x00,0x7F,0xFF,0xFF,0xFF,0xFF,0x83,0x00,0x00,0x00,0x00,0x00,0x00,
0x00,0x00,0x00,0x51,0xFE,0xFF,0xFF,0xFF,0xB1,0x01,0x00,0x00,0x00,0x00,0x00,0x00,0x00,0x00,0x2D,0xF3,0xFF,0xFF,0xFF,0xD5,
0x0D,0x00,0x00,0x00,0x00,0x00,0x00,0x00,0x00,0x13,0xDE,0xFF,0xFF,0xFF,0xED,0x23,0x00,0x00,0x00,0x00,0x00,0x00,0x00,0x00,
0x00,0xAF,0xFF,0xFF,0xFF,0xFC,0x44,0x00,0x00,0x00,0x00,0x00,0x00,0x00,0x00,0x00,0x00,0xD0,0xFF,0xFF,0xFF,0x70,0x00,0x00,
0x00,0x00,0x00,0x00,0x00,0x00,0x00,0x00,0x00,0xD0,0xFF,0xFF,0x9F,0x00,0x00,0x00,0x00,0x00,0x00,0x00,0x00,0x00,0x00,0x00,
0x00,0xD0,0xFF,0xC7,0x07,0x00,0x00,0x00,0x00,0x00,0x00,0x00,0x00,0x00,0x00,0x00,0x00,0xCD,0xDF,0x19,0x00,0x00,0x00,0x00,
0x00,0x00,0x00,0x00,0x00,0x00,0x00,0x00,0x00,0x00,0x00,0x00,0x01,0x48,0x87,0x98,0x98,0x98,0x98,0x98,0x98,0x98,0x98,0x98,
0x98,0x98,0x98,0x96,0x7C,0x2A,0x00,0x00,0x00,0x00,0x00,0x00,0x0B,0xB7,0xFF,0xFF,0xFF,0xFF,0xFF,0xFF,0xFF,0xFF,0xFF,0xFF,
0xFF,0xFF,0xFF,0xFF,0xFF,0xFF,0xFE,0x7B,0x00,0x00,0x00,0x00,0x00,0x9E,0xFF,0xFF,0xFF,0xFF,0xFF,0xFF,0xFF,0xFF,0xFF,0xFF,
0xFF,0xFF,0xFF,0xFF,0xFF,0xFF,0xFF,0xFF,0xFF,0x52,0x00,0x00,0x00,0x18,0xFC,0xFF,0xFF,0xFF,0xFF,0xFF,0xFF,0xFF,0xFF,0xFF,
0xFF,0xFF,0xFF,0xFF,0xFF,0xFF,0xFF,0xFF,0xFF,0xFF,0xCA,0x00,0x00,0x00,0x43,0xFF,0xFF,0xFF,0xFF,0xC9,0xC8,0xC8,0xC8,0xC8,
0xC8,0xC8,0xC8,0xC8,0xC8,0xE6,0xFF,0xFF,0xFF,0xFF,0xFF,0xF9,0x01,0x00,0x00,0x4C,0xFF,0xFF,0xFF,0xFC,0x00,0x00,0x00,0x00,
0x00,0x00,0x00,0x00,0x00,0x4F,0xF4,0xFF,0xFF,0xFF,0xFF,0xFF,0xFF,0x04,0x00,0x00,0x4C,0xFF,0xFF,0xFF,0xFC,0x00,0x00,0x00,
0x00,0x00,0x00,0x00,0x00,0x77,0xFD,0xFF,0xFF,0xFF,0xFF,0xFF,0xFF,0xFF,0x04,0x00,0x00,0x4C,0xFF,0xFF,0xFF,0xFC,0x00,0x00,
0x00,0x00,0x00,0x00,0x06,0xA1,0xFF,0xFF,0xFF,0xFF,0xFF,0xFF,0xFF,0xFF,0xFF,0x04,0x00,0x00,0x4C,0xFF,0xFF,0xFF,0xFC,0x00,
0x00,0x00,0x00,0x00,0x15,0xC4,0xFF,0xFF,0xFF,0xFF,0xFF,0xE6,0xFF,0xFF,0xFF,0xFF,0x04,0x00,0x00,0x4C,0xFF,0xFF,0xFF,0xFC,
0x00,0x00,0x00,0x00,0x2C,0xDF,0xFF,0xFF,0xFF,0xFF,0xFF,0xA0,0x4A,0xFF,0xFF,0xFF,0xFF,0x04,0x00,0x00,0x4C,0xFF,0xFF,0xFF,
0xFC,0x00,0x00,0x00,0x4B,0xF2,0xFF,0xFF,0xFF,0xFF,0xFD,0x77,0x00,0x44,0xFF,0xFF,0xFF,0xFF,0x04,0x00,0x00,0x4C,0xFF,0xFF,
0xFF,0xFC,0x00,0x00,0x72,0xFD,0xFF,0xFF,0xFF,0xFF,0xF3,0x4E,0x00,0x00,0x44,0xFF,0xFF,0xFF,0xFF,0x04,0x00,0x00,0x4C,0xFF,
0xFF,0xFF,0xFC,0x05,0x9C,0xFF,0xFF,0xFF,0xFF,0xFF,0xE1,0x2E,0x00,0x00,0x00,0x44,0xFF,0xFF,0xFF,0xFF,0x04,0x00,0x00,0x4C,
0xFF,0xFF,0xFF,0xFD,0xC0,0xFF,0xFF,0xFF,0xFF,0xFF,0xC7,0x17,0x00,0x00,0x00,0x00,0x44,0xFF,0xFF,0xFF,0xFF,0x04,0x00,0x00,
0x4C,0xFF,0xFF,0xFF,0xFF,0xFF,0xFF,0xFF,0xFF,0xFF,0xA4,0x07,0x00,0x00,0x00,0x00,0x00,0x44,0xFF,0xFF,0xFF,0xFF,0x04,0x00,
0x00,0x4C,0xFF,0xFF,0xFF,0xFF,0xFF,0xFF,0xFF,0xFE,0x7C,0x00,0x00,0x00,0x00,0x00,0x00,0x00,0x44,0xFF,0xFF,0xFF,0xFF,0x04,
0x00,0x00,0x4C,0xFF,0xFF,0xFF,0xFF,0xFF,0xFF,0xF5,0x53,0x00,0x00,0x00,0x00,0x00,0x00,0x00,0x00,0x44,0xFF,0xFF,0xFF,0xFF,
0x04,0x00,0x00,0x48,0xFF,0xFF,0xFF,0xFF,0xFF,0xFF,0xB8,0x88,0x88,0x88,0x88,0x88,0x88,0x88,0x88,0x88,0xA9,0xFF,0xFF,0xFF,
0xFD,0x02,0x00,0x00,0x25,0xFF,0xFF,0xFF,0xFF,0xFF,0xFF,0xFF,0xFF,0xFF,0xFF,0xFF,0xFF,0xFF,0xFF,0xFF,0xFF,0xFF,0xFF,0xFF,
0xFF,0xDC,0x00,0x00,0x00,0x00,0xC5,0xFF,0xFF,0xFF,0xFF,0xFF,0xFF,0xFF,0xFF,0xFF,0xFF,0xFF,0xFF,0xFF,0xFF,0xFF,0xFF,0xFF,
0xFF,0xFF,0x7A,0x00,0x00,0x00,0x00,0x28,0xEC,0xFF,0xFF,0xFF,0xFF,0xFF,0xFF,0xFF,0xFF,0xFF,0xFF,0xFF,0xFF,0xFF,0xFF,0xFF,
0xFF,0xFF,0xC4,0x06,0x00,0x00,0x00,0x00,0x00,0x23,0xAA,0xEE,0xFF,0xFF,0xFF,0xFF,0xFF,0xFF,0xFF,0xFF,0xFF,0xFF,0xFF,0xFF,
0xFE,0xE3,0x88,0x09,0x00,0x00,0x00,0x00,0x00,0x00,0x00,0x00,0x00,0x4C,0x98,0x98,0x98,0x98,0x2F,0x00,0x00,0x00,0x00,0x00,
0x34,0xF6,0xFF,0xFF,0xFF,0xFF,0x50,0x00,0x00,0x00,0x00,0x1B,0xE6,0xFF,0xFF,0xFF,0xFF,0xFF,0x50,0x00,0x00,0x00,0x0A,0xCE,
0xFF,0xFF,0xFF,0xFF,0xFF,0xFF,0x50,0x00,0x00,0x01,0xAE,0xFF,0xFF,0xFF,0xFF,0xFF,0xFF,0xFF,0x50,0x00,0x00,0x87,0xFF,0xFF,
0xFF,0xFF,0xFF,0xFF,0xFF,0xFF,0x50,0x00,0x5E,0xFF,0xFF,0xFF,0xFF,0xFB,0xFE,0xFF,0xFF,0xFF,0x50,0x3C,0xF9,0xFF,0xFF,0xFF,
0xFF,0x6D,0xF8,0xFF,0xFF,0xFF,0x50,0x53,0x68,0x68,0x68,0x68,0x58,0x00,0xF8,0xFF,0xFF,0xFF,0x50,0x00,0x00,0x00,0x00,0x00,
0x00,0x00,0xF8,0xFF,0xFF,0xFF,0x50,0x00,0x00,0x00,0x00,0x00,0x00,0x00,0xF8,0xFF,0xFF,0xFF,0x50,0x00,0x00,0x00,0x00,0x00,
0x00,0x00,0xF8,0xFF,0xFF,0xFF,0x50,0x00,0x00,0x00,0x00,0x00,0x00,0x00,0xF8,0xFF,0xFF,0xFF,0x50,0x00,0x00,0x00,0x00,0x00,
0x00,0x00,0xF8,0xFF,0xFF,0xFF,0x50,0x00,0x00,0x00,0x00,0x00,0x00,0x00,0xF8,0xFF,0xFF,0xFF,0x50,0x00,0x00,0x00,0x00,0x00,
0x00,0x00,0xF8,0xFF,0xFF,0xFF,0x50,0x00,0x00,0x00,0x00,0x00,0x00,0x00,0xF8,0xFF,0xFF,0xFF,0x50,0x00,0x00,0x00,0x00,0x00,
0x00,0x00,0xF8,0xFF,0xFF,0xFF,0x50,0x00,0x00,0x00,0x00,0x00,0x00,0x00,0xF8,0xFF,0xFF,0xFF,0x50,0x00,0x00,0x00,0x00,0x00,
0x00,0x00,0xF8,0xFF,0xFF,0xFF,0x50,0x00,0x00,0x00,0x00,0x00,0x00,0x00,0xF8,0xFF,0xFF,0xFF,0x50,0x00,0x00,0x00,0x00,0x00,
0x00,0x00,0xF8,0xFF,0xFF,0xFF,0x50,0x00,0x00,0x00,0x03,0x4F,0x8B,0x9C,0x9C,0x9C,0x9C,0x9C,0x9C,0x9C,0x9C,0x9C,0x9C,0x9C,
0x9C,0x9A,0x81,0x30,0x00,0x00,0x00,0x00,0x00,0x00,0x11,0xC2,0xFF,0xFF,0xFF,0xFF,0xFF,0xFF,0xFF,0xFF,0xFF,0xFF,0xFF,0xFF,
0xFF,0xFF,0xFF,0xFF,0xFF,0x88,0x00,0x00,0x00,0x00,0x00,0xAC,0xFF,0xFF,0xFF,0xFF,0xFF,0xFF,0xFF,0xFF,0xFF,0xFF,0xFF,0xFF,
0xFF,0xFF,0xFF,0xFF,0xFF,0xFF,0xFF,0x60,0x00,0x00,0x00,0x1E,0xFE,0xFF,0xFF,0xFF,0xFF,0xFF,0xFF,0xFF,0xFF,0xFF,0xFF,0xFF,
0xFF,0xFF,0xFF,0xFF,0xFF,0xFF,0xFF,0xFF,0xD3,0x00,0x00,0x00,0x45,0xFF,0xFF,0xFF,0xFF,0xAD,0xAC,0xAC,0xAC,0xAC,0xAC,0xAC,
0xAC,0xAC,0xAC,0xAC,0xAC,0xC4,0xFF,0xFF,0xFF,0xFB,0x01,0x00,0x00,0x4C,0xFF,0xFF,0xFF,0xFC,0x00,0x00,0x00,0x00,0x00,0x00,
0x00,0x00,0x00,0x00,0x00,0x00,0x44,0xFF,0xFF,0xFF,0xFF,0x04,0x00,0x00,0x22,0x74,0x74,0x74,0x72,0x00,0x00,0x00,0x00,0x00,
0x00,0x00,0x00,0x00,0x00,0x00,0x00,0x44,0xFF,0xFF,0xFF,0xFF,0x04,0x00,0x00,0x00,0x00,0x00,0x00,0x00,0x00,0x00,0x00,0x00,
0x00,0x00,0x00,0x00,0x00,0x00,0x00,0x00,0x44,0xFF,0xFF,0xFF,0xFF,0x04,0x00,0x00,0x00,0x00,0x00,0x00,0x00,0x00,0x00,0x00,
0x00,0x00,0x00,0x00,0x00,0x00,0x00,0x00,0x00,0x44,0xFF,0xFF,0xFF,0xFF,0x04,0x00,0x00,0x00,0x00,0x01,0x47,0x83,0x94,0x94,
0x94,0x94,0x94,0x94,0x94,0x94,0x94,0x94,0x94,0x94,0xB2,0xFF,0xFF,0xFF,0xFC,0x02,0x00,0x00,0x00,0x0E,0xBC,0xFF,0xFF,0xFF,
0xFF,0xFF,0xFF,0xFF,0xFF,0xFF,0xFF,0xFF,0xFF,0xFF,0xFF,0xFF,0xFF,0xFF,0xFF,0xD9,0x00,0x00,0x00,0x00,0xA7,0xFF,0xFF,0xFF,
0xFF,0xFF,0xFF,0xFF,0xFF,0xFF,0xFF,0xFF,0xFF,0xFF,0xFF,0xFF,0xFF,0xFF,0xFF,0xFF,0x6F,0x00,0x00,0x00,0x1C,0xFE,0xFF,0xFF,
0xFF,0xFF,0xFF,0xFF,0xFF,0xFF,0xFF,0xFF,0xFF,0xFF,0xFF,0xFF,0xFF,0xFF,0xFF,0xFF,0xA3,0x01,0x00,0x00,0x00,0x44,0xFF,0xFF,
0xFF,0xFF,0xB9,0xB8,0xB8,0xB8,0xB8,0xB8,0xB8,0xB8,0xB8,0xB8,0xB8,0xB8,0xB6,0x9E,0x4C,0x00,0x00,0x00,0x00,0x00,0x4C,0xFF,
0xFF,0xFF,0xFC,0x00,0x00,0x00,0x00,0x00,0x00,0x00,0x00,0x00,0x00,0x00,0x00,0x00,0x00,0x00,0x00,0x00,0x00,0x00,0x00,0x4C,
0xFF,0xFF,0xFF,0xFC,0x00,0x00,0x00,0x00,0x00,0x00,0x00,0x00,0x00,0x00,0x00,0x00,0x00,0x00,0x00,0x00,0x00,0x00,0x00,0x00,
0x4C,0xFF,0xFF,0xFF,0xFC,0x00,0x00,0x00,0x00,0x00,0x00,0x00,0x00,0x00,0x00,0x00,0x00,0x00,0x00,0x00,0x00,0x00,0x00,0x00,
0x00,0x4C,0xFF,0xFF,0xFF,0xFD,0x49,0x48,0x48,0x48,0x48,0x48,0x48,0x48,0x48,0x48,0x48,0x48,0x48,0x48,0x48,0x48,0x48,0x01,
0x00,0x00,0x4C,0xFF,0xFF,0xFF,0xFF,0xFF,0xFF,0xFF,0xFF,0xFF,0xFF,0xFF,0xFF,0xFF,0xFF,0xFF,0xFF,0xFF,0xFF,0xFF,0xFF,0xFF,
0x04,0x00,0x00,0x4C,0xFF,0xFF,0xFF,0xFF,0xFF,0xFF,0xFF,0xFF,0xFF,0xFF,0xFF,0xFF,0xFF,0xFF,0xFF,0xFF,0xFF,0xFF,0xFF,0xFF,
0xFF,0x04,0x00,0x00,0x4C,0xFF,0xFF,0xFF,0xFF,0xFF,0xFF,0xFF,0xFF,0xFF,0xFF,0xFF,0xFF,0xFF,0xFF,0xFF,0xFF,0xFF,0xFF,0xFF,
0xFF,0xFF,0x04,0x00,0x00,0x4C,0xFF,0xFF,0xFF,0xFF,0xFF,0xFF,0xFF,0xFF,0xFF,0xFF,0xFF,0xFF,0xFF,0xFF,0xFF,0xFF,0xFF,0xFF,
0xFF,0xFF,0xFF,0x04,0x00,0x00,0x00,0x00,0x06,0x5A,0x8F,0x9C,0x9C,0x9C,0x9C,0x9C,0x9C,0x9C,0x9C,0x9C,0x9C,0x9C,0x9B,0x84,
0x39,0x00,0x00,0x00,0x00,0x00,0x00,0x00,0x1D,0xD2,0xFF,0xFF,0xFF,0xFF,0xFF,0xFF,0xFF,0xFF,0xFF,0xFF,0xFF,0xFF,0xFF,0xFF,
0xFF,0xFF,0x9A,0x01,0x00,0x00,0x00,0x00,0x00,0xC8,0xFF,0xFF,0xFF,0xFF,0xFF,0xFF,0xFF,0xFF,0xFF,0xFF,0xFF,0xFF,0xFF,0xFF,
0xFF,0xFF,0xFF,0xFF,0x70,0x00,0x00,0x00,0x00,0x38,0xFF,0xFF,0xFF,0xFF,0xFF,0xFF,0xFF,0xFF,0xFF,0xFF,0xFF,0xFF,0xFF,0xFF,
0xFF,0xFF,0xFF,0xFF,0xFF,0xE0,0x00,0x00,0x00,0x00,0x61,0xFF,0xFF,0xFF,0xF7,0xAC,0xAC,0xAC,0xAC,0xAC,0xAC,0xAC,0xAC,0xAC,
0xAC,0xAC,0xC0,0xFF,0xFF,0xFF,0xFF,0x09,0x00,0x00,0x00,0x68,0xFF,0xFF,0xFF,0xE0,0x00,0x00,0x00,0x00,0x00,0x00,0x00,0x00,
0x00,0x00,0x00,0x38,0xFF,0xFF,0xFF,0xFF,0x10,0x00,0x00,0x00,0x28,0x64,0x64,0x64,0x57,0x00,0x00,0x00,0x00,0x00,0x00,0x00,
0x00,0x00,0x00,0x00,0x38,0xFF,0xFF,0xFF,0xFF,0x10,0x00,0x00,0x00,0x00,0x00,0x00,0x00,0x00,0x00,0x00,0x00,0x00,0x00,0x00,
0x00,0x00,0x00,0x00,0x00,0x38,0xFF,0xFF,0xFF,0xFF,0x10,0x00,0x00,0x00,0x00,0x00,0x00,0x00,0x06,0x08,0x08,0x08,0x08,0x08,
0x08,0x08,0x08,0x08,0x08,0x08,0x40,0xFF,0xFF,0xFF,0xFF,0x10,0x00,0x00,0x00,0x00,0x00,0x00,0x00,0xC8,0xFF,0xFF,0xFF,0xFF,
0xFF,0xFF,0xFF,0xFF,0xFF,0xFF,0xFF,0xFF,0xFF,0xFF,0xFF,0xFD,0x05,0x00,0x00,0x00,0x00,0x00,0x00,0x00,0xC8,0xFF,0xFF,0xFF,
0xFF,0xFF,0xFF,0xFF,0xFF,0xFF,0xFF,0xFF,0xFF,0xFF,0xFF,0xFF,0xF1,0x08,0x00,0x00,0x00,0x00,0x00,0x00,0x00,0xC8,0xFF,0xFF,
0xFF,0xFF,0xFF,0xFF,0xFF,0xFF,0xFF,0xFF,0xFF,0xFF,0xFF,0xFF,0xFF,0xFF,0x7A,0x00,0x00,0x00,0x00,0x00,0x00,0x00,0xC8,0xFF,
0xFF,0xFF,0xFF,0xFF,0xFF,0xFF,0xFF,0xFF,0xFF,0xFF,0xFF,0xFF,0xFF,0xFF,0xFF,0xCE,0x00,0x00,0x00,0x00,0x00,0x00,0x00,0x2E,
0x3C,0x3C,0x3C,0x3C,0x3C,0x3C,0x3C,0x3C,0x3C,0x3C,0x3C,0x3C,0x88,0xFF,0xFF,0xFF,0xE3,0x00,0x00,0x00,0x00,0x00,0x00,0x00,
0x00,0x00,0x00,0x00,0x00,0x00,0x00,0x00,0x00,0x00,0x00,0x00,0x00,0x60,0xFF,0xFF,0xFF,0xE4,0x00,0x00,0x00,0x00,0x00,0x00,
0x00,0x00,0x00,0x00,0x00,0x00,0x00,0x00,0x00,0x00,0x00,0x00,0x00,0x00,0x60,0xFF,0xFF,0xFF,0xE4,0x00,0x00,0x00,0x4E,0xC0,
0xC0,0xC0,0xA8,0x00,0x00,0x00,0x00,0x00,0x00,0x00,0x00,0x00,0x00,0x00,0x00,0x60,0xFF,0xFF,0xFF,0xE4,0x00,0x00,0x00,0x67,
0xFF,0xFF,0xFF,0xEA,0x48,0x48,0x48,0x48,0x48,0x48,0x48,0x48,0x48,0x48,0x48,0x48,0x8F,0xFF,0xFF,0xFF,0xE2,0x00,0x00,0x00,
0x4E,0xFF,0xFF,0xFF,0xFF,0xFF,0xFF,0xFF,0xFF,0xFF,0xFF,0xFF,0xFF,0xFF,0xFF,0xFF,0xFF,0xFF,0xFF,0xFF,0xFF,0xC9,0x00,0x00,
0x00,0x0C,0xF0,0xFF,0xFF,0xFF,0xFF,0xFF,0xFF,0xFF,0xFF,0xFF,0xFF,0xFF,0xFF,0xFF,0xFF,0xFF,0xFF,0xFF,0xFF,0xFF,0x78,0x00,
0x00,0x00,0x00,0x54,0xFC,0xFF,0xFF,0xFF,0xFF,0xFF,0xFF,0xFF,0xFF,0xFF,0xFF,0xFF,0xFF,0xFF,0xFF,0xFF,0xFF,0xFF,0xC8,0x07,
0x00,0x00,0x00,0x00,0x00,0x3F,0xBE,0xF3,0xFF,0xFF,0xFF,0xFF,0xFF,0xFF,0xFF,0xFF,0xFF,0xFF,0xFF,0xFF,0xFE,0xE2,0x88,0x0A,
0x00,0x00,0x00,0x00,0x00,0x00,0x00,0x00,0x00,0x00,0x00,0x00,0x00,0x00,0x00,0x00,0x54,0x9C,0x9C,0x9C,0x6D,0x00,0x00,0x00,
0x00,0x00,0x00,0x00,0x00,0x00,0x00,0x00,0x00,0x00,0x00,0x00,0x00,0x6F,0xFE,0xFF,0xFF,0xFF,0xB4,0x00,0x00,0x00,0x00,0x00,
0x00,0x00,0x00,0x00,0x00,0x00,0x00,0x00,0x00,0x00,0x88,0xFF,0xFF,0xFF,0xFF,0xFF,0xB4,0x00,0x00,0x00,0x00,0x00,0x00,0x00,
0x00,0x00,0x00,0x00,0x00,0x00,0x04,0xA0,0xFF,0xFF,0xFF,0xFF,0xFF,0xFF,0xB4,0x00,0x00,0x00,0x00,0x00,0x00,0x00,0x00,0x00,
0x00,0x00,0x00,0x0A,0xB5,0xFF,0xFF,0xFF,0xFF,0xFF,0xFF,0xFF,0xB4,0x00,0x00,0x00,0x00,0x00,0x00,0x00,0x00,0x00,0x00,0x00,
0x13,0xC8,0xFF,0xFF,0xFF,0xFF,0xFF,0xFF,0xFF,0xFF,0xB4,0x00,0x00,0x00,0x00,0x00,0x00,0x00,0x00,0x00,0x00,0x1E,0xD7,0xFF,
0xFF,0xFF,0xFF,0xFF,0xFF,0xFF,0xFF,0xFF,0xB4,0x00,0x00,0x00,0x00,0x00,0x00,0x00,0x00,0x00,0x2D,0xE5,0xFF,0xFF,0xFF,0xFF,
0xFF,0xBE,0xA6,0xFF,0xFF,0xFF,0xB4,0x00,0x00,0x00,0x00,0x00,0x00,0x00,0x00,0x3E,0xEF,0xFF,0xFF,0xFF,0xFF,0xFF,0x96,0x04,
0x94,0xFF,0xFF,0xFF,0xB4,0x00,0x00,0x00,0x00,0x00,0x00,0x00,0x51,0xF7,0xFF,0xFF,0xFF,0xFF,0xFB,0x6B,0x00,0x00,0x94,0xFF,
0xFF,0xFF,0xB4,0x00,0x00,0x00,0x00,0x00,0x00,0x67,0xFC,0xFF,0xFF,0xFF,0xFF,0xED,0x42,0x00,0x00,0x00,0x94,0xFF,0xFF,0xFF,
0xB4,0x00,0x00,0x00,0x00,0x00,0x7F,0xFF,0xFF,0xFF,0xFF,0xFF,0xD6,0x24,0x00,0x00,0x00,0x00,0x94,0xFF,0xFF,0xFF,0xB4,0x00,
0x00,0x00,0x00,0x8D,0xFF,0xFF,0xFF,0xFF,0xFF,0xFF,0xC2,0xB4,0xB4,0xB4,0xB4,0xB4,0xDF,0xFF,0xFF,0xFF,0xE9,0xB4,0xB4,0x76,
0x00,0xD0,0xFF,0xFF,0xFF,0xFF,0xFF,0xFF,0xFF,0xFF,0xFF,0xFF,0xFF,0xFF,0xFF,0xFF,0xFF,0xFF,0xFF,0xFF,0xFF,0xA8,0x00,0xD0,
0xFF,0xFF,0xFF,0xFF,0xFF,0xFF,0xFF,0xFF,0xFF,0xFF,0xFF,0xFF,0xFF,0xFF,0xFF,0xFF,0xFF,0xFF,0xFF,0xA8,0x00,0xD0,0xFF,0xFF,
0xFF,0xFF,0xFF,0xFF,0xFF,0xFF,0xFF,0xFF,0xFF,0xFF,0xFF,0xFF,0xFF,0xFF,0xFF,0xFF,0xFF,0xA8,0x00,0x7B,0x98,0x98,0x98,0x98,
0x98,0x98,0x98,0x98,0x98,0x98,0x98,0x98,0xD4,0xFF,0xFF,0xFF,0xE1,0x98,0x98,0x63,0x00,0x00,0x00,0x00,0x00,0x00,0x00,0x00,
0x00,0x00,0x00,0x00,0x00,0x00,0x94,0xFF,0xFF,0xFF,0xB4,0x00,0x00,0x00,0x00,0x00,0x00,0x00,0x00,0x00,0x00,0x00,0x00,0x00,
0x00,0x00,0x00,0x00,0x94,0xFF,0xFF,0xFF,0xB4,0x00,0x00,0x00,0x00,0x00,0x00,0x00,0x00,0x00,0x00,0x00,0x00,0x00,0x00,0x00,
0x00,0x00,0x94,0xFF,0xFF,0xFF,0xB4,0x00,0x00,0x00,0x00,0x00,0x00,0x00,0x00,0x00,0x00,0x00,0x00,0x00,0x00,0x00,0x00,0x00,
0x94,0xFF,0xFF,0xFF,0xB4,0x00,0x00,0x00,0x00,0x00,0x00,0x00,0x00,0x00,0x00,0x00,0x00,0x00,0x00,0x00,0x00,0x00,0x94,0xFF,
0xFF,0xFF,0xB4,0x00,0x00,0x00,0x00,0x00,0x2E,0x9C,0x9C,0x9C,0x9C,0x9C,0x9C,0x9C,0x9C,0x9C,0x9C,0x9C,0x9C,0x9C,0x9C,0x9C,
0x9C,0x9C,0x9C,0x9C,0x9C,0x9C,0x02,0x00,0x00,0x4C,0xFF,0xFF,0xFF,0xFF,0xFF,0xFF,0xFF,0xFF,0xFF,0xFF,0xFF,0xFF,0xFF,0xFF,
0xFF,0xFF,0xFF,0xFF,0xFF,0xFF,0xFF,0x04,0x00,0x00,0x4C,0xFF,0xFF,0xFF,0xFF,0xFF,0xFF,0xFF,0xFF,0xFF,0xFF,0xFF,0xFF,0xFF,
0xFF,0xFF,0xFF,0xFF,0xFF,0xFF,0xFF,0xFF,0x04,0x00,0x00,0x4C,0xFF,0xFF,0xFF,0xFF,0xFF,0xFF,0xFF,0xFF,0xFF,0xFF,0xFF,0xFF,
0xFF,0xFF,0xFF,0xFF,0xFF,0xFF,0xFF,0xFF,0xFF,0x04,0x00,0x00,0x4C,0xFF,0xFF,0xFF,0xFF,0xAD,0xAC,0xAC,0xAC,0xAC,0xAC,0xAC,
0xAC,0xAC,0xAC,0xAC,0xAC,0xAC,0xAC,0xAC,0xAC,0xAC,0x02,0x00,0x00,0x4C,0xFF,0xFF,0xFF,0xFC,0x00,0x00,0x00,0x00,0x00,0x00,
0x00,0x00,0x00,0x00,0x00,0x00,0x00,0x00,0x00,0x00,0x00,0x00,0x00,0x00,0x4C,0xFF,0xFF,0xFF,0xFC,0x00,0x00,0x00,0x00,0x00,
0x00,0x00,0x00,0x00,0x00,0x00,0x00,0x00,0x00,0x00,0x00,0x00,0x00,0x00,0x00,0x4C,0xFF,0xFF,0xFF,0xFC,0x00,0x00,0x00,0x00,
0x00,0x00,0x00,0x00,0x00,0x00,0x00,0x00,0x00,0x00,0x00,0x00,0x00,0x00,0x00,0x00,0x4C,0xFF,0xFF,0xFF,0xFD,0x21,0x20,0x20,
0x20,0x20,0x20,0x20,0x20,0x20,0x20,0x20,0x20,0x1E,0x08,0x00,0x00,0x00,0x00,0x00,0x00,0x4C,0xFF,0xFF,0xFF,0xFF,0xFF,0xFF,
0xFF,0xFF,0xFF,0xFF,0xFF,0xFF,0xFF,0xFF,0xFF,0xFF,0xFF,0xFE,0xB6,0x24,0x00,0x00,0x00,0x00,0x4C,0xFF,0xFF,0xFF,0xFF,0xFF,
0xFF,0xFF,0xFF,0xFF,0xFF,0xFF,0xFF,0xFF,0xFF,0xFF,0xFF,0xFF,0xFF,0xFF,0xEC,0x20,0x00,0x00,0x00,0x4C,0xFF,0xFF,0xFF,0xFF,
0xFF,0xFF,0xFF,0xFF,0xFF,0xFF,0xFF,0xFF,0xFF,0xFF,0xFF,0xFF,0xFF,0xFF,0xFF,0xFF,0xA7,0x00,0x00,0x00,0x4C,0xFF,0xFF,0xFF,
0xFF,0xFF,0xFF,0xFF,0xFF,0xFF,0xFF,0xFF,0xFF,0xFF,0xFF,0xFF,0xFF,0xFF,0xFF,0xFF,0xFF,0xEF,0x00,0x00,0x00,0x0D,0x2C,0x2C,
0x2C,0x2C,0x2C,0x2C,0x2C,0x2C,0x2C,0x2C,0x2C,0x2C,0x2C,0x2C,0x2C,0x2C,0x66,0xFF,0xFF,0xFF,0xFF,0x03,0x00,0x00,0x00,0x00,
0x00,0x00,0x00,0x00,0x00,0x00,0x00,0x00,0x00,0x00,0x00,0x00,0x00,0x00,0x00,0x44,0xFF,0xFF,0xFF,0xFF,0x04,0x00,0x00,0x00,
0x00,0x00,0x00,0x00,0x00,0x00,0x00,0x00,0x00,0x00,0x00,0x00,0x00,0x00,0x00,0x00,0x44,0xFF,0xFF,0xFF,0xFF,0x04,0x00,0x00,
0x3C,0xCC,0xCC,0xCC,0xC8,0x00,0x00,0x00,0x00,0x00,0x00,0x00,0x00,0x00,0x00,0x00,0x00,0x44,0xFF,0xFF,0xFF,0xFF,0x04,0x00,
0x00,0x4B,0xFF,0xFF,0xFF,0xFD,0x49,0x48,0x48,0x48,0x48,0x48,0x48,0x48,0x48,0x48,0x48,0x48,0x7A,0xFF,0xFF,0xFF,0xFF,0x03,
0x00,0x00,0x32,0xFF,0xFF,0xFF,0xFF,0xFF,0xFF,0xFF,0xFF,0xFF,0xFF,0xFF,0xFF,0xFF,0xFF,0xFF,0xFF,0xFF,0xFF,0xFF,0xFF,0xE9,
0x00,0x00,0x00,0x02,0xDD,0xFF,0xFF,0xFF,0xFF,0xFF,0xFF,0xFF,0xFF,0xFF,0xFF,0xFF,0xFF,0xFF,0xFF,0xFF,0xFF,0xFF,0xFF,0xFF,
0x95,0x00,0x00,0x00,0x00,0x3E,0xF7,0xFF,0xFF,0xFF,0xFF,0xFF,0xFF,0xFF,0xFF,0xFF,0xFF,0xFF,0xFF,0xFF,0xFF,0xFF,0xFF,0xFF,
0xD9,0x10,0x00,0x00,0x00,0x00,0x00,0x31,0xB4,0xF0,0xFF,0xFF,0xFF,0xFF,0xFF,0xFF,0xFF,0xFF,0xFF,0xFF,0xFF,0xFF,0xFE,0xE6,
0x94,0x11,0x00,0x00,0x00,0x00,0x00,0x00,0x03,0x4F,0x8B,0x9C,0x9C,0x9C,0x9C,0x9C,0x9C,0x9C,0x9C,0x9C,0x9C,0x9C,0x9C,0x9C,
0x66,0x00,0x00,0x00,0x00,0x00,0x00,0x00,0x11,0xC2,0xFF,0xFF,0xFF,0xFF,0xFF,0xFF,0xFF,0xFF,0xFF,0xFF,0xFF,0xFF,0xFF,0xFF,
0xFF,0xA8,0x00,0x00,0x00,0x00,0x00,0x00,0x00,0xAC,0xFF,0xFF,0xFF,0xFF,0xFF,0xFF,0xFF,0xFF,0xFF,0xFF,0xFF,0xFF,0xFF,0xFF,
0xFF,0xFF,0xA8,0x00,0x00,0x00,0x00,0x00,0x00,0x1E,0xFE,0xFF,0xFF,0xFF,0xFF,0xFF,0xFF,0xFF,0xFF,0xFF,0xFF,0xFF,0xFF,0xFF,
0xFF,0xFF,0xFF,0xA8,0x00,0x00,0x00,0x00,0x00,0x00,0x45,0xFF,0xFF,0xFF,0xFF,0xAD,0xAC,0xAC,0xAC,0xAC,0xAC,0xAC,0xAC,0xAC,
0xAC,0xAC,0xAC,0xAC,0x70,0x00,0x00,0x00,0x00,0x00,0x00,0x4C,0xFF,0xFF,0xFF,0xFC,0x00,0x00,0x00,0x00,0x00,0x00,0x00,0x00,
0x00,0x00,0x00,0x00,0x00,0x00,0x00,0x00,0x00,0x00,0x00,0x00,0x4C,0xFF,0xFF,0xFF,0xFC,0x00,0x00,0x00,0x00,0x00,0x00,0x00,
0x00,0x00,0x00,0x00,0x00,0x00,0x00,0x00,0x00,0x00,0x00,0x00,0x00,0x4C,0xFF,0xFF,0xFF,0xFC,0x00,0x00,0x00,0x00,0x00,0x00,
0x00,0x00,0x00,0x00,0x00,0x00,0x00,0x00,0x00,0x00,0x00,0x00,0x00,0x00,0x4C,0xFF,0xFF,0xFF,0xFD,0x25,0x24,0x24,0x24,0x24,
0x24,0x24,0x24,0x24,0x24,0x24,0x24,0x22,0x0B,0x00,0x00,0x00,0x00,0x00,0x00,0x4C,0xFF,0xFF,0xFF,0xFF,0xFF,0xFF,0xFF,0xFF,
0xFF,0xFF,0xFF,0xFF,0xFF,0xFF,0xFF,0xFF,0xFF,0xFE,0xBA,0x26,0x00,0x00,0x00,0x00,0x4C,0xFF,0xFF,0xFF,0xFF,0xFF,0xFF,0xFF,
0xFF,0xFF,0xFF,0xFF,0xFF,0xFF,0xFF,0xFF,0xFF,0xFF,0xFF,0xFF,0xEE,0x20,0x00,0x00,0x00,0x4C,0xFF,0xFF,0xFF,0xFF,0xFF,0xFF,
0xFF,0xFF,0xFF,0xFF,0xFF,0xFF,0xFF,0xFF,0xFF,0xFF,0xFF,0xFF,0xFF,0xFF,0xA7,0x00,0x00,0x00,0x4C,0xFF,0xFF,0xFF,0xFF,0xFF,
0xFF,0xFF,0xFF,0xFF,0xFF,0xFF,0xFF,0xFF,0xFF,0xFF,0xFF,0xFF,0xFF,0xFF,0xFF,0xEF,0x00,0x00,0x00,0x4C,0xFF,0xFF,0xFF,0xFC,
0x28,0x28,0x28,0x28,0x28,0x28,0x28,0x28,0x28,0x28,0x28,0x28,0x63,0xFF,0xFF,0xFF,0xFF,0x03,0x00,0x00,0x4C,0xFF,0xFF,0xFF,
0xFC,0x00,0x00,0x00,0x00,0x00,0x00,0x00,0x00,0x00,0x00,0x00,0x00,0x44,0xFF,0xFF,0xFF,0xFF,0x04,0x00,0x00,0x4C,0xFF,0xFF,
0xFF,0xFC,0x00,0x00,0x00,0x00,0x00,0x00,0x00,0x00,0x00,0x00,0x00,0x00,0x44,0xFF,0xFF,0xFF,0xFF,0x04,0x00,0x00,0x4C,0xFF,
0xFF,0xFF,0xFC,0x00,0x00,0x00,0x00,0x00,0x00,0x00,0x00,0x00,0x00,0x00,0x00,0x44,0xFF,0xFF,0xFF,0xFF,0x04,0x00,0x00,0x4B,
0xFF,0xFF,0xFF,0xFD,0x49,0x48,0x48,0x48,0x48,0x48,0x48,0x48,0x48,0x48,0x48,0x48,0x7A,0xFF,0xFF,0xFF,0xFF,0x03,0x00,0x00,
0x32,0xFF,0xFF,0xFF,0xFF,0xFF,0xFF,0xFF,0xFF,0xFF,0xFF,0xFF,0xFF,0xFF,0xFF,0xFF,0xFF,0xFF,0xFF,0xFF,0xFF,0xE9,0x00,0x00,
0x00,0x02,0xDD,0xFF,0xFF,0xFF,0xFF,0xFF,0xFF,0xFF,0xFF,0xFF,0xFF,0xFF,0xFF,0xFF,0xFF,0xFF,0xFF,0xFF,0xFF,0xFF,0x95,0x00,
0x00,0x00,0x00,0x3E,0xF7,0xFF,0xFF,0xFF,0xFF,0xFF,0xFF,0xFF,0xFF,0xFF,0xFF,0xFF,0xFF,0xFF,0xFF,0xFF,0xFF,0xFF,0xD9,0x10,
0x00,0x00,0x00,0x00,0x00,0x31,0xB4,0xF0,0xFF,0xFF,0xFF,0xFF,0xFF,0xFF,0xFF,0xFF,0xFF,0xFF,0xFF,0xFF,0xFE,0xE6,0x94,0x11,
0x00,0x00,0x00,0x91,0xA0,0xA0,0xA0,0xA0,0xA0,0xA0,0xA0,0xA0,0xA0,0xA0,0xA0,0xA0,0x9F,0x88,0x3B,0x00,0x00,0x00,0x00,0xE8,
0xFF,0xFF,0xFF,0xFF,0xFF,0xFF,0xFF,0xFF,0xFF,0xFF,0xFF,0xFF,0xFF,0xFF,0xFF,0x9A,0x01,0x00,0x00,0xE8,0xFF,0xFF,0xFF,0xFF,
0xFF,0xFF,0xFF,0xFF,0xFF,0xFF,0xFF,0xFF,0xFF,0xFF,0xFF,0xFF,0x6F,0x00,0x00,0xE8,0xFF,0xFF,0xFF,0xFF,0xFF,0xFF,0xFF,0xFF,
0xFF,0xFF,0xFF,0xFF,0xFF,0xFF,0xFF,0xFF,0xDD,0x00,0x00,0x94,0xA4,0xA4,0xA4,0xA4,0xA4,0xA4,0xA4,0xA4,0xA4,0xA4,0xA4,0xA4,
0xBC,0xFF,0xFF,0xFF,0xFE,0x06,0x00,0x00,0x00,0x00,0x00,0x00,0x00,0x00,0x00,0x00,0x00,0x00,0x00,0x00,0x3C,0xFF,0xFF,0xFF,
0xFF,0x0C,0x00,0x00,0x00,0x00,0x00,0x00,0x00,0x00,0x00,0x00,0x00,0x00,0x00,0x00,0x3C,0xFF,0xFF,0xFF,0xFF,0x0C,0x00,0x00,
0x00,0x00,0x00,0x00,0x00,0x00,0x00,0x00,0x00,0x00,0x00,0x00,0x3C,0xFF,0xFF,0xFF,0xFF,0x0C,0x00,0x00,0x00,0x00,0x00,0x00,
0x00,0x00,0x00,0x00,0x00,0x00,0x00,0x00,0x3C,0xFF,0xFF,0xFF,0xFF,0x0C,0x00,0x00,0x00,0x00,0x00,0x00,0x00,0x00,0x00,0x00,
0x00,0x00,0x00,0x00,0x3C,0xFF,0xFF,0xFF,0xFF,0x0C,0x00,0x00,0x00,0x00,0x00,0x00,0x00,0x00,0x00,0x00,0x00,0x00,0x00,0x00,
0x3C,0xFF,0xFF,0xFF,0xFF,0x0C,0x00,0x00,0x00,0x00,0x00,0x00,0x00,0x00,0x00,0x00,0x00,0x00,0x00,0x00,0x3C,0xFF,0xFF,0xFF,
0xFF,0x0C,0x00,0x00,0x00,0x00,0x00,0x00,0x00,0x00,0x00,0x00,0x00,0x00,0x00,0x00,0x3C,0xFF,0xFF,0xFF,0xFF,0x0C,0x00,0x00,
0x00,0x00,0x00,0x00,0x00,0x00,0x00,0x00,0x00,0x00,0x00,0x00,0x3C,0xFF,0xFF,0xFF,0xFF,0x0C,0x00,0x00,0x00,0x00,0x00,0x00,
0x00,0x00,0x00,0x00,0x00,0x00,0x00,0x00,0x3C,0xFF,0xFF,0xFF,0xFF,0x0C,0x00,0x00,0x00,0x00,0x00,0x00,0x00,0x00,0x00,0x00,
0x00,0x00,0x00,0x00,0x3C,0xFF,0xFF,0xFF,0xFF,0x0C,0x00,0x00,0x00,0x00,0x00,0x00,0x00,0x00,0x00,0x00,0x00,0x00,0x00,0x00,
0x3C,0xFF,0xFF,0xFF,0xFF,0x0C,0x00,0x00,0x00,0x00,0x00,0x00,0x00,0x00,0x00,0x00,0x00,0x00,0x00,0x00,0x3C,0xFF,0xFF,0xFF,
0xFF,0x0C,0x00,0x00,0x00,0x00,0x00,0x00,0x00,0x00,0x00,0x00,0x00,0x00,0x00,0x00,0x3C,0xFF,0xFF,0xFF,0xFF,0x0C,0x00,0x00,
0x00,0x00,0x00,0x00,0x00,0x00,0x00,0x00,0x00,0x00,0x00,0x00,0x3C,0xFF,0xFF,0xFF,0xFF,0x0C,0x00,0x00,0x00,0x00,0x00,0x00,
0x00,0x00,0x00,0x00,0x00,0x00,0x00,0x00,0x3C,0xFF,0xFF,0xFF,0xFF,0x0C,0x00,0x00,0x00,0x00,0x00,0x00,0x00,0x00,0x00,0x00,
0x00,0x00,0x00,0x00,0x3C,0xFF,0xFF,0xFF,0xFF,0x0C,0x00,0x00,0x00,0x00,0x03,0x4F,0x8B,0x9C,0x9C,0x9C,0x9C,0x9C,0x9C,0x9C,
0x9C,0x9C,0x9C,0x9C,0x9C,0x9A,0x83,0x32,0x00,0x00,0x00,0x00,0x00,0x00,0x11,0xC2,0xFF,0xFF,0xFF,0xFF,0xFF,0xFF,0xFF,0xFF,
0xFF,0xFF,0xFF,0xFF,0xFF,0xFF,0xFF,0xFF,0xFF,0x91,0x01,0x00,0x00,0x00,0x00,0xAC,0xFF,0xFF,0xFF,0xFF,0xFF,0xFF,0xFF,0xFF,
0xFF,0xFF,0xFF,0xFF,0xFF,0xFF,0xFF,0xFF,0xFF,0xFF,0xFF,0x70,0x00,0x00,0x00,0x1E,0xFE,0xFF,0xFF,0xFF,0xFF,0xFF,0xFF,0xFF,
0xFF,0xFF,0xFF,0xFF,0xFF,0xFF,0xFF,0xFF,0xFF,0xFF,0xFF,0xFF,0xE2,0x00,0x00,0x00,0x45,0xFF,0xFF,0xFF,0xFF,0xB5,0xB4,0xB4,
0xB4,0xB4,0xB4,0xB4,0xB4,0xB4,0xB4,0xB4,0xB4,0xCA,0xFF,0xFF,0xFF,0xFF,0x04,0x00,0x00,0x4C,0xFF,0xFF,0xFF,0xFC,0x00,0x00,
0x00,0x00,0x00,0x00,0x00,0x00,0x00,0x00,0x00,0x00,0x44,0xFF,0xFF,0xFF,0xFF,0x04,0x00,0x00,0x4C,0xFF,0xFF,0xFF,0xFC,0x00,
0x00,0x00,0x00,0x00,0x00,0x00,0x00,0x00,0x00,0x00,0x00,0x44,0xFF,0xFF,0xFF,0xFF,0x04,0x00,0x00,0x4C,0xFF,0xFF,0xFF,0xFC,
0x00,0x00,0x00,0x00,0x00,0x00,0x00,0x00,0x00,0x00,0x00,0x00,0x44,0xFF,0xFF,0xFF,0xFF,0x04,0x00,0x00,0x4B,0xFF,0xFF,0xFF,
0xFC,0x00,0x00,0x00,0x00,0x00,0x00,0x00,0x00,0x00,0x00,0x00,0x00,0x44,0xFF,0xFF,0xFF,0xFF,0x03,0x00,0x00,0x36,0xFF,0xFF,
0xFF,0xFF,0xD5,0xD4,0xD4,0xD4,0xD4,0xD4,0xD4,0xD4,0xD4,0xD4,0xD4,0xD4,0xE1,0xFF,0xFF,0xFF,0xEF,0x00,0x00,0x00,0x06,0xE8,
0xFF,0xFF,0xFF,0xFF,0xFF,0xFF,0xFF,0xFF,0xFF,0xFF,0xFF,0xFF,0xFF,0xFF,0xFF,0xFF,0xFF,0xFF,0xFF,0xA6,0x00,0x00,0x00,0x04,
0xE5,0xFF,0xFF,0xFF,0xFF,0xFF,0xFF,0xFF,0xFF,0xFF,0xFF,0xFF,0xFF,0xFF,0xFF,0xFF,0xFF,0xFF,0xFF,0xFF,0xA5,0x00,0x00,0x00,
0x34,0xFF,0xFF,0xFF,0xFF,0xFF,0xFF,0xFF,0xFF,0xFF,0xFF,0xFF,0xFF,0xFF,0xFF,0xFF,0xFF,0xFF,0xFF,0xFF,0xFF,0xEF,0x00,0x00,
0x00,0x4B,0xFF,0xFF,0xFF,0xFD,0x2D,0x2C,0x2C,0x2C,0x2C,0x2C,0x2C,0x2C,0x2C,0x2C,0x2C,0x2C,0x66,0xFF,0xFF,0xFF,0xFF,0x03,
0x00,0x00,0x4C,0xFF,0xFF,0xFF,0xFC,0x00,0x00,0x00,0x00,0x00,0x00,0x00,0x00,0x00,0x00,0x00,0x00,0x44,0xFF,0xFF,0xFF,0xFF,
0x04,0x00,0x00,0x4C,0xFF,0xFF,0xFF,0xFC,0x00,0x00,0x00,0x00,0x00,0x00,0x00,0x00,0x00,0x00,0x00,0x00,0x44,0xFF,0xFF,0xFF,
0xFF,0x04,0x00,0x00,0x4C,0xFF,0xFF,0xFF,0xFC,0x00,0x00,0x00,0x00,0x00,0x00,0x00,0x00,0x00,0x00,0x00,0x00,0x44,0xFF,0xFF,
0xFF,0xFF,0x04,0x00,0x00,0x4B,0xFF,0xFF,0xFF,0xFD,0x49,0x48,0x48,0x48,0x48,0x48,0x48,0x48,0x48,0x48,0x48,0x48,0x7A,0xFF,
0xFF,0xFF,0xFF,0x03,0x00,0x00,0x32,0xFF,0xFF,0xFF,0xFF,0xFF,0xFF,0xFF,0xFF,0xFF,0xFF,0xFF,0xFF,0xFF,0xFF,0xFF,0xFF,0xFF,
0xFF,0xFF,0xFF,0xE9,0x00,0x00,0x00,0x02,0xDD,0xFF,0xFF,0xFF,0xFF,0xFF,0xFF,0xFF,0xFF,0xFF,0xFF,0xFF,0xFF,0xFF,0xFF,0xFF,
0xFF,0xFF,0xFF,0xFF,0x95,0x00,0x00,0x00,0x00,0x3E,0xF7,0xFF,0xFF,0xFF,0xFF,0xFF,0xFF,0xFF,0xFF,0xFF,0xFF,0xFF,0xFF,0xFF,
0xFF,0xFF,0xFF,0xFF,0xD9,0x10,0x00,0x00,0x00,0x00,0x00,0x31,0xB4,0xF0,0xFF,0xFF,0xFF,0xFF,0xFF,0xFF,0xFF,0xFF,0xFF,0xFF,
0xFF,0xFF,0xFE,0xE6,0x94,0x11,0x00,0x00,0x00,0x00,0x00,0x00,0x06,0x58,0x8F,0x9C,0x9C,0x9C,0x9C,0x9C,0x9C,0x9C,0x9C,0x9C,
0x9C,0x9C,0x9C,0x9A,0x7E,0x29,0x00,0x00,0x00,0x00,0x00,0x00,0x1B,0xD0,0xFF,0xFF,0xFF,0xFF,0xFF,0xFF,0xFF,0xFF,0xFF,0xFF,
0xFF,0xFF,0xFF,0xFF,0xFF,0xFF,0xFD,0x76,0x00,0x00,0x00,0x00,0x00,0xC4,0xFF,0xFF,0xFF,0xFF,0xFF,0xFF,0xFF,0xFF,0xFF,0xFF,
0xFF,0xFF,0xFF,0xFF,0xFF,0xFF,0xFF,0xFF,0xFF,0x49,0x00,0x00,0x00,0x34,0xFF,0xFF,0xFF,0xFF,0xFF,0xFF,0xFF,0xFF,0xFF,0xFF,
0xFF,0xFF,0xFF,0xFF,0xFF,0xFF,0xFF,0xFF,0xFF,0xFF,0xB8,0x00,0x00,0x00,0x5D,0xFF,0xFF,0xFF,0xFA,0xAC,0xAC,0xAC,0xAC,0xAC,
0xAC,0xAC,0xAC,0xAC,0xAC,0xAC,0xAC,0xCC,0xFF,0xFF,0xFF,0xE1,0x00,0x00,0x00,0x64,0xFF,0xFF,0xFF,0xE8,0x00,0x00,0x00,0x00,
0x00,0x00,0x00,0x00,0x00,0x00,0x00,0x00,0x5C,0xFF,0xFF,0xFF,0xE8,0x00,0x00,0x00,0x64,0xFF,0xFF,0xFF,0xE8,0x00,0x00,0x00,
0x00,0x00,0x00,0x00,0x00,0x00,0x00,0x00,0x00,0x5C,0xFF,0xFF,0xFF,0xE8,0x00,0x00,0x00,0x64,0xFF,0xFF,0xFF,0xE8,0x00,0x00,
0x00,0x00,0x00,0x00,0x00,0x00,0x00,0x00,0x00,0x00,0x5C,0xFF,0xFF,0xFF,0xE8,0x00,0x00,0x00,0x64,0xFF,0xFF,0xFF,0xE8,0x00,
0x00,0x00,0x00,0x00,0x00,0x00,0x00,0x00,0x00,0x00,0x00,0x5C,0xFF,0xFF,0xFF,0xE8,0x00,0x00,0x00,0x59,0xFF,0xFF,0xFF,0xFD,
0xD4,0xD4,0xD4,0xD4,0xD4,0xD4,0xD4,0xD4,0xD4,0xD4,0xD4,0xD4,0xE3,0xFF,0xFF,0xFF,0xE8,0x00,0x00,0x00,0x27,0xFF,0xFF,0xFF,
0xFF,0xFF,0xFF,0xFF,0xFF,0xFF,0xFF,0xFF,0xFF,0xFF,0xFF,0xFF,0xFF,0xFF,0xFF,0xFF,0xFF,0xE8,0x00,0x00,0x00,0x00,0xA8,0xFF,
0xFF,0xFF,0xFF,0xFF,0xFF,0xFF,0xFF,0xFF,0xFF,0xFF,0xFF,0xFF,0xFF,0xFF,0xFF,0xFF,0xFF,0xFF,0xE8,0x00,0x00,0x00,0x00,0x0C,
0xB1,0xFF,0xFF,0xFF,0xFF,0xFF,0xFF,0xFF,0xFF,0xFF,0xFF,0xFF,0xFF,0xFF,0xFF,0xFF,0xFF,0xFF,0xFF,0xE8,0x00,0x00,0x00,0x00,
0x00,0x00,0x35,0x6B,0x78,0x78,0x78,0x78,0x78,0x78,0x78,0x78,0x78,0x78,0x78,0x78,0xAB,0xFF,0xFF,0xFF,0xE8,0x00,0x00,0x00,
0x00,0x00,0x00,0x00,0x00,0x00,0x00,0x00,0x00,0x00,0x00,0x00,0x00,0x00,0x00,0x00,0x00,0x5C,0xFF,0xFF,0xFF,0xE8,0x00,0x00,
0x00,0x00,0x00,0x00,0x00,0x00,0x00,0x00,0x00,0x00,0x00,0x00,0x00,0x00,0x00,0x00,0x00,0x00,0x5C,0xFF,0xFF,0xFF,0xE8,0x00,
0x00,0x00,0x00,0x00,0x00,0x00,0x00,0x00,0x00,0x00,0x00,0x00,0x00,0x00,0x00,0x00,0x00,0x00,0x00,0x5C,0xFF,0xFF,0xFF,0xE8,
0x00,0x00,0x00,0x1C,0x48,0x48,0x48,0x48,0x48,0x48,0x48,0x48,0x48,0x48,0x48,0x48,0x48,0x48,0x48,0x48,0x8C,0xFF,0xFF,0xFF,
0xE6,0x00,0x00,0x00,0x38,0xFF,0xFF,0xFF,0xFF,0xFF,0xFF,0xFF,0xFF,0xFF,0xFF,0xFF,0xFF,0xFF,0xFF,0xFF,0xFF,0xFF,0xFF,0xFF,
0xFF,0xCD,0x00,0x00,0x00,0x00,0xCB,0xFF,0xFF,0xFF,0xFF,0xFF,0xFF,0xFF,0xFF,0xFF,0xFF,0xFF,0xFF,0xFF,0xFF,0xFF,0xFF,0xFF,
0xFF,0xFF,0x7C,0x00,0x00,0x00,0x00,0x2A,0xEF,0xFF,0xFF,0xFF,0xFF,0xFF,0xFF,0xFF,0xFF,0xFF,0xFF,0xFF,0xFF,0xFF,0xFF,0xFF,
0xFF,0xFF,0xCB,0x08,0x00,0x00,0x00,0x00,0x00,0x25,0xB0,0xF2,0xFF,0xFF,0xFF,0xFF,0xFF,0xFF,0xFF,0xFF,0xFF,0xFF,0xFF,0xFF,
0xFE,0xE3,0x8B,0x0B,0x00,0x00,0x00,0x00,0x2A,0x70,0x70,0x70,0x63,0x00,0x00,0x60,0xFF,0xFF,0xFF,0xE4,0x00,0x00,0x60,0xFF,
0xFF,0xFF,0xE4,0x00,0x00,0x60,0xFF,0xFF,0xFF,0xE4,0x00,0x00,0x52,0xDC,0xDC,0xDC,0xC3,0x00,0x00,0x00,0x00,0x00,0x00,0x00,
0x00,0x00,0x00,0x00,0x00,0x00,0x00,0x00,0x00,0x00,0x00,0x00,0x00,0x00,0x00,0x00,0x00,0x00,0x00,0x00,0x00,0x00,0x00,0x00,
0x00,0x00,0x00,0x00,0x00,0x00,0x00,0x00,0x00,0x00,0x00,0x00,0x00,0x00,0x00,0x00,0x00,0x00,0x00,0x00,0x00,0x00,0x00,0x00,
0x00,0x00,0x00,0x1B,0x48,0x48,0x48,0x40,0x00,0x00,0x60,0xFF,0xFF,0xFF,0xE4,0x00,0x00,0x60,0xFF,0xFF,0xFF,0xE4,0x00,0x00,
0x60,0xFF,0xFF,0xFF,0xE4,0x00,0x00,0x60,0xFF,0xFF,0xFF,0xE4,0x00,0x00,0x1A,0x59,0x6D,0x46,0x06,0x00,0x00,0x00,0x00,0x00,
0x00,0x3F,0xFD,0xFF,0xFF,0xFF,0xE9,0x87,0x1A,0x00,0x00,0x04,0x45,0x48,0xFF,0xFF,0xFF,0xFF,0xFF,0xFF,0xFB,0xB8,0xA0,0xE0,
0xD0,0x48,0xFF,0xCD,0xB9,0xEA,0xFF,0xFF,0xFF,0xFF,0xFF,0xFF,0xD0,0x2C,0x38,0x00,0x00,0x03,0x54,0xC2,0xFF,0xFF,0xFF,0xFF,
0xC6,0x00,0x00,0x00,0x00,0x00,0x00,0x00,0x32,0x74,0x7A,0x48,0x05,0x00,0x00,0x00,0x00,0x00,0x00,0x00,0x00,0x00,0x00,0x00,
0x00,0x00,0x00,0x00,0x00,0x00,0x00,0x00,0x00,0x00,0x00,0x00,0x00,0x00,0x00,0x00,0x00,0x00,0x00,0x00,0x00,0x00,0x00,0x00,
0x00,0x00,0x00,0x00,0x00,0x00,0x00,0x00,0x00,0x00,0x00,0x00,0x00,0x00,0x00,0x00,0x00,0x00,0x00,0x00,0x00,0x00,0x00,0x00,
0x00,0x00,0x00,0x00,0x00,0x00,0x00,0x00,0x00,0x00,0x00,0x00,0x00,
};
const uint8_t FONT_HUD_M[] PROGMEM = {  // Orbitron%5Bwght%5D.ttf 17px, 95 glyphs, 15496 bytes
0x00,0x00,0x00,0x5F,0x00,0x00,0x00,0x0B,0x00,0x00,0x00,0x11,0x00,0x00,0x00,0x00,0x00,0x00,0x00,0x12,0x00,0x00,0x00,0x05,
0x00,0x00,0x00,0x20,0x00,0x00,0x00,0x00,0x00,0x00,0x00,0x00,0x00,0x00,0x00,0x05,0x00,0x00,0x00,0x00,0x00,0x00,0x00,0x00,
0x00,0x00,0x00,0x00,0x00,0x00,0x00,0x21,0x00,0x00,0x00,0x0D,0x00,0x00,0x00,0x04,0x00,0x00,0x00,0x04,0x00,0x00,0x00,0x0D,
0x00,0x00,0x00,0x00,0x00,0x00,0x00,0x00,0x00,0x00,0x00,0x22,0x00,0x00,0x00,0x0D,0x00,0x00,0x00,0x07,0x00,0x00,0x00,0x07,
0x00,0x00,0x00,0x0D,0x00,0x00,0x00,0x00,0x00,0x00,0x00,0x00,0x00,0x00,0x00,0x23,0x00,0x00,0x00,0x0D,0x00,0x00,0x00,0x0E,
0x00,0x00,0x00,0x0E,0x00,0x00,0x00,0x0D,0x00,0x00,0x00,0x00,0x00,0x00,0x00,0x00,0x00,0x00,0x00,0x24,0x00,0x00,0x00,0x10,
0x00,0x00,0x00,0x0D,0x00,0x00,0x00,0x0D,0x00,0x00,0x00,0x0E,0x00,0x00,0x00,0x00,0x00,0x00,0x00,0x00,0x00,0x00,0x00,0x25,
0x00,0x00,0x00,0x0D,0x00,0x00,0x00,0x10,0x00,0x00,0x00,0x10,0x00,0x00,0x00,0x0D,0x00,0x00,0x00,0x00,0x00,0x00,0x00,0x00,
0x00,0x00,0x00,0x26,0x00,0x00,0x00,0x0E,0x00,0x00,0x00,0x10,0x00,0x00,0x00,0x10,0x00,0x00,0x00,0x0D,0x00,0x00,0x00,0x00,
0x00,0x00,0x00,0x00,0x00,0x00,0x00,0x27,0x00,0x00,0x00,0x0D,0x00,0x00,0x00,0x04,0x00,0x00,0x00,0x04,0x00,0x00,0x00,0x0D,
0x00,0x00,0x00,0x00,0x00,0x00,0x00,0x00,0x00,0x00,0x00,0x28,0x00,0x00,0x00,0x0D,0x00,0x00,0x00,0x05,0x00,0x00,0x00,0x05,
0x00,0x00,0x00,0x0D,0x00,0x00,0x00,0x00,0x00,0x00,0x00,0x00,0x00,0x00,0x00,0x29,0x00,0x00,0x00,0x0D,0x00,0x00,0x00,0x05,
0x00,0x00,0x00,0x05,0x00,0x00,0x00,0x0D,0x00,0x00,0x00,0x00,0x00,0x00,0x00,0x00,0x00,0x00,0x00,0x2A,0x00,0x00,0x00,0x0D,
0x00,0x00,0x00,0x09,0x00,0x00,0x00,0x09,0x00,0x00,0x00,0x0D,0x00,0x00,0x00,0x00,0x00,0x00,0x00,0x00,0x00,0x00,0x00,0x2B,
0x00,0x00,0x00,0x09,0x00,0x00,0x00,0x08,0x00,0x00,0x00,0x08,0x00,0x00,0x00,0x09,0x00,0x00,0x00,0x00,0x00,0x00,0x00,0x00,
0x00,0x00,0x00,0x2C,0x00,0x00,0x00,0x06,0x00,0x00,0x00,0x04,0x00,0x00,0x00,0x04,0x00,0x00,0x00,0x03,0x00,0x00,0x00,0x00,
0x00,0x00,0x00,0x00,0x00,0x00,0x00,0x2D,0x00,0x00,0x00,0x07,0x00,0x00,0x00,0x09,0x00,0x00,0x00,0x09,0x00,0x00,0x00,0x07,
0x00,0x00,0x00,0x00,0x00,0x00,0x00,0x00,0x00,0x00,0x00,0x2E,0x00,0x00,0x00,0x03,0x00,0x00,0x00,0x04,0x00,0x00,0x00,0x04,
0x00,0x00,0x00,0x03,0x00,0x00,0x00,0x00,0x00,0x00,0x00,0x00,0x00,0x00,0x00,0x2F,0x00,0x00,0x00,0x0D,0x00,0x00,0x00,0x09,
0x00,0x00,0x00,0x09,0x00,0x00,0x00,0x0D,0x00,0x00,0x00,0x00,0x00,0x00,0x00,0x00,0x00,0x00,0x00,0x30,0x00,0x00,0x00,0x0D,
0x00,0x00,0x00,0x0E,0x00,0x00,0x00,0x0E,0x00,0x00,0x00,0x0D,0x00,0x00,0x00,0x00,0x00,0x00,0x00,0x00,0x00,0x00,0x00,0x31,
0x00,0x00,0x00,0x0D,0x00,0x00,0x00,0x07,0x00,0x00,0x00,0x07,0x00,0x00,0x00,0x0D,0x00,0x00,0x00,0x00,0x00,0x00,0x00,0x00,
0x00,0x00,0x00,0x32,0x00,0x00,0x00,0x0D,0x00,0x00,0x00,0x0E,0x00,0x00,0x00,0x0E,0x00,0x00,0x00,0x0D,0x00,0x00,0x00,0x00,
0x00,0x00,0x00,0x00,0x00,0x00,0x00,0x33,0x00,0x00,0x00,0x0D,0x00,0x00,0x00,0x0E,0x00,0x00,0x00,0x0E,0x00,0x00,0x00,0x0D,
0x00,0x00,0x00,0x00,0x00,0x00,0x00,0x00,0x00,0x00,0x00,0x34,0x00,0x00,0x00,0x0D,0x00,0x00,0x00,0x0C,0x00,0x00,0x00,0x0C,
0x00,0x00,0x00,0x0D,0x00,0x00,0x00,0x00,0x00,0x00,0x00,0x00,0x00,0x00,0x00,0x35,0x00,0x00,0x00,0x0D,0x00,0x00,0x00,0x0E,
0x00,0x00,0x00,0x0E,0x00,0x00,0x00,0x0D,0x00,0x00,0x00,0x00,0x00,0x00,0x00,0x00,0x00,0x00,0x00,0x36,0x00,0x00,0x00,0x0D,
0x00,0x00,0x00,0x0E,0x00,0x00,0x00,0x0E,0x00,0x00,0x00,0x0D,0x00,0x00,0x00,0x00,0x00,0x00,0x00,0x00,0x00,0x00,0x00,0x37,
0x00,0x00,0x00,0x0D,0x00,0x00,0x00,0x0B,0x00,0x00,0x00,0x0B,0x00,0x00,0x00,0x0D,0x00,0x00,0x00,0x00,0x00,0x00,0x00,0x00,
0x00,0x00,0x00,0x38,0x00,0x00,0x00,0x0D,0x00,0x00,0x00,0x0E,0x00,0x00,0x00,0x0E,0x00,0x00,0x00,0x0D,0x00,0x00,0x00,0x00,
0x00,0x00,0x00,0x00,0x00,0x00,0x00,0x39,0x00,0x00,0x00,0x0D,0x00,0x00,0x00,0x0E,0x00,0x00,0x00,0x0E,0x00,0x00,0x00,0x0D,
0x00,0x00,0x00,0x00,0x00,0x00,0x00,0x00,0x00,0x00,0x00,0x3A,0x00,0x00,0x00,0x0A,0x00,0x00,0x00,0x04,0x00,0x00,0x00,0x04,
0x00,0x00,0x00,0x0A,0x00,0x00,0x00,0x00,0x00,0x00,0x00,0x00,0x00,0x00,0x00,0x3B,0x00,0x00,0x00,0x0D,0x00,0x00,0x00,0x04,
0x00,0x00,0x00,0x04,0x00,0x00,0x00,0x0A,0x00,0x00,0x00,0x00,0x00,0x00,0x00,0x00,0x00,0x00,0x00,0x3C,0x00,0x00,0x00,0x0C,
0x00,0x00,0x00,0x08,0x00,0x00,0x00,0x08,0x00,0x00,0x00,0x0B,0x00,0x00,0x00,0x00,0x00,0x00,0x00,0x00,0x00,0x00,0x00,0x3D,
0x00,0x00,0x00,0x09,0x00,0x00,0x00,0x0B,0x00,0x00,0x00,0x0B,0x00,0x00,0x00,0x09,0x00,0x00,0x00,0x00,0x00,0x00,0x00,0x00,
0x00,0x00,0x00,0x3E,0x00,0x00,0x00,0x0C,0x00,0x00,0x00,0x09,0x00,0x00,0x00,0x08,0x00,0x00,0x00,0x0B,0x00,0x00,0x00,0x00,
0x00,0x00,0x00,0x00,0x00,0x00,0x00,0x3F,0x00,0x00,0x00,0x0D,0x00,0x00,0x00,0x0C,0x00,0x00,0x00,0x0C,0x00,0x00,0x00,0x0D,
0x00,0x00,0x00,0x00,0x00,0x00,0x00,0x00,0x00,0x00,0x00,0x40,0x00,0x00,0x00,0x0D,0x00,0x00,0x00,0x0E,0x00,0x00,0x00,0x0E,
0x00,0x00,0x00,0x0D,0x00,0x00,0x00,0x00,0x00,0x00,0x00,0x00,0x00,0x00,0x00,0x41,0x00,0x00,0x00,0x0D,0x00,0x00,0x00,0x0E,
0x00,0x00,0x00,0x0E,0x00,0x00,0x00,0x0D,0x00,0x00,0x00,0x00,0x00,0x00,0x00,0x00,0x00,0x00,0x00,0x42,0x00,0x00,0x00,0x0D,
0x00,0x00,0x00,0x0E,0x00,0x00,0x00,0x0E,0x00,0x00,0x00,0x0D,0x00,0x00,0x00,0x00,0x00,0x00,0x00,0x00,0x00,0x00,0x00,0x43,
0x00,0x00,0x00,0x0D,0x00,0x00,0x00,0x0E,0x00,0x00,0x00,0x0E,0x00,0x00,0x00,0x0D,0x00,0x00,0x00,0x00,0x00,0x00,0x00,0x00,
0x00,0x00,0x00,0x44,0x00,0x00,0x00,0x0D,0x00,0x00,0x00,0x0E,0x00,0x00,0x00,0x0E,0x00,0x00,0x00,0x0D,0x00,0x00,0x00,0x00,
0x00,0x00,0x00,0x00,0x00,0x00,0x00,0x45,0x00,0x00,0x00,0x0D,0x00,0x00,0x00,0x0D,0x00,0x00,0x00,0x0D,0x00,0x00,0x00,0x0D,
0x00,0x00,0x00,0x00,0x00,0x00,0x00,0x00,0x00,0x00,0x00,0x46,0x00,0x00,0x00,0x0D,0x00,0x00,0x00,0x0D,0x00,0x00,0x00,0x0C,
0x00,0x00,0x00,0x0D,0x00,0x00,0x00,0x00,0x00,0x00,0x00,0x00,0x00,0x00,0x00,0x47,0x00,0x00,0x00,0x0D,0x00,0x00,0x00,0x0E,
0x00,0x00,0x00,0x0E,0x00,0x00,0x00,0x0D,0x00,0x00,0x00,0x00,0x00,0x00,0x00,0x00,0x00,0x00,0x00,0x48,0x00,0x00,0x00,0x0D,
0x00,0x00,0x00,0x0E,0x00,0x00,0x00,0x0E,0x00,0x00,0x00,0x0D,0x00,0x00,0x00,0x00,0x00,0x00,0x00,0x00,0x00,0x00,0x00,0x49,
0x00,0x00,0x00,0x0D,0x00,0x00,0x00,0x04,0x00,0x00,0x00,0x04,0x00,0x00,0x00,0x0D,0x00,0x00,0x00,0x00,0x00,0x00,0x00,0x00,
0x00,0x00,0x00,0x4A,0x00,0x00,0x00,0x0D,0x00,0x00,0x00,0x0D,0x00,0x00,0x00,0x0D,0x00,0x00,0x00,0x0D,0x00,0x00,0x00,0x00,
0x00,0x00,0x00,0x00,0x00,0x00,0x00,0x4B,0x00,0x00,0x00,0x0D,0x00,0x00,0x00,0x0E,0x00,0x00,0x00,0x0E,0x00,0x00,0x00,0x0D,
0x00,0x00,0x00,0x00,0x00,0x00,0x00,0x00,0x00,0x00,0x00,0x4C,0x00,0x00,0x00,0x0D,0x00,0x00,0x00,0x0E,0x00,0x00,0x00,0x0D,
0x00,0x00,0x00,0x0D,0x00,0x00,0x00,0x00,0x00,0x00,0x00,0x00,0x00,0x00,0x00,0x4D,0x00,0x00,0x00,0x0D,0x00,0x00,0x00,0x10,
0x00,0x00,0x00,0x10,0x00,0x00,0x00,0x0D,0x00,0x00,0x00,0x00,0x00,0x00,0x00,0x00,0x00,0x00,0x00,0x4E,0x00,0x00,0x00,0x0D,
0x00,0x00,0x00,0x0E,0x00,0x00,0x00,0x0E,0x00,0x00,0x00,0x0D,0x00,0x00,0x00,0x00,0x00,0x00,0x00,0x00,0x00,0x00,0x00,0x4F,
0x00,0x00,0x00,0x0D,0x00,0x00,0x00,0x0E,0x00,0x00,0x00,0x0E,0x00,0x00,0x00,0x0D,0x00,0x00,0x00,0x00,0x00,0x00,0x00,0x00,
0x00,0x00,0x00,0x50,0x00,0x00,0x00,0x0D,0x00,0x00,0x00,0x0E,0x00,0x00,0x00,0x0D,0x00,0x00,0x00,0x0D,0x00,0x00,0x00,0x00,
0x00,0x00,0x00,0x00,0x00,0x00,0x00,0x51,0x00,0x00,0x00,0x0D,0x00,0x00,0x00,0x0F,0x00,0x00,0x00,0x0F,0x00,0x00,0x00,0x0D,
0x00,0x00,0x00,0x00,0x00,0x00,0x00,0x00,0x00,0x00,0x00,0x52,0x00,0x00,0x00,0x0D,0x00,0x00,0x00,0x0E,0x00,0x00,0x00,0x0E,
0x00,0x00,0x00,0x0D,0x00,0x00,0x00,0x00,0x00,0x00,0x00,0x00,0x00,0x00,0x00,0x53,0x00,0x00,0x00,0x0D,0x00,0x00,0x00,0x0E,
0x00,0x00,0x00,0x0E,0x00,0x00,0x00,0x0D,0x00,0x00,0x00,0x00,0x00,0x00,0x00,0x00,0x00,0x00,0x00,0x54,0x00,0x00,0x00,0x0D,
0x00,0x00,0x00,0x0D,0x00,0x00,0x00,0x0D,0x00,0x00,0x00,0x0D,0x00,0x00,0x00,0x00,0x00,0x00,0x00,0x00,0x00,0x00,0x00,0x55,
0x00,0x00,0x00,0x0D,0x00,0x00,0x00,0x0E,0x00,0x00,0x00,0x0E,0x00,0x00,0x00,0x0D,0x00,0x00,0x00,0x00,0x00,0x00,0x00,0x00,
0x00,0x00,0x00,0x56,0x00,0x00,0x00,0x0D,0x00,0x00,0x00,0x11,0x00,0x00,0x00,0x11,0x00,0x00,0x00,0x0D,0x00,0x00,0x00,0x00,
0x00,0x00,0x00,0x00,0x00,0x00,0x00,0x57,0x00,0x00,0x00,0x0D,0x00,0x00,0x00,0x14,0x00,0x00,0x00,0x14,0x00,0x00,0x00,0x0D,
0x00,0x00,0x00,0x00,0x00,0x00,0x00,0x00,0x00,0x00,0x00,0x58,0x00,0x00,0x00,0x0D,0x00,0x00,0x00,0x0E,0x00,0x00,0x00,0x0E,
0x00,0x00,0x00,0x0D,0x00,0x00,0x00,0x00,0x00,0x00,0x00,0x00,0x00,0x00,0x00,0x59,0x00,0x00,0x00,0x0D,0x00,0x00,0x00,0x0F,
0x00,0x00,0x00,0x0E,0x00,0x00,0x00,0x0D,0xFF,0xFF,0xFF,0xFF,0x00,0x00,0x00,0x00,0x00,0x00,0x00,0x5A,0x00,0x00,0x00,0x0D,
0x00,0x00,0x00,0x0E,0x00,0x00,0x00,0x0E,0x00,0x00,0x00,0x0D,0x00,0x00,0x00,0x00,0x00,0x00,0x00,0x00,0x00,0x00,0x00,0x5B,
0x00,0x00,0x00,0x0D,0x00,0x00,0x00,0x05,0x00,0x00,0x00,0x05,0x00,0x00,0x00,0x0D,0x00,0x00,0x00,0x00,0x00,0x00,0x00,0x00,
0x00,0x00,0x00,0x5C,0x00,0x00,0x00,0x0D,0x00,0x00,0x00,0x09,0x00,0x00,0x00,0x09,0x00,0x00,0x00,0x0D,0x00,0x00,0x00,0x00,
0x00,0x00,0x00,0x00,0x00,0x00,0x00,0x5D,0x00,0x00,0x00,0x0D,0x00,0x00,0x00,0x05,0x00,0x00,0x00,0x05,0x00,0x00,0x00,0x0D,
0x00,0x00,0x00,0x00,0x00,0x00,0x00,0x00,0x00,0x00,0x00,0x5E,0x00,0x00,0x00,0x0D,0x00,0x00,0x00,0x09,0x00,0x00,0x00,0x08,
0x00,0x00,0x00,0x0D,0x00,0x00,0x00,0x00,0x00,0x00,0x00,0x00,0x00,0x00,0x00,0x5F,0x00,0x00,0x00,0x03,0x00,0x00,0x00,0x0E,
0x00,0x00,0x00,0x0E,0x00,0x00,0x00,0x00,0x00,0x00,0x00,0x00,0x00,0x00,0x00,0x00,0x00,0x00,0x00,0x60,0x00,0x00,0x00,0x0F,
0x00,0x00,0x00,0x05,0x00,0x00,0x00,0x05,0x00,0x00,0x00,0x0F,0x00,0x00,0x00,0x00,0x00,0x00,0x00,0x00,0x00,0x00,0x00,0x61,
0x00,0x00,0x00,0x0A,0x00,0x00,0x00,0x0C,0x00,0x00,0x00,0x0C,0x00,0x00,0x00,0x0A,0x00,0x00,0x00,0x00,0x00,0x00,0x00,0x00,
0x00,0x00,0x00,0x62,0x00,0x00,0x00,0x0E,0x00,0x00,0x00,0x0B,0x00,0x00,0x00,0x0B,0x00,0x00,0x00,0x0E,0x00,0x00,0x00,0x00,
0x00,0x00,0x00,0x00,0x00,0x00,0x00,0x63,0x00,0x00,0x00,0x0A,0x00,0x00,0x00,0x0C,0x00,0x00,0x00,0x0C,0x00,0x00,0x00,0x0A,
0x00,0x00,0x00,0x00,0x00,0x00,0x00,0x00,0x00,0x00,0x00,0x64,0x00,0x00,0x00,0x0E,0x00,0x00,0x00,0x0B,0x00,0x00,0x00,0x0B,
0x00,0x00,0x00,0x0E,0x00,0x00,0x00,0x00,0x00,0x00,0x00,0x00,0x00,0x00,0x00,0x65,0x00,0x00,0x00,0x0A,0x00,0x00,0x00,0x0C,
0x00,0x00,0x00,0x0C,0x00,0x00,0x00,0x0A,0x00,0x00,0x00,0x00,0x00,0x00,0x00,0x00,0x00,0x00,0x00,0x66,0x00,0x00,0x00,0x0E,
0x00,0x00,0x00,0x08,0x00,0x00,0x00,0x07,0x00,0x00,0x00,0x0E,0x00,0x00,0x00,0x00,0x00,0x00,0x00,0x00,0x00,0x00,0x00,0x67,
0x00,0x00,0x00,0x0E,0x00,0x00,0x00,0x0C,0x00,0x00,0x00,0x0C,0x00,0x00,0x00,0x0A,0x00,0x00,0x00,0x00,0x00,0x00,0x00,0x00,
0x00,0x00,0x00,0x68,0x00,0x00,0x00,0x0E,0x00,0x00,0x00,0x0B,0x00,0x00,0x00,0x0B,0x00,0x00,0x00,0x0E,0x00,0x00,0x00,0x00,
0x00,0x00,0x00,0x00,0x00,0x00,0x00,0x69,0x00,0x00,0x00,0x0E,0x00,0x00,0x00,0x04,0x00,0x00,0x00,0x04,0x00,0x00,0x00,0x0E,
0x00,0x00,0x00,0x00,0x00,0x00,0x00,0x00,0x00,0x00,0x00,0x6A,0x00,0x00,0x00,0x12,0x00,0x00,0x00,0x08,0x00,0x00,0x00,0x04,
0x00,0x00,0x00,0x0E,0xFF,0xFF,0xFF,0xFC,0x00,0x00,0x00,0x00,0x00,0x00,0x00,0x6B,0x00,0x00,0x00,0x0E,0x00,0x00,0x00,0x0B,
0x00,0x00,0x00,0x0B,0x00,0x00,0x00,0x0E,0x00,0x00,0x00,0x00,0x00,0x00,0x00,0x00,0x00,0x00,0x00,0x6C,0x00,0x00,0x00,0x0E,
0x00,0x00,0x00,0x06,0x00,0x00,0x00,0x06,0x00,0x00,0x00,0x0E,0x00,0x00,0x00,0x00,0x00,0x00,0x00,0x00,0x00,0x00,0x00,0x6D,
0x00,0x00,0x00,0x0A,0x00,0x00,0x00,0x11,0x00,0x00,0x00,0x11,0x00,0x00,0x00,0x0A,0x00,0x00,0x00,0x00,0x00,0x00,0x00,0x00,
0x00,0x00,0x00,0x6E,0x00,0x00,0x00,0x0A,0x00,0x00,0x00,0x0C,0x00,0x00,0x00,0x0C,0x00,0x00,0x00,0x0A,0x00,0x00,0x00,0x00,
0x00,0x00,0x00,0x00,0x00,0x00,0x00,0x6F,0x00,0x00,0x00,0x0A,0x00,0x00,0x00,0x0C,0x00,0x00,0x00,0x0C,0x00,0x00,0x00,0x0A,
0x00,0x00,0x00,0x00,0x00,0x00,0x00,0x00,0x00,0x00,0x00,0x70,0x00,0x00,0x00,0x0E,0x00,0x00,0x00,0x0B,0x00,0x00,0x00,0x0B,
0x00,0x00,0x00,0x0A,0x00,0x00,0x00,0x00,0x00,0x00,0x00,0x00,0x00,0x00,0x00,0x71,0x00,0x00,0x00,0x0E,0x00,0x00,0x00,0x0B,
0x00,0x00,0x00,0x0B,0x00,0x00,0x00,0x0A,0x00,0x00,0x00,0x00,0x00,0x00,0x00,0x00,0x00,0x00,0x00,0x72,0x00,0x00,0x00,0x0A,
0x00,0x00,0x00,0x09,0x00,0x00,0x00,0x09,0x00,0x00,0x00,0x0A,0x00,0x00,0x00,0x00,0x00,0x00,0x00,0x00,0x00,0x00,0x00,0x73,
0x00,0x00,0x00,0x0A,0x00,0x00,0x00,0x0C,0x00,0x00,0x00,0x0C,0x00,0x00,0x00,0x0A,0x00,0x00,0x00,0x00,0x00,0x00,0x00,0x00,
0x00,0x00,0x00,0x74,0x00,0x00,0x00,0x0D,0x00,0x00,0x00,0x08,0x00,0x00,0x00,0x08,0x00,0x00,0x00,0x0D,0x00,0x00,0x00,0x00,
0x00,0x00,0x00,0x00,0x00,0x00,0x00,0x75,0x00,0x00,0x00,0x0A,0x00,0x00,0x00,0x0C,0x00,0x00,0x00,0x0C,0x00,0x00,0x00,0x0A,
0x00,0x00,0x00,0x00,0x00,0x00,0x00,0x00,0x00,0x00,0x00,0x76,0x00,0x00,0x00,0x0A,0x00,0x00,0x00,0x0E,0x00,0x00,0x00,0x0D,
0x00,0x00,0x00,0x0A,0x00,0x00,0x00,0x00,0x00,0x00,0x00,0x00,0x00,0x00,0x00,0x77,0x00,0x00,0x00,0x0A,0x00,0x00,0x00,0x12,
0x00,0x00,0x00,0x12,0x00,0x00,0x00,0x0A,0x00,0x00,0x00,0x00,0x00,0x00,0x00,0x00,0x00,0x00,0x00,0x78,0x00,0x00,0x00,0x0A,
0x00,0x00,0x00,0x0C,0x00,0x00,0x00,0x0C,0x00,0x00,0x00,0x0A,0x00,0x00,0x00,0x00,0x00,0x00,0x00,0x00,0x00,0x00,0x00,0x79,
0x00,0x00,0x00,0x0E,0x00,0x00,0x00,0x0C,0x00,0x00,0x00,0x0C,0x00,0x00,0x00,0x0A,0x00,0x00,0x00,0x00,0x00,0x00,0x00,0x00,
0x00,0x00,0x00,0x7A,0x00,0x00,0x00,0x0A,0x00,0x00,0x00,0x0C,0x00,0x00,0x00,0x0C,0x00,0x00,0x00,0x0A,0x00,0x00,0x00,0x00,
0x00,0x00,0x00,0x00,0x00,0x00,0x00,0x7B,0x00,0x00,0x00,0x0D,0x00,0x00,0x00,0x05,0x00,0x00,0x00,0x05,0x00,0x00,0x00,0x0D,
0x00,0x00,0x00,0x00,0x00,0x00,0x00,0x00,0x00,0x00,0x00,0x7C,0x00,0x00,0x00,0x10,0x00,0x00,0x00,0x04,0x00,0x00,0x00,0x04,
0x00,0x00,0x00,0x0E,0x00,0x00,0x00,0x00,0x00,0x00,0x00,0x00,0x00,0x00,0x00,0x7D,0x00,0x00,0x00,0x0D,0x00,0x00,0x00,0x05,
0x00,0x00,0x00,0x05,0x00,0x00,0x00,0x0D,0x00,0x00,0x00,0x00,0x00,0x00,0x00,0x00,0x00,0x00,0x00,0x7E,0x00,0x00,0x00,0x07,
0x00,0x00,0x00,0x07,0x00,0x00,0x00,0x07,0x00,0x00,0x00,0x07,0x00,0x00,0x00,0x00,0x00,0x00,0x00,0x00,0x00,0x3C,0x3C,0x18,
0x04,0xFF,0xFF,0x68,0x04,0xFF,0xFF,0x68,0x04,0xFF,0xFF,0x68,0x04,0xFF,0xFF,0x68,0x04,0xFF,0xFF,0x68,0x04,0xFF,0xFF,0x68,
0x04,0xFF,0xFF,0x68,0x04,0xFF,0xFF,0x68,0x02,0x94,0x94,0x3C,0x01,0x6C,0x6C,0x2B,0x04,0xFF,0xFF,0x68,0x04,0xFF,0xFF,0x68,
0x02,0x08,0x08,0x03,0x08,0x08,0x00,0x54,0xFF,0xFF,0x64,0xFF,0xFF,0x18,0x54,0xFF,0xFF,0x64,0xFF,0xFF,0x18,0x54,0xFF,0xFF,
0x64,0xFF,0xFF,0x18,0x12,0x38,0x38,0x15,0x38,0x38,0x05,0x00,0x00,0x00,0x00,0x00,0x00,0x00,0x00,0x00,0x00,0x00,0x00,0x00,
0x00,0x00,0x00,0x00,0x00,0x00,0x00,0x00,0x00,0x00,0x00,0x00,0x00,0x00,0x00,0x00,0x00,0x00,0x00,0x00,0x00,0x00,0x00,0x00,
0x00,0x00,0x00,0x00,0x00,0x00,0x00,0x00,0x00,0x00,0x00,0x00,0x00,0x00,0x00,0x00,0x00,0x00,0x00,0x00,0x00,0x00,0x00,0x07,
0x3C,0x3C,0x14,0x00,0x02,0x3C,0x3C,0x1A,0x00,0x00,0x00,0x00,0x00,0x56,0xFF,0xFF,0x24,0x00,0x3D,0xFF,0xFF,0x3A,0x00,0x00,
0x00,0x00,0x00,0xAA,0xFF,0xCC,0x00,0x00,0x8F,0xFF,0xE1,0x01,0x00,0x00,0xA2,0xA8,0xA8,0xF5,0xFF,0xDA,0xA8,0xA8,0xEC,0xFF,
0xE1,0x88,0x00,0x00,0xF8,0xFF,0xFF,0xFF,0xFF,0xFF,0xFF,0xFF,0xFF,0xFF,0xFF,0xD0,0x00,0x00,0xBD,0xC4,0xF1,0xFF,0xEE,0xC4,
0xC4,0xEB,0xFF,0xF4,0xC4,0x9F,0x00,0x00,0x00,0x05,0xEF,0xFF,0x83,0x00,0x00,0xDC,0xFF,0x9B,0x00,0x00,0x00,0x10,0x24,0x5B,
0xFF,0xFF,0x53,0x24,0x47,0xFF,0xFF,0x67,0x24,0x0B,0x00,0x74,0xFF,0xFF,0xFF,0xFF,0xFF,0xFF,0xFF,0xFF,0xFF,0xFF,0xFF,0x50,
0x00,0x74,0xFF,0xFF,0xFF,0xFF,0xFF,0xFF,0xFF,0xFF,0xFF,0xFF,0xFF,0x50,0x00,0x20,0x70,0xFF,0xFF,0x6B,0x48,0x62,0xFF,0xFF,
0x79,0x48,0x48,0x16,0x00,0x00,0x7C,0xFF,0xEE,0x03,0x00,0x68,0xFF,0xF9,0x0C,0x00,0x00,0x00,0x00,0x00,0xC9,0xFF,0xA8,0x00,
0x00,0xB5,0xFF,0xBC,0x00,0x00,0x00,0x00,0x00,0x00,0x00,0x00,0x00,0x00,0x90,0xF4,0xCA,0x00,0x00,0x00,0x00,0x00,0x00,0x00,
0x26,0x3B,0x3C,0xB0,0xFF,0xDE,0x3C,0x3C,0x30,0x02,0x00,0x02,0xA1,0xFF,0xFF,0xFF,0xFF,0xFF,0xFF,0xFF,0xFF,0xFF,0xC7,0x0E,
0x4B,0xFF,0xFF,0xFF,0xFF,0xFF,0xFF,0xFF,0xFF,0xFF,0xFF,0xFF,0x81,0x6B,0xFF,0xFF,0x2C,0x2C,0xAD,0xFF,0xDB,0x2C,0x2C,0xD2,
0xFF,0xA1,0x6C,0xFF,0xFF,0x00,0x00,0x9C,0xFF,0xD4,0x00,0x00,0x28,0x34,0x20,0x6A,0xFF,0xFF,0x48,0x48,0xB8,0xFF,0xE0,0x48,
0x48,0x3C,0x05,0x00,0x43,0xFF,0xFF,0xFF,0xFF,0xFF,0xFF,0xFF,0xFF,0xFF,0xFF,0xCF,0x12,0x00,0x8A,0xFD,0xFF,0xFF,0xFF,0xFF,
0xFF,0xFF,0xFF,0xFF,0xFF,0x86,0x00,0x00,0x11,0x24,0x24,0xAA,0xFF,0xDA,0x24,0x24,0xD0,0xFF,0xA3,0x2D,0x6C,0x6C,0x00,0x00,
0x9C,0xFF,0xD4,0x00,0x00,0xC8,0xFF,0xA4,0x68,0xFF,0xFF,0x6C,0x6C,0xC6,0xFF,0xE6,0x6C,0x6C,0xE0,0xFF,0xA0,0x35,0xFE,0xFF,
0xFF,0xFF,0xFF,0xFF,0xFF,0xFF,0xFF,0xFF,0xFF,0x68,0x00,0x66,0xEB,0xFF,0xFF,0xFF,0xFF,0xFF,0xFF,0xFF,0xF4,0x8B,0x01,0x00,
0x00,0x00,0x00,0x00,0x98,0xFF,0xD4,0x00,0x00,0x00,0x00,0x00,0x00,0x00,0x00,0x00,0x00,0x6A,0xB4,0x95,0x00,0x00,0x00,0x00,
0x00,0x00,0x00,0x0C,0x1F,0x1C,0x02,0x00,0x00,0x00,0x00,0x00,0x00,0x00,0x1C,0x14,0x00,0x00,0x6C,0xFA,0xFF,0xFF,0xDA,0x21,
0x00,0x00,0x00,0x00,0x00,0x48,0xF2,0x5C,0x00,0x15,0xFD,0xFF,0xDB,0xEB,0xFF,0xAA,0x00,0x00,0x00,0x00,0x6A,0xFC,0xFF,0x5C,
0x00,0x2F,0xFF,0xCC,0x00,0x39,0xFF,0xC7,0x00,0x00,0x02,0x8F,0xFF,0xFF,0xE8,0x29,0x00,0x2A,0xFF,0xE6,0x53,0x84,0xFF,0xC2,
0x00,0x0B,0xB2,0xFF,0xFF,0xD4,0x1F,0x00,0x00,0x04,0xD8,0xFF,0xFF,0xFF,0xFF,0x73,0x1B,0xCE,0xFF,0xFF,0xBA,0x0F,0x00,0x00,
0x00,0x00,0x1B,0x92,0xAB,0xA8,0x69,0x31,0xE4,0xFF,0xFF,0x99,0x04,0x00,0x00,0x00,0x00,0x00,0x00,0x00,0x00,0x00,0x4D,0xF4,
0xFF,0xFE,0x75,0x6F,0xDF,0xEC,0xE2,0x7C,0x00,0x00,0x00,0x00,0x00,0x70,0xFD,0xFF,0xF5,0x52,0x41,0xFF,0xFF,0xFF,0xFF,0xFF,
0x55,0x00,0x00,0x03,0x96,0xFF,0xFF,0xE7,0x35,0x00,0x6E,0xFF,0x9D,0x0C,0x8B,0xFF,0x82,0x00,0x00,0x99,0xFF,0xFF,0xD3,0x1E,
0x00,0x00,0x6D,0xFF,0xA2,0x18,0x91,0xFF,0x81,0x00,0x00,0xB8,0xFF,0xB8,0x0E,0x00,0x00,0x00,0x3C,0xFF,0xFF,0xFF,0xFF,0xFF,
0x4F,0x00,0x00,0xB5,0x97,0x04,0x00,0x00,0x00,0x00,0x00,0x64,0xD3,0xE0,0xD6,0x70,0x00,0x00,0x00,0x00,0x26,0x38,0x38,0x38,
0x38,0x38,0x38,0x26,0x00,0x00,0x00,0x00,0x00,0x00,0x04,0xA7,0xFF,0xFF,0xFF,0xFF,0xFF,0xFF,0xFF,0xFF,0xAD,0x05,0x00,0x00,
0x00,0x00,0x57,0xFF,0xFF,0xFF,0xFF,0xFF,0xFF,0xFF,0xFF,0xFF,0xFF,0x5B,0x00,0x00,0x00,0x00,0x77,0xFF,0xF7,0x38,0x38,0x38,
0x38,0x38,0x38,0xF4,0xFF,0x7C,0x00,0x00,0x00,0x00,0x78,0xFF,0xF4,0x00,0x00,0x00,0x00,0x00,0x00,0x29,0x2C,0x15,0x00,0x00,
0x00,0x00,0x62,0xFF,0xFD,0x7D,0x0E,0x00,0x00,0x00,0x00,0x00,0x00,0x00,0x00,0x00,0x00,0x00,0xB2,0xFF,0xFF,0xFF,0xEE,0x7B,
0x0D,0x00,0x00,0x16,0x30,0x2D,0x00,0x00,0x00,0x12,0xFF,0xFF,0xB6,0xEB,0xFF,0xFF,0xEC,0x79,0x0C,0x78,0xFF,0xF4,0x00,0x00,
0x00,0x18,0xFF,0xFF,0x54,0x0C,0x78,0xEC,0xFF,0xFF,0xEB,0xC7,0xFF,0xF4,0x00,0x00,0x00,0x18,0xFF,0xFF,0x54,0x00,0x00,0x0C,
0x7A,0xED,0xFF,0xFF,0xFF,0xF9,0x23,0x00,0x00,0x15,0xFF,0xFF,0x9D,0x6C,0x6C,0x6C,0x6C,0x7A,0xE9,0xFF,0xFF,0xFF,0xF8,0x81,
0x00,0x01,0xDF,0xFF,0xFF,0xFF,0xFF,0xFF,0xFF,0xFF,0xFF,0xFF,0xFF,0xFA,0xFF,0xF4,0x00,0x00,0x2B,0xD4,0xFE,0xFF,0xFF,0xFF,
0xFF,0xFF,0xFF,0xFC,0xBF,0x1A,0x65,0xDC,0x00,0x00,0x00,0x00,0x00,0x00,0x00,0x00,0x00,0x00,0x00,0x00,0x00,0x00,0x00,0x0A,
0x00,0x00,0x08,0x08,0x03,0x00,0xFF,0xFF,0x6C,0x00,0xFF,0xFF,0x6C,0x00,0xFF,0xFF,0x6C,0x00,0x3C,0x3C,0x19,0x00,0x00,0x00,
0x00,0x00,0x00,0x00,0x00,0x00,0x00,0x00,0x00,0x00,0x00,0x00,0x00,0x00,0x00,0x00,0x00,0x00,0x00,0x00,0x00,0x00,0x00,0x00,
0x00,0x00,0x00,0x00,0x00,0x00,0x00,0x16,0x3A,0x12,0x00,0x59,0xFA,0xFF,0x50,0x07,0xF5,0xFF,0xFF,0x50,0x1B,0xFF,0xFF,0x71,
0x0F,0x1C,0xFF,0xFF,0x50,0x00,0x1C,0xFF,0xFF,0x50,0x00,0x1C,0xFF,0xFF,0x50,0x00,0x1C,0xFF,0xFF,0x50,0x00,0x1C,0xFF,0xFF,
0x50,0x00,0x1C,0xFF,0xFF,0x50,0x00,0x19,0xFF,0xFF,0x9A,0x21,0x02,0xE3,0xFF,0xFF,0x50,0x00,0x2D,0xD5,0xFE,0x50,0x02,0x3C,
0x25,0x00,0x00,0x0C,0xFF,0xFF,0x96,0x01,0x0C,0xFF,0xFF,0xFF,0x45,0x02,0x37,0xFF,0xFF,0x67,0x00,0x08,0xFF,0xFF,0x68,0x00,
0x08,0xFF,0xFF,0x68,0x00,0x08,0xFF,0xFF,0x68,0x00,0x08,0xFF,0xFF,0x68,0x00,0x08,0xFF,0xFF,0x68,0x00,0x08,0xFF,0xFF,0x68,
0x05,0x71,0xFF,0xFF,0x64,0x0C,0xFF,0xFF,0xFD,0x2F,0x0C,0xFF,0xE9,0x5B,0x00,0x00,0x00,0x00,0x07,0x08,0x04,0x00,0x00,0x00,
0x00,0x00,0x00,0xE4,0xFF,0x8C,0x00,0x00,0x00,0x00,0x76,0x2C,0xE4,0xFF,0x91,0x48,0x56,0x00,0x31,0xFF,0xFF,0xFF,0xFF,0xFF,
0xFF,0xDF,0x00,0x63,0xFC,0xFF,0xFF,0xFF,0xFF,0xFF,0xF0,0x1E,0x00,0x15,0xDF,0xFF,0xFF,0xFF,0x9E,0x05,0x00,0x00,0x79,0xFF,
0xFF,0xF5,0xFF,0xF7,0x2E,0x00,0x00,0x41,0xE4,0xC7,0x2F,0xF5,0xBC,0x18,0x00,0x00,0x00,0x12,0x1D,0x00,0x2E,0x02,0x00,0x00,
0x00,0x00,0x00,0x00,0x00,0x00,0x00,0x00,0x00,0x00,0x00,0x00,0x00,0x00,0x00,0x00,0x00,0x00,0x00,0x00,0x00,0x00,0x00,0x00,
0x00,0x00,0x00,0x00,0x00,0x00,0x00,0x00,0x00,0x00,0x00,0x00,0x00,0x00,0x3B,0x84,0x7F,0x00,0x00,0x00,0x00,0x00,0x74,0xFF,
0xF8,0x00,0x00,0x00,0x2A,0x3C,0x94,0xFF,0xF9,0x3C,0x3C,0x12,0xB4,0xFF,0xFF,0xFF,0xFF,0xFF,0xFF,0x50,0xB4,0xFF,0xFF,0xFF,
0xFF,0xFF,0xFF,0x50,0x21,0x30,0x8E,0xFF,0xF9,0x30,0x30,0x0F,0x00,0x00,0x74,0xFF,0xF8,0x00,0x00,0x00,0x00,0x00,0x3A,0x80,
0x7C,0x00,0x00,0x00,0x00,0x00,0x00,0x00,0x00,0x00,0x00,0x00,0x05,0x44,0x44,0x17,0x14,0xFF,0xFF,0x58,0x14,0xFF,0xFF,0x57,
0x14,0xFF,0xFF,0x2E,0x14,0xF6,0x6A,0x00,0x04,0x10,0x00,0x00,0x00,0x3C,0x3C,0x3C,0x3C,0x3C,0x3C,0x3C,0x01,0x00,0xFF,0xFF,
0xFF,0xFF,0xFF,0xFF,0xFF,0x08,0x00,0xFF,0xFF,0xFF,0xFF,0xFF,0xFF,0xFF,0x08,0x00,0x30,0x30,0x30,0x30,0x30,0x30,0x30,0x01,
0x00,0x00,0x00,0x00,0x00,0x00,0x00,0x00,0x00,0x00,0x00,0x00,0x00,0x00,0x00,0x00,0x00,0x00,0x00,0x00,0x00,0x00,0x00,0x00,
0x00,0x00,0x00,0x08,0x6C,0x6C,0x25,0x14,0xFF,0xFF,0x58,0x14,0xFF,0xFF,0x58,0x00,0x00,0x00,0x00,0x00,0x00,0x00,0x03,0x30,
0x00,0x00,0x00,0x00,0x00,0x00,0x00,0x8E,0xD8,0x00,0x00,0x00,0x00,0x00,0x00,0x5F,0xFF,0xD8,0x00,0x00,0x00,0x00,0x00,0x37,
0xF8,0xFF,0x9D,0x00,0x00,0x00,0x00,0x1A,0xE6,0xFF,0xCA,0x08,0x00,0x00,0x00,0x08,0xC9,0xFF,0xE7,0x1B,0x00,0x00,0x00,0x00,
0xA2,0xFF,0xF8,0x39,0x00,0x00,0x00,0x00,0x74,0xFF,0xFF,0x61,0x00,0x00,0x00,0x00,0x48,0xFC,0xFF,0x90,0x00,0x00,0x00,0x00,
0x26,0xEF,0xFF,0xBC,0x03,0x00,0x00,0x00,0x00,0xCB,0xFF,0xDC,0x12,0x00,0x00,0x00,0x00,0x00,0xE4,0xF2,0x2B,0x00,0x00,0x00,
0x00,0x00,0x00,0xDF,0x4F,0x00,0x00,0x00,0x00,0x00,0x00,0x00,0x00,0x00,0x10,0x39,0x3C,0x3C,0x3C,0x3C,0x3C,0x3C,0x39,0x10,
0x00,0x00,0x00,0x40,0xF3,0xFF,0xFF,0xFF,0xFF,0xFF,0xFF,0xFF,0xFF,0xF3,0x40,0x00,0x00,0xE3,0xFF,0xFF,0xFF,0xFF,0xFF,0xFF,
0xFF,0xFF,0xFF,0xFF,0xE3,0x00,0x07,0xFF,0xFF,0x89,0x3C,0x3C,0x3C,0x3C,0x57,0xEE,0xFF,0xFF,0xFF,0x07,0x08,0xFF,0xFF,0x64,
0x00,0x00,0x00,0x35,0xE6,0xFF,0xFF,0xFF,0xFF,0x08,0x08,0xFF,0xFF,0x64,0x00,0x00,0x56,0xF6,0xFF,0xFE,0xCB,0xFF,0xFF,0x08,
0x08,0xFF,0xFF,0x64,0x00,0x7F,0xFE,0xFF,0xF6,0x57,0x64,0xFF,0xFF,0x08,0x08,0xFF,0xFF,0x6D,0xA8,0xFF,0xFF,0xE7,0x36,0x00,
0x64,0xFF,0xFF,0x08,0x08,0xFF,0xFF,0xF5,0xFF,0xFF,0xCE,0x1C,0x00,0x00,0x64,0xFF,0xFF,0x08,0x08,0xFF,0xFF,0xFF,0xFF,0xAE,
0x0B,0x00,0x00,0x00,0x64,0xFF,0xFF,0x08,0x04,0xFE,0xFF,0xFF,0xEF,0x91,0x90,0x90,0x90,0x90,0xBC,0xFF,0xFE,0x04,0x00,0xC0,
0xFF,0xFF,0xFF,0xFF,0xFF,0xFF,0xFF,0xFF,0xFF,0xFF,0xC0,0x00,0x00,0x18,0xC6,0xFD,0xFF,0xFF,0xFF,0xFF,0xFF,0xFF,0xFD,0xC6,
0x18,0x00,0x00,0x00,0x00,0x10,0x3C,0x3C,0x18,0x00,0x00,0x06,0xC3,0xFF,0xFF,0x68,0x00,0x00,0xA0,0xFF,0xFF,0xFF,0x68,0x00,
0x79,0xFF,0xFF,0xFF,0xFF,0x68,0x52,0xFE,0xFF,0xD5,0xFF,0xFF,0x68,0x41,0x4C,0x4C,0x1D,0xFF,0xFF,0x68,0x00,0x00,0x00,0x04,
0xFF,0xFF,0x68,0x00,0x00,0x00,0x04,0xFF,0xFF,0x68,0x00,0x00,0x00,0x04,0xFF,0xFF,0x68,0x00,0x00,0x00,0x04,0xFF,0xFF,0x68,
0x00,0x00,0x00,0x04,0xFF,0xFF,0x68,0x00,0x00,0x00,0x04,0xFF,0xFF,0x68,0x00,0x00,0x00,0x04,0xFF,0xFF,0x68,0x00,0x00,0x14,
0x3D,0x40,0x40,0x40,0x40,0x40,0x40,0x3D,0x14,0x00,0x00,0x00,0x47,0xF6,0xFF,0xFF,0xFF,0xFF,0xFF,0xFF,0xFF,0xFF,0xF6,0x47,
0x00,0x00,0xE7,0xFF,0xFF,0xFF,0xFF,0xFF,0xFF,0xFF,0xFF,0xFF,0xFF,0xE7,0x00,0x07,0xFF,0xFF,0x82,0x30,0x30,0x30,0x30,0x30,
0x30,0x82,0xFF,0xFF,0x07,0x01,0x30,0x30,0x12,0x00,0x00,0x00,0x00,0x00,0x00,0x64,0xFF,0xFF,0x08,0x00,0x00,0x04,0x1D,0x20,
0x20,0x20,0x20,0x20,0x20,0x78,0xFF,0xFF,0x07,0x00,0x33,0xE6,0xFF,0xFF,0xFF,0xFF,0xFF,0xFF,0xFF,0xFF,0xFF,0xEA,0x00,0x00,
0xDE,0xFF,0xFF,0xFF,0xFF,0xFF,0xFF,0xFF,0xFF,0xFF,0xFB,0x53,0x00,0x06,0xFF,0xFF,0x95,0x50,0x50,0x50,0x50,0x50,0x50,0x4D,
0x1F,0x00,0x00,0x08,0xFF,0xFF,0x64,0x00,0x00,0x00,0x00,0x00,0x00,0x00,0x00,0x00,0x00,0x08,0xFF,0xFF,0xA6,0x6C,0x6C,0x6C,
0x6C,0x6C,0x6C,0x6C,0x6C,0x6C,0x03,0x08,0xFF,0xFF,0xFF,0xFF,0xFF,0xFF,0xFF,0xFF,0xFF,0xFF,0xFF,0xFF,0x08,0x08,0xFF,0xFF,
0xFF,0xFF,0xFF,0xFF,0xFF,0xFF,0xFF,0xFF,0xFF,0xFF,0x08,0x00,0x00,0x17,0x3E,0x40,0x40,0x40,0x40,0x40,0x40,0x2F,0x00,0x00,
0x00,0x00,0x53,0xFA,0xFF,0xFF,0xFF,0xFF,0xFF,0xFF,0xFF,0xFF,0xB2,0x05,0x00,0x05,0xF2,0xFF,0xFF,0xFF,0xFF,0xFF,0xFF,0xFF,
0xFF,0xFF,0xFF,0x5F,0x00,0x17,0xFF,0xFF,0x75,0x30,0x30,0x30,0x30,0x30,0x30,0xF0,0xFF,0x7F,0x00,0x03,0x28,0x28,0x0D,0x00,
0x00,0x00,0x00,0x00,0x00,0xEC,0xFF,0x80,0x00,0x00,0x00,0x04,0x64,0x64,0x64,0x64,0x64,0x64,0x64,0xF4,0xFF,0x7E,0x00,0x00,
0x00,0x0C,0xFF,0xFF,0xFF,0xFF,0xFF,0xFF,0xFF,0xFF,0xFF,0x80,0x00,0x00,0x00,0x0C,0xFF,0xFF,0xFF,0xFF,0xFF,0xFF,0xFF,0xFF,
0xFF,0xDE,0x00,0x00,0x00,0x00,0x08,0x08,0x08,0x08,0x08,0x08,0x08,0x79,0xFF,0xF7,0x00,0x06,0x40,0x40,0x15,0x00,0x00,0x00,
0x00,0x00,0x00,0x74,0xFF,0xF8,0x00,0x15,0xFF,0xFF,0x9D,0x6C,0x6C,0x6C,0x6C,0x6C,0x6C,0xAF,0xFF,0xF5,0x00,0x01,0xDE,0xFF,
0xFF,0xFF,0xFF,0xFF,0xFF,0xFF,0xFF,0xFF,0xFF,0xBF,0x00,0x00,0x29,0xD2,0xFE,0xFF,0xFF,0xFF,0xFF,0xFF,0xFF,0xFC,0xC5,0x19,
0x00,0x00,0x00,0x00,0x00,0x00,0x00,0x00,0x14,0x40,0x40,0x02,0x00,0x00,0x00,0x00,0x00,0x00,0x00,0x25,0xDE,0xFF,0xFF,0x08,
0x00,0x00,0x00,0x00,0x00,0x00,0x34,0xEA,0xFF,0xFF,0xFF,0x08,0x00,0x00,0x00,0x00,0x00,0x46,0xF3,0xFF,0xFF,0xFF,0xFF,0x08,
0x00,0x00,0x00,0x00,0x5A,0xFA,0xFF,0xFF,0xD9,0xFF,0xFF,0x08,0x00,0x00,0x00,0x71,0xFE,0xFF,0xFB,0x6A,0x64,0xFF,0xFF,0x08,
0x00,0x01,0x89,0xFF,0xFF,0xED,0x41,0x00,0x64,0xFF,0xFF,0x08,0x00,0x9B,0xFF,0xFF,0xFF,0xA3,0x80,0x80,0xB2,0xFF,0xFF,0x84,
0x5A,0xE4,0xFF,0xFF,0xFF,0xFF,0xFF,0xFF,0xFF,0xFF,0xFF,0xFF,0xB4,0xD5,0xF0,0xF0,0xF0,0xF0,0xF0,0xF0,0xF6,0xFF,0xFF,0xF0,
0xA8,0x00,0x00,0x00,0x00,0x00,0x00,0x00,0x64,0xFF,0xFF,0x08,0x00,0x00,0x00,0x00,0x00,0x00,0x00,0x00,0x64,0xFF,0xFF,0x08,
0x00,0x00,0x00,0x00,0x00,0x00,0x00,0x00,0x64,0xFF,0xFF,0x08,0x00,0x02,0x40,0x40,0x40,0x40,0x40,0x40,0x40,0x40,0x40,0x40,
0x40,0x40,0x02,0x08,0xFF,0xFF,0xFF,0xFF,0xFF,0xFF,0xFF,0xFF,0xFF,0xFF,0xFF,0xFF,0x08,0x08,0xFF,0xFF,0xFF,0xFF,0xFF,0xFF,
0xFF,0xFF,0xFF,0xFF,0xFF,0xFF,0x08,0x08,0xFF,0xFF,0x82,0x30,0x30,0x30,0x30,0x30,0x30,0x30,0x30,0x30,0x01,0x08,0xFF,0xFF,
0x64,0x00,0x00,0x00,0x00,0x00,0x00,0x00,0x00,0x00,0x00,0x08,0xFF,0xFF,0xA9,0x70,0x70,0x70,0x70,0x70,0x70,0x6D,0x3B,0x00,
0x00,0x08,0xFF,0xFF,0xFF,0xFF,0xFF,0xFF,0xFF,0xFF,0xFF,0xFF,0xFF,0x6E,0x00,0x08,0xFF,0xFF,0xFF,0xFF,0xFF,0xFF,0xFF,0xFF,
0xFF,0xFF,0xFF,0xF3,0x01,0x00,0x00,0x00,0x00,0x00,0x00,0x00,0x00,0x00,0x00,0x64,0xFF,0xFF,0x08,0x02,0x48,0x48,0x1C,0x00,
0x00,0x00,0x00,0x00,0x00,0x64,0xFF,0xFF,0x08,0x05,0xFF,0xFF,0xA6,0x6C,0x6C,0x6C,0x6C,0x6C,0x6C,0xA6,0xFF,0xFF,0x05,0x00,
0xCF,0xFF,0xFF,0xFF,0xFF,0xFF,0xFF,0xFF,0xFF,0xFF,0xFF,0xCF,0x00,0x00,0x20,0xCB,0xFD,0xFF,0xFF,0xFF,0xFF,0xFF,0xFF,0xFD,
0xCB,0x1F,0x00,0x00,0x00,0x14,0x3D,0x40,0x40,0x40,0x40,0x40,0x40,0x40,0x09,0x00,0x00,0x00,0x47,0xF6,0xFF,0xFF,0xFF,0xFF,
0xFF,0xFF,0xFF,0xFF,0x24,0x00,0x00,0x00,0xE7,0xFF,0xFF,0xFF,0xFF,0xFF,0xFF,0xFF,0xFF,0xFF,0x24,0x00,0x00,0x07,0xFF,0xFF,
0x82,0x30,0x30,0x30,0x30,0x30,0x30,0x30,0x06,0x00,0x00,0x08,0xFF,0xFF,0x64,0x00,0x00,0x00,0x00,0x00,0x00,0x00,0x00,0x00,
0x00,0x08,0xFF,0xFF,0xAB,0x74,0x74,0x74,0x74,0x74,0x74,0x71,0x3F,0x00,0x00,0x08,0xFF,0xFF,0xFF,0xFF,0xFF,0xFF,0xFF,0xFF,
0xFF,0xFF,0xFF,0x6F,0x00,0x08,0xFF,0xFF,0xFD,0xFC,0xFC,0xFC,0xFC,0xFC,0xFC,0xFD,0xFF,0xF3,0x01,0x08,0xFF,0xFF,0x64,0x00,
0x00,0x00,0x00,0x00,0x00,0x64,0xFF,0xFF,0x08,0x08,0xFF,0xFF,0x64,0x00,0x00,0x00,0x00,0x00,0x00,0x64,0xFF,0xFF,0x08,0x05,
0xFF,0xFF,0xA6,0x6C,0x6C,0x6C,0x6C,0x6C,0x6C,0xA6,0xFF,0xFF,0x05,0x00,0xCF,0xFF,0xFF,0xFF,0xFF,0xFF,0xFF,0xFF,0xFF,0xFF,
0xFF,0xCF,0x00,0x00,0x20,0xCB,0xFD,0xFF,0xFF,0xFF,0xFF,0xFF,0xFF,0xFD,0xCB,0x1F,0x00,0x3D,0x40,0x40,0x40,0x40,0x40,0x40,
0x3F,0x1F,0x00,0x00,0xF4,0xFF,0xFF,0xFF,0xFF,0xFF,0xFF,0xFF,0xFE,0x73,0x00,0xF4,0xFF,0xFF,0xFF,0xFF,0xFF,0xFF,0xFF,0xFF,
0xFD,0x1A,0x29,0x2C,0x2C,0x2C,0x2C,0x2C,0x2C,0x57,0xFF,0xFF,0x37,0x00,0x00,0x00,0x00,0x00,0x00,0x00,0x34,0xFF,0xFF,0x38,
0x00,0x00,0x00,0x00,0x00,0x00,0x00,0x34,0xFF,0xFF,0x38,0x00,0x00,0x00,0x00,0x00,0x00,0x00,0x34,0xFF,0xFF,0x38,0x00,0x00,
0x00,0x00,0x00,0x00,0x00,0x34,0xFF,0xFF,0x38,0x00,0x00,0x00,0x00,0x00,0x00,0x00,0x34,0xFF,0xFF,0x38,0x00,0x00,0x00,0x00,
0x00,0x00,0x00,0x34,0xFF,0xFF,0x38,0x00,0x00,0x00,0x00,0x00,0x00,0x00,0x34,0xFF,0xFF,0x38,0x00,0x00,0x00,0x00,0x00,0x00,
0x00,0x34,0xFF,0xFF,0x38,0x00,0x00,0x00,0x00,0x00,0x00,0x00,0x34,0xFF,0xFF,0x38,0x00,0x00,0x14,0x3D,0x40,0x40,0x40,0x40,
0x40,0x40,0x3D,0x14,0x00,0x00,0x00,0x47,0xF6,0xFF,0xFF,0xFF,0xFF,0xFF,0xFF,0xFF,0xFF,0xF6,0x50,0x00,0x00,0xE7,0xFF,0xFF,
0xFF,0xFF,0xFF,0xFF,0xFF,0xFF,0xFF,0xFF,0xEE,0x02,0x07,0xFF,0xFF,0x84,0x34,0x34,0x34,0x34,0x34,0x34,0x84,0xFF,0xFF,0x08,
0x08,0xFF,0xFF,0x64,0x00,0x00,0x00,0x00,0x00,0x00,0x64,0xFF,0xFF,0x08,0x05,0xFF,0xFF,0x8E,0x44,0x44,0x44,0x44,0x44,0x44,
0x8E,0xFF,0xFF,0x05,0x00,0xD4,0xFF,0xFF,0xFF,0xFF,0xFF,0xFF,0xFF,0xFF,0xFF,0xFF,0xD8,0x00,0x01,0xEF,0xFF,0xFF,0xFF,0xFF,
0xFF,0xFF,0xFF,0xFF,0xFF,0xFF,0xF3,0x01,0x08,0xFF,0xFF,0x64,0x00,0x00,0x00,0x00,0x00,0x00,0x64,0xFF,0xFF,0x08,0x08,0xFF,
0xFF,0x64,0x00,0x00,0x00,0x00,0x00,0x00,0x64,0xFF,0xFF,0x08,0x05,0xFF,0xFF,0xA6,0x6C,0x6C,0x6C,0x6C,0x6C,0x6C,0xA6,0xFF,
0xFF,0x05,0x00,0xCF,0xFF,0xFF,0xFF,0xFF,0xFF,0xFF,0xFF,0xFF,0xFF,0xFF,0xCF,0x00,0x00,0x20,0xCB,0xFD,0xFF,0xFF,0xFF,0xFF,
0xFF,0xFF,0xFD,0xCB,0x1F,0x00,0x00,0x00,0x17,0x3E,0x40,0x40,0x40,0x40,0x40,0x40,0x3C,0x11,0x00,0x00,0x00,0x53,0xFA,0xFF,
0xFF,0xFF,0xFF,0xFF,0xFF,0xFF,0xFF,0xF3,0x3E,0x00,0x05,0xF2,0xFF,0xFF,0xFF,0xFF,0xFF,0xFF,0xFF,0xFF,0xFF,0xFF,0xDB,0x00,
0x17,0xFF,0xFF,0x78,0x30,0x30,0x30,0x30,0x30,0x30,0x8B,0xFF,0xFB,0x00,0x18,0xFF,0xFF,0x58,0x00,0x00,0x00,0x00,0x00,0x00,
0x70,0xFF,0xFC,0x00,0x17,0xFF,0xFF,0x87,0x48,0x48,0x48,0x48,0x48,0x48,0x98,0xFF,0xFC,0x00,0x03,0xEC,0xFF,0xFF,0xFF,0xFF,
0xFF,0xFF,0xFF,0xFF,0xFF,0xFF,0xFC,0x00,0x00,0x42,0xF0,0xFF,0xFF,0xFF,0xFF,0xFF,0xFF,0xFF,0xFF,0xFF,0xFC,0x00,0x00,0x00,
0x09,0x26,0x28,0x28,0x28,0x28,0x28,0x28,0x87,0xFF,0xFC,0x00,0x00,0x00,0x00,0x00,0x00,0x00,0x00,0x00,0x00,0x00,0x70,0xFF,
0xFC,0x00,0x04,0x6B,0x6C,0x6C,0x6C,0x6C,0x6C,0x6C,0x6C,0x6C,0xAD,0xFF,0xF9,0x00,0x00,0xBF,0xFF,0xFF,0xFF,0xFF,0xFF,0xFF,
0xFF,0xFF,0xFF,0xFF,0xC3,0x00,0x00,0x1A,0xC8,0xFE,0xFF,0xFF,0xFF,0xFF,0xFF,0xFF,0xFD,0xC5,0x1A,0x00,0x11,0xE0,0xE0,0x4D,
0x14,0xFF,0xFF,0x58,0x0B,0x90,0x90,0x31,0x00,0x00,0x00,0x00,0x00,0x00,0x00,0x00,0x00,0x00,0x00,0x00,0x00,0x00,0x00,0x00,
0x08,0x6C,0x6C,0x25,0x14,0xFF,0xFF,0x58,0x14,0xFF,0xFF,0x58,0x1F,0xE0,0xE0,0x42,0x24,0xFF,0xFF,0x4C,0x14,0x90,0x90,0x2A,
0x00,0x00,0x00,0x00,0x00,0x00,0x00,0x00,0x00,0x00,0x00,0x00,0x00,0x00,0x00,0x00,0x08,0x44,0x44,0x14,0x20,0xFF,0xFF,0x4C,
0x20,0xFF,0xFF,0x4B,0x20,0xFF,0xFE,0x25,0x20,0xF5,0x64,0x00,0x07,0x0D,0x00,0x00,0x00,0x00,0x00,0x00,0x00,0x00,0x01,0x0A,
0x00,0x00,0x00,0x00,0x00,0x35,0xC7,0x48,0x00,0x00,0x00,0x18,0x9F,0xFE,0xFF,0x48,0x00,0x06,0x76,0xF2,0xFF,0xFF,0xED,0x2D,
0x4D,0xDB,0xFF,0xFF,0xFB,0x93,0x11,0x00,0xEC,0xFF,0xFF,0xBA,0x2A,0x00,0x00,0x00,0xEC,0xFF,0xFF,0xC7,0x36,0x00,0x00,0x00,
0x46,0xD6,0xFF,0xFF,0xFE,0xA0,0x18,0x00,0x00,0x04,0x6F,0xEF,0xFF,0xFF,0xF2,0x30,0x00,0x00,0x00,0x14,0x98,0xFC,0xFF,0x48,
0x00,0x00,0x00,0x00,0x00,0x2F,0xC0,0x48,0x00,0x00,0x00,0x00,0x00,0x00,0x00,0x08,0x00,0x18,0x18,0x18,0x18,0x18,0x18,0x18,
0x18,0x16,0x00,0x00,0xFF,0xFF,0xFF,0xFF,0xFF,0xFF,0xFF,0xFF,0xEC,0x00,0x00,0xFF,0xFF,0xFF,0xFF,0xFF,0xFF,0xFF,0xFF,0xEC,
0x00,0x00,0x54,0x54,0x54,0x54,0x54,0x54,0x54,0x54,0x4D,0x00,0x00,0xAC,0xAC,0xAC,0xAC,0xAC,0xAC,0xAC,0xAC,0x9E,0x00,0x00,
0xFF,0xFF,0xFF,0xFF,0xFF,0xFF,0xFF,0xFF,0xEC,0x00,0x00,0xC0,0xC0,0xC0,0xC0,0xC0,0xC0,0xC0,0xC0,0xB1,0x00,0x00,0x00,0x00,
0x00,0x00,0x00,0x00,0x00,0x00,0x00,0x00,0x00,0x00,0x00,0x00,0x00,0x00,0x00,0x00,0x00,0x00,0x00,0x00,0x09,0x00,0x00,0x00,
0x00,0x00,0x00,0x00,0x00,0xE0,0x56,0x00,0x00,0x00,0x00,0x00,0x00,0x00,0xFF,0xFF,0xC2,0x31,0x00,0x00,0x00,0x00,0x00,0xDB,
0xFF,0xFF,0xFD,0x9C,0x17,0x00,0x00,0x00,0x06,0x75,0xF1,0xFF,0xFF,0xF1,0x75,0x06,0x00,0x00,0x00,0x16,0x9B,0xFD,0xFF,0xFF,
0x38,0x00,0x00,0x00,0x15,0x9A,0xFD,0xFF,0xFF,0x38,0x00,0x05,0x72,0xF0,0xFF,0xFF,0xF4,0x7B,0x07,0x00,0xD8,0xFF,0xFF,0xFE,
0xA3,0x1A,0x00,0x00,0x00,0xFF,0xFF,0xC8,0x37,0x00,0x00,0x00,0x00,0x00,0xE6,0x5F,0x01,0x00,0x00,0x00,0x00,0x00,0x00,0x0C,
0x00,0x00,0x00,0x00,0x00,0x00,0x00,0x1C,0x3C,0x3C,0x3C,0x3C,0x3C,0x3C,0x3C,0x3A,0x16,0x00,0x00,0x78,0xFF,0xFF,0xFF,0xFF,
0xFF,0xFF,0xFF,0xFF,0xFA,0x5B,0x00,0x78,0xFF,0xFF,0xFF,0xFF,0xFF,0xFF,0xFF,0xFF,0xFF,0xF7,0x0B,0x16,0x30,0x30,0x30,0x30,
0x30,0x30,0x30,0x6B,0xFF,0xFF,0x23,0x00,0x00,0x00,0x00,0x00,0x00,0x00,0x00,0x48,0xFF,0xFF,0x24,0x00,0x00,0x00,0x00,0x00,
0x00,0x00,0x00,0x48,0xFF,0xFF,0x24,0x00,0x00,0x04,0x98,0xED,0xF4,0xF4,0xF4,0xF7,0xFF,0xFE,0x13,0x00,0x00,0x87,0xFF,0xFF,
0xFF,0xFF,0xFF,0xFF,0xFF,0x90,0x00,0x00,0x00,0xC0,0xFF,0xD5,0x7C,0x7C,0x7C,0x7A,0x51,0x00,0x00,0x00,0x00,0x86,0xB0,0x76,
0x00,0x00,0x00,0x00,0x00,0x00,0x00,0x00,0x00,0x52,0x6C,0x48,0x00,0x00,0x00,0x00,0x00,0x00,0x00,0x00,0x00,0xC4,0xFF,0xAC,
0x00,0x00,0x00,0x00,0x00,0x00,0x00,0x00,0x00,0xC4,0xFF,0xAC,0x00,0x00,0x00,0x00,0x00,0x00,0x00,0x00,0x00,0x13,0x39,0x3C,
0x3C,0x3C,0x3C,0x3C,0x3C,0x38,0x0F,0x00,0x00,0x00,0x4F,0xF8,0xFF,0xFF,0xFF,0xFF,0xFF,0xFF,0xFF,0xFF,0xF1,0x3D,0x00,0x03,
0xF0,0xFF,0xFF,0xFF,0xFF,0xFF,0xFF,0xFF,0xFF,0xFF,0xFF,0xDB,0x00,0x13,0xFF,0xFF,0x78,0x30,0x30,0x30,0x30,0x30,0x30,0x8B,
0xFF,0xFB,0x00,0x14,0xFF,0xFF,0x58,0x0D,0xA1,0xD1,0xD0,0x95,0x06,0x70,0xFF,0xFC,0x00,0x14,0xFF,0xFF,0x58,0x8D,0xFE,0xDC,
0xDE,0xFF,0x74,0x70,0xFF,0xFC,0x00,0x14,0xFF,0xFF,0x58,0xB9,0xF4,0x00,0x0C,0xFF,0xA1,0x70,0xFF,0xFC,0x00,0x14,0xFF,0xFF,
0x58,0xAD,0xF9,0x70,0x76,0xFF,0xCC,0xAF,0xFF,0xFC,0x00,0x14,0xFF,0xFF,0x58,0x56,0xFE,0xFF,0xFF,0xFF,0xFF,0xFF,0xFF,0xFC,
0x00,0x14,0xFF,0xFF,0x58,0x00,0x2D,0x5F,0x64,0x64,0x64,0x64,0x64,0x62,0x00,0x11,0xFF,0xFF,0x9F,0x6C,0x6C,0x6C,0x6C,0x6C,
0x6C,0x6C,0x6C,0x6A,0x00,0x00,0xDB,0xFF,0xFF,0xFF,0xFF,0xFF,0xFF,0xFF,0xFF,0xFF,0xFF,0xFC,0x00,0x00,0x26,0xD0,0xFE,0xFF,
0xFF,0xFF,0xFF,0xFF,0xFF,0xFF,0xFF,0xFC,0x00,0x00,0x00,0x0F,0x38,0x3C,0x3C,0x3C,0x3C,0x3C,0x3C,0x3B,0x19,0x00,0x00,0x00,
0x3E,0xF3,0xFF,0xFF,0xFF,0xFF,0xFF,0xFF,0xFF,0xFF,0xFC,0x65,0x00,0x00,0xE1,0xFF,0xFF,0xFF,0xFF,0xFF,0xFF,0xFF,0xFF,0xFF,
0xFF,0xFB,0x17,0x03,0xFF,0xFF,0x90,0x38,0x38,0x38,0x38,0x38,0x38,0x6A,0xFF,0xFF,0x37,0x04,0xFF,0xFF,0x70,0x00,0x00,0x00,
0x00,0x00,0x00,0x40,0xFF,0xFF,0x38,0x04,0xFF,0xFF,0x70,0x00,0x00,0x00,0x00,0x00,0x00,0x40,0xFF,0xFF,0x38,0x04,0xFF,0xFF,
0xB5,0x7C,0x7C,0x7C,0x7C,0x7C,0x7C,0x9D,0xFF,0xFF,0x38,0x04,0xFF,0xFF,0xFF,0xFF,0xFF,0xFF,0xFF,0xFF,0xFF,0xFF,0xFF,0xFF,
0x38,0x04,0xFF,0xFF,0xFD,0xFC,0xFC,0xFC,0xFC,0xFC,0xFC,0xFD,0xFF,0xFF,0x38,0x04,0xFF,0xFF,0x70,0x00,0x00,0x00,0x00,0x00,
0x00,0x40,0xFF,0xFF,0x38,0x04,0xFF,0xFF,0x70,0x00,0x00,0x00,0x00,0x00,0x00,0x40,0xFF,0xFF,0x38,0x04,0xFF,0xFF,0x70,0x00,
0x00,0x00,0x00,0x00,0x00,0x40,0xFF,0xFF,0x38,0x04,0xFF,0xFF,0x70,0x00,0x00,0x00,0x00,0x00,0x00,0x40,0xFF,0xFF,0x38,0x00,
0x3C,0x3C,0x3C,0x3C,0x3C,0x3C,0x3C,0x3C,0x3C,0x34,0x05,0x00,0x00,0x00,0xFF,0xFF,0xFF,0xFF,0xFF,0xFF,0xFF,0xFF,0xFF,0xFF,
0xD5,0x18,0x00,0x00,0xFF,0xFF,0xFF,0xFF,0xFF,0xFF,0xFF,0xFF,0xFF,0xFF,0xFF,0x9F,0x00,0x00,0xFF,0xFF,0x93,0x38,0x38,0x38,
0x38,0x38,0x38,0xC8,0xFF,0xC3,0x00,0x00,0xFF,0xFF,0x74,0x00,0x00,0x00,0x00,0x00,0x00,0xB8,0xFF,0xC4,0x00,0x00,0xFF,0xFF,
0xB4,0x74,0x74,0x74,0x74,0x74,0x74,0xD9,0xFF,0xC2,0x00,0x00,0xFF,0xFF,0xFF,0xFF,0xFF,0xFF,0xFF,0xFF,0xFF,0xFF,0xFF,0xC3,
0x00,0x00,0xFF,0xFF,0xFF,0xFF,0xFF,0xFF,0xFF,0xFF,0xFF,0xFF,0xFF,0xFF,0x24,0x00,0xFF,0xFF,0x74,0x00,0x00,0x00,0x00,0x00,
0x00,0x3C,0xFF,0xFF,0x40,0x00,0xFF,0xFF,0x74,0x00,0x00,0x00,0x00,0x00,0x00,0x3C,0xFF,0xFF,0x40,0x00,0xFF,0xFF,0xB6,0x78,
0x78,0x78,0x78,0x78,0x78,0x98,0xFF,0xFF,0x3C,0x00,0xFF,0xFF,0xFF,0xFF,0xFF,0xFF,0xFF,0xFF,0xFF,0xFF,0xFF,0xF1,0x10,0x00,
0xFF,0xFF,0xFF,0xFF,0xFF,0xFF,0xFF,0xFF,0xFF,0xFF,0xDC,0x3A,0x00,0x00,0x00,0x12,0x39,0x3C,0x3C,0x3C,0x3C,0x3C,0x3C,0x3C,
0x3C,0x3C,0x09,0x00,0x46,0xF6,0xFF,0xFF,0xFF,0xFF,0xFF,0xFF,0xFF,0xFF,0xFF,0xFF,0x28,0x00,0xE8,0xFF,0xFF,0xFF,0xFF,0xFF,
0xFF,0xFF,0xFF,0xFF,0xFF,0xFF,0x28,0x0B,0xFF,0xFF,0x9E,0x38,0x38,0x38,0x38,0x38,0x38,0x38,0x38,0x38,0x08,0x0C,0xFF,0xFF,
0x68,0x00,0x00,0x00,0x00,0x00,0x00,0x00,0x00,0x00,0x00,0x0C,0xFF,0xFF,0x68,0x00,0x00,0x00,0x00,0x00,0x00,0x00,0x00,0x00,
0x00,0x0C,0xFF,0xFF,0x68,0x00,0x00,0x00,0x00,0x00,0x00,0x00,0x00,0x00,0x00,0x0C,0xFF,0xFF,0x68,0x00,0x00,0x00,0x00,0x00,
0x00,0x00,0x00,0x00,0x00,0x0C,0xFF,0xFF,0x68,0x00,0x00,0x00,0x00,0x00,0x00,0x00,0x00,0x00,0x00,0x0C,0xFF,0xFF,0x68,0x00,
0x00,0x00,0x00,0x00,0x00,0x00,0x00,0x00,0x00,0x08,0xFF,0xFF,0xC3,0x78,0x78,0x78,0x78,0x78,0x78,0x78,0x78,0x78,0x12,0x00,
0xD3,0xFF,0xFF,0xFF,0xFF,0xFF,0xFF,0xFF,0xFF,0xFF,0xFF,0xFF,0x28,0x00,0x22,0xCC,0xFD,0xFF,0xFF,0xFF,0xFF,0xFF,0xFF,0xFF,
0xFF,0xFF,0x28,0x00,0x3C,0x3C,0x3C,0x3C,0x3C,0x3C,0x3C,0x3C,0x3C,0x3B,0x19,0x00,0x00,0x04,0xFF,0xFF,0xFF,0xFF,0xFF,0xFF,
0xFF,0xFF,0xFF,0xFF,0xFC,0x65,0x00,0x04,0xFF,0xFF,0xFF,0xFF,0xFF,0xFF,0xFF,0xFF,0xFF,0xFF,0xFF,0xFB,0x17,0x04,0xFF,0xFF,
0x8D,0x38,0x38,0x38,0x38,0x38,0x38,0x6A,0xFF,0xFF,0x37,0x04,0xFF,0xFF,0x6C,0x00,0x00,0x00,0x00,0x00,0x00,0x40,0xFF,0xFF,
0x38,0x04,0xFF,0xFF,0x6C,0x00,0x00,0x00,0x00,0x00,0x00,0x40,0xFF,0xFF,0x38,0x04,0xFF,0xFF,0x6C,0x00,0x00,0x00,0x00,0x00,
0x00,0x40,0xFF,0xFF,0x38,0x04,0xFF,0xFF,0x6C,0x00,0x00,0x00,0x00,0x00,0x00,0x40,0xFF,0xFF,0x38,0x04,0xFF,0xFF,0x6C,0x00,
0x00,0x00,0x00,0x00,0x00,0x40,0xFF,0xFF,0x38,0x04,0xFF,0xFF,0x6C,0x00,0x00,0x00,0x00,0x00,0x00,0x40,0xFF,0xFF,0x38,0x04,
0xFF,0xFF,0xB1,0x78,0x78,0x78,0x78,0x78,0x78,0x9A,0xFF,0xFF,0x34,0x04,0xFF,0xFF,0xFF,0xFF,0xFF,0xFF,0xFF,0xFF,0xFF,0xFF,
0xFF,0xEE,0x0C,0x04,0xFF,0xFF,0xFF,0xFF,0xFF,0xFF,0xFF,0xFF,0xFF,0xFF,0xDA,0x37,0x00,0x00,0x3C,0x3C,0x3C,0x3C,0x3C,0x3C,
0x3C,0x3C,0x3C,0x3C,0x3C,0x0F,0x04,0xFF,0xFF,0xFF,0xFF,0xFF,0xFF,0xFF,0xFF,0xFF,0xFF,0xFF,0x44,0x04,0xFF,0xFF,0xFF,0xFF,
0xFF,0xFF,0xFF,0xFF,0xFF,0xFF,0xFF,0x44,0x04,0xFF,0xFF,0x95,0x38,0x38,0x38,0x38,0x38,0x38,0x38,0x38,0x0E,0x04,0xFF,0xFF,
0x78,0x00,0x00,0x00,0x00,0x00,0x00,0x00,0x00,0x00,0x04,0xFF,0xFF,0xA8,0x5C,0x5C,0x5C,0x5C,0x5C,0x5C,0x32,0x00,0x00,0x04,
0xFF,0xFF,0xFF,0xFF,0xFF,0xFF,0xFF,0xFF,0xFF,0x8C,0x00,0x00,0x04,0xFF,0xFF,0xFF,0xFF,0xFF,0xFF,0xFF,0xFF,0xFF,0x8C,0x00,
0x00,0x04,0xFF,0xFF,0x86,0x1C,0x1C,0x1C,0x1C,0x1C,0x1C,0x0F,0x00,0x00,0x04,0xFF,0xFF,0x78,0x00,0x00,0x00,0x00,0x00,0x00,
0x00,0x00,0x00,0x04,0xFF,0xFF,0xB7,0x78,0x78,0x78,0x78,0x78,0x78,0x78,0x78,0x1F,0x04,0xFF,0xFF,0xFF,0xFF,0xFF,0xFF,0xFF,
0xFF,0xFF,0xFF,0xFF,0x44,0x04,0xFF,0xFF,0xFF,0xFF,0xFF,0xFF,0xFF,0xFF,0xFF,0xFF,0xFF,0x44,0x00,0x3C,0x3C,0x3C,0x3C,0x3C,
0x3C,0x3C,0x3C,0x3C,0x3C,0x3C,0x0F,0x04,0xFF,0xFF,0xFF,0xFF,0xFF,0xFF,0xFF,0xFF,0xFF,0xFF,0xFF,0x44,0x04,0xFF,0xFF,0xFF,
0xFF,0xFF,0xFF,0xFF,0xFF,0xFF,0xFF,0xFF,0x44,0x04,0xFF,0xFF,0x95,0x38,0x38,0x38,0x38,0x38,0x38,0x38,0x38,0x0E,0x04,0xFF,
0xFF,0x78,0x00,0x00,0x00,0x00,0x00,0x00,0x00,0x00,0x00,0x04,0xFF,0xFF,0xA8,0x5C,0x5C,0x5C,0x5C,0x5C,0x5C,0x32,0x00,0x00,
0x04,0xFF,0xFF,0xFF,0xFF,0xFF,0xFF,0xFF,0xFF,0xFF,0x8C,0x00,0x00,0x04,0xFF,0xFF,0xFF,0xFF,0xFF,0xFF,0xFF,0xFF,0xFF,0x8C,
0x00,0x00,0x04,0xFF,0xFF,0x86,0x1C,0x1C,0x1C,0x1C,0x1C,0x1C,0x0F,0x00,0x00,0x04,0xFF,0xFF,0x78,0x00,0x00,0x00,0x00,0x00,
0x00,0x00,0x00,0x00,0x04,0xFF,0xFF,0x78,0x00,0x00,0x00,0x00,0x00,0x00,0x00,0x00,0x00,0x04,0xFF,0xFF,0x78,0x00,0x00,0x00,
0x00,0x00,0x00,0x00,0x00,0x00,0x04,0xFF,0xFF,0x78,0x00,0x00,0x00,0x00,0x00,0x00,0x00,0x00,0x00,0x00,0x00,0x11,0x39,0x3C,
0x3C,0x3C,0x3C,0x3C,0x3C,0x3A,0x17,0x00,0x00,0x00,0x44,0xF5,0xFF,0xFF,0xFF,0xFF,0xFF,0xFF,0xFF,0xFF,0xFB,0x5E,0x00,0x00,
0xE8,0xFF,0xFF,0xFF,0xFF,0xFF,0xFF,0xFF,0xFF,0xFF,0xFF,0xF9,0x11,0x0B,0xFF,0xFF,0x89,0x38,0x38,0x38,0x38,0x38,0x38,0x71,
0xFF,0xFF,0x2F,0x0C,0xFF,0xFF,0x68,0x00,0x00,0x00,0x00,0x00,0x00,0x13,0x44,0x44,0x0C,0x0C,0xFF,0xFF,0x68,0x00,0x00,0x00,
0x00,0x0C,0x0C,0x0C,0x0C,0x0C,0x02,0x0C,0xFF,0xFF,0x68,0x00,0x00,0x00,0x00,0xFF,0xFF,0xFF,0xFF,0xFF,0x30,0x0C,0xFF,0xFF,
0x68,0x00,0x00,0x00,0x00,0xFF,0xFF,0xFF,0xFF,0xFF,0x30,0x0C,0xFF,0xFF,0x68,0x00,0x00,0x00,0x00,0x6C,0x6C,0x95,0xFF,0xFF,
0x30,0x0C,0xFF,0xFF,0x68,0x00,0x00,0x00,0x00,0x00,0x00,0x48,0xFF,0xFF,0x30,0x08,0xFF,0xFF,0xAF,0x78,0x78,0x78,0x78,0x78,
0x78,0x9E,0xFF,0xFF,0x2C,0x00,0xD1,0xFF,0xFF,0xFF,0xFF,0xFF,0xFF,0xFF,0xFF,0xFF,0xFF,0xE9,0x08,0x00,0x20,0xCB,0xFD,0xFF,
0xFF,0xFF,0xFF,0xFF,0xFF,0xFE,0xD8,0x31,0x00,0x01,0x3C,0x3C,0x19,0x00,0x00,0x00,0x00,0x00,0x00,0x00,0x3B,0x3C,0x1C,0x08,
0xFF,0xFF,0x6C,0x00,0x00,0x00,0x00,0x00,0x00,0x00,0xFC,0xFF,0x78,0x08,0xFF,0xFF,0x6C,0x00,0x00,0x00,0x00,0x00,0x00,0x00,
0xFC,0xFF,0x78,0x08,0xFF,0xFF,0x6C,0x00,0x00,0x00,0x00,0x00,0x00,0x00,0xFC,0xFF,0x78,0x08,0xFF,0xFF,0x6C,0x00,0x00,0x00,
0x00,0x00,0x00,0x00,0xFC,0xFF,0x78,0x08,0xFF,0xFF,0xA1,0x5C,0x5C,0x5C,0x5C,0x5C,0x5C,0x5C,0xFD,0xFF,0x78,0x08,0xFF,0xFF,
0xFF,0xFF,0xFF,0xFF,0xFF,0xFF,0xFF,0xFF,0xFF,0xFF,0x78,0x08,0xFF,0xFF,0xFF,0xFF,0xFF,0xFF,0xFF,0xFF,0xFF,0xFF,0xFF,0xFF,
0x78,0x08,0xFF,0xFF,0x7C,0x1C,0x1C,0x1C,0x1C,0x1C,0x1C,0x1C,0xFC,0xFF,0x78,0x08,0xFF,0xFF,0x6C,0x00,0x00,0x00,0x00,0x00,
0x00,0x00,0xFC,0xFF,0x78,0x08,0xFF,0xFF,0x6C,0x00,0x00,0x00,0x00,0x00,0x00,0x00,0xFC,0xFF,0x78,0x08,0xFF,0xFF,0x6C,0x00,
0x00,0x00,0x00,0x00,0x00,0x00,0xFC,0xFF,0x78,0x08,0xFF,0xFF,0x6C,0x00,0x00,0x00,0x00,0x00,0x00,0x00,0xFC,0xFF,0x78,0x17,
0x3C,0x3C,0x01,0x64,0xFF,0xFF,0x08,0x64,0xFF,0xFF,0x08,0x64,0xFF,0xFF,0x08,0x64,0xFF,0xFF,0x08,0x64,0xFF,0xFF,0x08,0x64,
0xFF,0xFF,0x08,0x64,0xFF,0xFF,0x08,0x64,0xFF,0xFF,0x08,0x64,0xFF,0xFF,0x08,0x64,0xFF,0xFF,0x08,0x64,0xFF,0xFF,0x08,0x64,
0xFF,0xFF,0x08,0x00,0x00,0x00,0x00,0x00,0x00,0x00,0x00,0x00,0x0A,0x3C,0x3C,0x12,0x00,0x00,0x00,0x00,0x00,0x00,0x00,0x00,
0x00,0x2C,0xFF,0xFF,0x50,0x00,0x00,0x00,0x00,0x00,0x00,0x00,0x00,0x00,0x2C,0xFF,0xFF,0x50,0x00,0x00,0x00,0x00,0x00,0x00,
0x00,0x00,0x00,0x2C,0xFF,0xFF,0x50,0x00,0x00,0x00,0x00,0x00,0x00,0x00,0x00,0x00,0x2C,0xFF,0xFF,0x50,0x00,0x00,0x00,0x00,
0x00,0x00,0x00,0x00,0x00,0x2C,0xFF,0xFF,0x50,0x00,0x00,0x00,0x00,0x00,0x00,0x00,0x00,0x00,0x2C,0xFF,0xFF,0x50,0x00,0x00,
0x00,0x00,0x00,0x00,0x00,0x00,0x00,0x2C,0xFF,0xFF,0x50,0x00,0x00,0x00,0x00,0x00,0x00,0x00,0x00,0x00,0x2C,0xFF,0xFF,0x50,
0xE1,0xF0,0x7B,0x00,0x00,0x00,0x00,0x00,0x00,0x2C,0xFF,0xFF,0x50,0xEC,0xFF,0xBE,0x78,0x78,0x78,0x78,0x78,0x78,0x8F,0xFF,
0xFF,0x4C,0xB5,0xFF,0xFF,0xFF,0xFF,0xFF,0xFF,0xFF,0xFF,0xFF,0xFF,0xF7,0x1A,0x13,0xBD,0xFB,0xFF,0xFF,0xFF,0xFF,0xFF,0xFF,
0xFF,0xE1,0x47,0x00,0x01,0x3C,0x3C,0x1A,0x00,0x00,0x00,0x00,0x00,0x00,0x38,0x3C,0x2D,0x00,0x08,0xFF,0xFF,0x70,0x00,0x00,
0x00,0x00,0x00,0x76,0xFF,0xFF,0xAD,0x00,0x08,0xFF,0xFF,0x70,0x00,0x00,0x00,0x00,0x4F,0xFD,0xFF,0xDF,0x16,0x00,0x08,0xFF,
0xFF,0x70,0x00,0x00,0x00,0x2F,0xF4,0xFF,0xF2,0x2C,0x00,0x00,0x08,0xFF,0xFF,0x70,0x00,0x00,0x18,0xE2,0xFF,0xFC,0x4A,0x00,
0x00,0x00,0x08,0xFF,0xFF,0xA3,0x5C,0x5C,0xC9,0xFF,0xFF,0x6F,0x00,0x00,0x00,0x00,0x08,0xFF,0xFF,0xFF,0xFF,0xFF,0xFF,0xFF,
0x9C,0x00,0x00,0x00,0x00,0x00,0x08,0xFF,0xFF,0xFF,0xFF,0xFF,0xFF,0xFF,0xC5,0x07,0x00,0x00,0x00,0x00,0x08,0xFF,0xFF,0x7F,
0x1C,0x1C,0x9D,0xFF,0xFF,0xA3,0x00,0x00,0x00,0x00,0x08,0xFF,0xFF,0x70,0x00,0x00,0x05,0xC0,0xFF,0xFF,0x7B,0x00,0x00,0x00,
0x08,0xFF,0xFF,0x70,0x00,0x00,0x00,0x13,0xDC,0xFF,0xFE,0x53,0x00,0x00,0x08,0xFF,0xFF,0x70,0x00,0x00,0x00,0x00,0x29,0xF0,
0xFF,0xF5,0x33,0x00,0x08,0xFF,0xFF,0x70,0x00,0x00,0x00,0x00,0x00,0x47,0xFC,0xFF,0xBE,0x00,0x02,0x40,0x40,0x1B,0x00,0x00,
0x00,0x00,0x00,0x00,0x00,0x00,0x00,0x00,0x08,0xFF,0xFF,0x6C,0x00,0x00,0x00,0x00,0x00,0x00,0x00,0x00,0x00,0x00,0x08,0xFF,
0xFF,0x6C,0x00,0x00,0x00,0x00,0x00,0x00,0x00,0x00,0x00,0x00,0x08,0xFF,0xFF,0x6C,0x00,0x00,0x00,0x00,0x00,0x00,0x00,0x00,
0x00,0x00,0x08,0xFF,0xFF,0x6C,0x00,0x00,0x00,0x00,0x00,0x00,0x00,0x00,0x00,0x00,0x08,0xFF,0xFF,0x6C,0x00,0x00,0x00,0x00,
0x00,0x00,0x00,0x00,0x00,0x00,0x08,0xFF,0xFF,0x6C,0x00,0x00,0x00,0x00,0x00,0x00,0x00,0x00,0x00,0x00,0x08,0xFF,0xFF,0x6C,
0x00,0x00,0x00,0x00,0x00,0x00,0x00,0x00,0x00,0x00,0x08,0xFF,0xFF,0x6C,0x00,0x00,0x00,0x00,0x00,0x00,0x00,0x00,0x00,0x00,
0x08,0xFF,0xFF,0x6C,0x00,0x00,0x00,0x00,0x00,0x00,0x00,0x00,0x00,0x00,0x08,0xFF,0xFF,0xB1,0x78,0x78,0x78,0x78,0x78,0x78,
0x78,0x78,0x78,0x18,0x08,0xFF,0xFF,0xFF,0xFF,0xFF,0xFF,0xFF,0xFF,0xFF,0xFF,0xFF,0xFF,0x34,0x08,0xFF,0xFF,0xFF,0xFF,0xFF,
0xFF,0xFF,0xFF,0xFF,0xFF,0xFF,0xFF,0x34,0x02,0x3C,0x3C,0x26,0x00,0x00,0x00,0x00,0x00,0x00,0x00,0x01,0x3A,0x3C,0x2B,0x00,
0x0C,0xFF,0xFF,0xF5,0x33,0x00,0x00,0x00,0x00,0x00,0x00,0x82,0xFF,0xFF,0xB8,0x00,0x0C,0xFF,0xFF,0xFF,0xE5,0x1A,0x00,0x00,
0x00,0x00,0x59,0xFF,0xFF,0xFF,0xB8,0x00,0x0C,0xFF,0xFF,0xFF,0xFF,0xCC,0x09,0x00,0x00,0x37,0xF7,0xFF,0xFF,0xFF,0xB8,0x00,
0x0C,0xFF,0xFF,0xDD,0xFF,0xFF,0xAB,0x01,0x1D,0xE7,0xFF,0xF7,0xE4,0xFF,0xB8,0x00,0x0C,0xFF,0xFF,0x6A,0xB1,0xFF,0xFF,0x8B,
0xCF,0xFF,0xFF,0x59,0xC0,0xFF,0xB8,0x00,0x0C,0xFF,0xFF,0x68,0x0B,0xCF,0xFF,0xFF,0xFF,0xFF,0x80,0x00,0xC0,0xFF,0xB8,0x00,
0x0C,0xFF,0xFF,0x68,0x00,0x1D,0xE7,0xFF,0xFF,0xA8,0x01,0x00,0xC0,0xFF,0xB8,0x00,0x0C,0xFF,0xFF,0x68,0x00,0x00,0x35,0xF6,
0xC9,0x09,0x00,0x00,0xC0,0xFF,0xB8,0x00,0x0C,0xFF,0xFF,0x68,0x00,0x00,0x00,0x4D,0x18,0x00,0x00,0x00,0xC0,0xFF,0xB8,0x00,
0x0C,0xFF,0xFF,0x68,0x00,0x00,0x00,0x00,0x00,0x00,0x00,0x00,0xC0,0xFF,0xB8,0x00,0x0C,0xFF,0xFF,0x68,0x00,0x00,0x00,0x00,
0x00,0x00,0x00,0x00,0xC0,0xFF,0xB8,0x00,0x0C,0xFF,0xFF,0x68,0x00,0x00,0x00,0x00,0x00,0x00,0x00,0x00,0xC0,0xFF,0xB8,0x00,
0x02,0x3C,0x3C,0x26,0x00,0x00,0x00,0x00,0x00,0x00,0x10,0x3C,0x3C,0x0B,0x0C,0xFF,0xFF,0xF5,0x33,0x00,0x00,0x00,0x00,0x00,
0x48,0xFF,0xFF,0x30,0x0C,0xFF,0xFF,0xFF,0xE5,0x1B,0x00,0x00,0x00,0x00,0x48,0xFF,0xFF,0x30,0x0C,0xFF,0xFF,0xFF,0xFF,0xCD,
0x0A,0x00,0x00,0x00,0x48,0xFF,0xFF,0x30,0x0C,0xFF,0xFF,0xDE,0xFF,0xFF,0xAD,0x01,0x00,0x00,0x48,0xFF,0xFF,0x30,0x0C,0xFF,
0xFF,0x6A,0xB2,0xFF,0xFF,0x86,0x00,0x00,0x48,0xFF,0xFF,0x30,0x0C,0xFF,0xFF,0x68,0x0C,0xD1,0xFF,0xFF,0x5D,0x00,0x48,0xFF,
0xFF,0x30,0x0C,0xFF,0xFF,0x68,0x00,0x1E,0xE8,0xFF,0xF9,0x3B,0x48,0xFF,0xFF,0x30,0x0C,0xFF,0xFF,0x68,0x00,0x00,0x38,0xF7,
0xFF,0xEA,0x69,0xFF,0xFF,0x30,0x0C,0xFF,0xFF,0x68,0x00,0x00,0x00,0x59,0xFF,0xFF,0xF6,0xFF,0xFF,0x30,0x0C,0xFF,0xFF,0x68,
0x00,0x00,0x00,0x00,0x81,0xFF,0xFF,0xFF,0xFF,0x30,0x0C,0xFF,0xFF,0x68,0x00,0x00,0x00,0x00,0x01,0xA9,0xFF,0xFF,0xFF,0x30,
0x0C,0xFF,0xFF,0x68,0x00,0x00,0x00,0x00,0x00,0x09,0xCA,0xFF,0xFF,0x30,0x00,0x00,0x13,0x39,0x3C,0x3C,0x3C,0x3C,0x3C,0x3C,
0x3A,0x16,0x00,0x00,0x00,0x4C,0xF8,0xFF,0xFF,0xFF,0xFF,0xFF,0xFF,0xFF,0xFF,0xFA,0x57,0x00,0x02,0xEE,0xFF,0xFF,0xFF,0xFF,
0xFF,0xFF,0xFF,0xFF,0xFF,0xFF,0xF6,0x0C,0x13,0xFF,0xFF,0x80,0x38,0x38,0x38,0x38,0x38,0x38,0x77,0xFF,0xFF,0x27,0x14,0xFF,
0xFF,0x5C,0x00,0x00,0x00,0x00,0x00,0x00,0x50,0xFF,0xFF,0x28,0x14,0xFF,0xFF,0x5C,0x00,0x00,0x00,0x00,0x00,0x00,0x50,0xFF,
0xFF,0x28,0x14,0xFF,0xFF,0x5C,0x00,0x00,0x00,0x00,0x00,0x00,0x50,0xFF,0xFF,0x28,0x14,0xFF,0xFF,0x5C,0x00,0x00,0x00,0x00,
0x00,0x00,0x50,0xFF,0xFF,0x28,0x14,0xFF,0xFF,0x5C,0x00,0x00,0x00,0x00,0x00,0x00,0x50,0xFF,0xFF,0x28,0x14,0xFF,0xFF,0x5C,
0x00,0x00,0x00,0x00,0x00,0x00,0x50,0xFF,0xFF,0x28,0x10,0xFF,0xFF,0xA9,0x78,0x78,0x78,0x78,0x78,0x78,0xA3,0xFF,0xFF,0x24,
0x00,0xD8,0xFF,0xFF,0xFF,0xFF,0xFF,0xFF,0xFF,0xFF,0xFF,0xFF,0xE5,0x05,0x00,0x25,0xCF,0xFE,0xFF,0xFF,0xFF,0xFF,0xFF,0xFF,
0xFE,0xD5,0x2D,0x00,0x02,0x38,0x38,0x38,0x38,0x38,0x38,0x38,0x38,0x38,0x36,0x14,0x00,0x00,0x0C,0xFF,0xFF,0xFF,0xFF,0xFF,
0xFF,0xFF,0xFF,0xFF,0xFF,0xFA,0x5A,0x00,0x0C,0xFF,0xFF,0xFF,0xFF,0xFF,0xFF,0xFF,0xFF,0xFF,0xFF,0xFF,0xF8,0x10,0x0C,0xFF,
0xFF,0x89,0x38,0x38,0x38,0x38,0x38,0x38,0x71,0xFF,0xFF,0x2F,0x0C,0xFF,0xFF,0x68,0x00,0x00,0x00,0x00,0x00,0x00,0x48,0xFF,
0xFF,0x30,0x0C,0xFF,0xFF,0x68,0x00,0x00,0x00,0x00,0x00,0x00,0x48,0xFF,0xFF,0x30,0x0C,0xFF,0xFF,0xC0,0x94,0x94,0x94,0x94,
0x94,0x94,0xB2,0xFF,0xFF,0x2A,0x0C,0xFF,0xFF,0xFF,0xFF,0xFF,0xFF,0xFF,0xFF,0xFF,0xFF,0xFF,0xDD,0x05,0x0C,0xFF,0xFF,0xF1,
0xE8,0xE7,0xE7,0xE6,0xE5,0xE5,0xE3,0xBC,0x22,0x00,0x0C,0xFF,0xFF,0x68,0x00,0x00,0x00,0x00,0x00,0x00,0x00,0x00,0x00,0x00,
0x0C,0xFF,0xFF,0x68,0x00,0x00,0x00,0x00,0x00,0x00,0x00,0x00,0x00,0x00,0x0C,0xFF,0xFF,0x68,0x00,0x00,0x00,0x00,0x00,0x00,
0x00,0x00,0x00,0x00,0x0C,0xFF,0xFF,0x68,0x00,0x00,0x00,0x00,0x00,0x00,0x00,0x00,0x00,0x00,0x00,0x00,0x13,0x39,0x3C,0x3C,
0x3C,0x3C,0x3C,0x3C,0x3A,0x16,0x00,0x00,0x00,0x00,0x4C,0xF8,0xFF,0xFF,0xFF,0xFF,0xFF,0xFF,0xFF,0xFF,0xFA,0x57,0x00,0x00,
0x02,0xEE,0xFF,0xFF,0xFF,0xFF,0xFF,0xFF,0xFF,0xFF,0xFF,0xFF,0xF6,0x0C,0x00,0x13,0xFF,0xFF,0x80,0x38,0x38,0x38,0x38,0x38,
0x38,0x77,0xFF,0xFF,0x27,0x00,0x14,0xFF,0xFF,0x5C,0x00,0x00,0x00,0x00,0x00,0x00,0x50,0xFF,0xFF,0x28,0x00,0x14,0xFF,0xFF,
0x5C,0x00,0x00,0x00,0x00,0x00,0x00,0x50,0xFF,0xFF,0x28,0x00,0x14,0xFF,0xFF,0x5C,0x00,0x00,0x00,0x00,0x00,0x00,0x50,0xFF,
0xFF,0x28,0x00,0x14,0xFF,0xFF,0x5C,0x00,0x00,0x00,0x00,0x00,0x00,0x50,0xFF,0xFF,0x28,0x00,0x14,0xFF,0xFF,0x5C,0x00,0x00,
0x00,0x00,0x00,0x00,0x50,0xFF,0xFF,0x28,0x00,0x14,0xFF,0xFF,0x5C,0x00,0x00,0x00,0x00,0x00,0x00,0x50,0xFF,0xFF,0x28,0x00,
0x10,0xFF,0xFF,0xA9,0x78,0x78,0x78,0x78,0x78,0x78,0xB7,0xFF,0xFF,0x9F,0x45,0x00,0xD8,0xFF,0xFF,0xFF,0xFF,0xFF,0xFF,0xFF,
0xFF,0xFF,0xFF,0xFF,0xFF,0x94,0x00,0x25,0xCF,0xFE,0xFF,0xFF,0xFF,0xFF,0xFF,0xFF,0xFF,0xFF,0xFF,0xFF,0x94,0x02,0x38,0x38,
0x38,0x38,0x38,0x38,0x38,0x38,0x38,0x36,0x14,0x00,0x00,0x0C,0xFF,0xFF,0xFF,0xFF,0xFF,0xFF,0xFF,0xFF,0xFF,0xFF,0xFA,0x5A,
0x00,0x0C,0xFF,0xFF,0xFF,0xFF,0xFF,0xFF,0xFF,0xFF,0xFF,0xFF,0xFF,0xF8,0x10,0x0C,0xFF,0xFF,0x89,0x38,0x38,0x38,0x38,0x38,
0x38,0x71,0xFF,0xFF,0x2F,0x0C,0xFF,0xFF,0x68,0x00,0x00,0x00,0x00,0x00,0x00,0x48,0xFF,0xFF,0x30,0x0C,0xFF,0xFF,0x68,0x00,
0x00,0x00,0x00,0x00,0x00,0x48,0xFF,0xFF,0x30,0x0C,0xFF,0xFF,0xC0,0x94,0x94,0x94,0x94,0x94,0x94,0xB2,0xFF,0xFF,0x2A,0x0C,
0xFF,0xFF,0xFF,0xFF,0xFF,0xFF,0xFF,0xFF,0xFF,0xFF,0xFF,0xDD,0x05,0x0C,0xFF,0xFF,0xF1,0xE8,0xE7,0xE7,0xFF,0xFF,0xFF,0xFB,
0xBC,0x22,0x00,0x0C,0xFF,0xFF,0x68,0x00,0x00,0x00,0x5D,0xFF,0xFF,0xCF,0x0B,0x00,0x00,0x0C,0xFF,0xFF,0x68,0x00,0x00,0x00,
0x00,0x86,0xFF,0xFF,0xB1,0x02,0x00,0x0C,0xFF,0xFF,0x68,0x00,0x00,0x00,0x00,0x01,0xAD,0xFF,0xFF,0x8C,0x00,0x0C,0xFF,0xFF,
0x68,0x00,0x00,0x00,0x00,0x00,0x0A,0xCD,0xFF,0xFF,0x26,0x00,0x00,0x13,0x39,0x3C,0x3C,0x3C,0x3C,0x3C,0x3C,0x3A,0x16,0x00,
0x00,0x00,0x4D,0xF8,0xFF,0xFF,0xFF,0xFF,0xFF,0xFF,0xFF,0xFF,0xFA,0x57,0x00,0x04,0xF0,0xFF,0xFF,0xFF,0xFF,0xFF,0xFF,0xFF,
0xFF,0xFF,0xFF,0xF6,0x0C,0x17,0xFF,0xFF,0x80,0x38,0x38,0x38,0x38,0x38,0x38,0x7A,0xFF,0xFF,0x27,0x18,0xFF,0xFF,0x5C,0x00,
0x00,0x00,0x00,0x00,0x00,0x15,0x40,0x40,0x0A,0x16,0xFF,0xFF,0x97,0x5C,0x5C,0x5C,0x5C,0x5C,0x5C,0x5A,0x2F,0x00,0x00,0x02,
0xE8,0xFF,0xFF,0xFF,0xFF,0xFF,0xFF,0xFF,0xFF,0xFF,0xFF,0x6E,0x00,0x00,0x38,0xE8,0xFF,0xFF,0xFF,0xFF,0xFF,0xFF,0xFF,0xFF,
0xFF,0xFA,0x10,0x00,0x00,0x03,0x1A,0x1C,0x1C,0x1C,0x1C,0x1C,0x1C,0x67,0xFF,0xFF,0x27,0x0B,0x7C,0x7C,0x2C,0x00,0x00,0x00,
0x00,0x00,0x00,0x54,0xFF,0xFF,0x28,0x14,0xFF,0xFF,0xA9,0x78,0x78,0x78,0x78,0x78,0x78,0xA5,0xFF,0xFF,0x24,0x01,0xDC,0xFF,
0xFF,0xFF,0xFF,0xFF,0xFF,0xFF,0xFF,0xFF,0xFF,0xE5,0x05,0x00,0x26,0xD0,0xFE,0xFF,0xFF,0xFF,0xFF,0xFF,0xFF,0xFE,0xD5,0x2D,
0x00,0x27,0x3C,0x3C,0x3C,0x3C,0x3C,0x3C,0x3C,0x3C,0x3C,0x3C,0x3C,0x22,0xA8,0xFF,0xFF,0xFF,0xFF,0xFF,0xFF,0xFF,0xFF,0xFF,
0xFF,0xFF,0x94,0xA8,0xFF,0xFF,0xFF,0xFF,0xFF,0xFF,0xFF,0xFF,0xFF,0xFF,0xFF,0x94,0x24,0x38,0x38,0x38,0x38,0xD1,0xFF,0xC1,
0x38,0x38,0x38,0x38,0x20,0x00,0x00,0x00,0x00,0x00,0xC4,0xFF,0xB0,0x00,0x00,0x00,0x00,0x00,0x00,0x00,0x00,0x00,0x00,0xC4,
0xFF,0xB0,0x00,0x00,0x00,0x00,0x00,0x00,0x00,0x00,0x00,0x00,0xC4,0xFF,0xB0,0x00,0x00,0x00,0x00,0x00,0x00,0x00,0x00,0x00,
0x00,0xC4,0xFF,0xB0,0x00,0x00,0x00,0x00,0x00,0x00,0x00,0x00,0x00,0x00,0xC4,0xFF,0xB0,0x00,0x00,0x00,0x00,0x00,0x00,0x00,
0x00,0x00,0x00,0xC4,0xFF,0xB0,0x00,0x00,0x00,0x00,0x00,0x00,0x00,0x00,0x00,0x00,0xC4,0xFF,0xB0,0x00,0x00,0x00,0x00,0x00,
0x00,0x00,0x00,0x00,0x00,0xC4,0xFF,0xB0,0x00,0x00,0x00,0x00,0x00,0x00,0x00,0x00,0x00,0x00,0xC4,0xFF,0xB0,0x00,0x00,0x00,
0x00,0x00,0x04,0x3C,0x3C,0x15,0x00,0x00,0x00,0x00,0x00,0x00,0x12,0x3C,0x3C,0x09,0x14,0xFF,0xFF,0x5C,0x00,0x00,0x00,0x00,
0x00,0x00,0x50,0xFF,0xFF,0x28,0x14,0xFF,0xFF,0x5C,0x00,0x00,0x00,0x00,0x00,0x00,0x50,0xFF,0xFF,0x28,0x14,0xFF,0xFF,0x5C,
0x00,0x00,0x00,0x00,0x00,0x00,0x50,0xFF,0xFF,0x28,0x14,0xFF,0xFF,0x5C,0x00,0x00,0x00,0x00,0x00,0x00,0x50,0xFF,0xFF,0x28,
0x14,0xFF,0xFF,0x5C,0x00,0x00,0x00,0x00,0x00,0x00,0x50,0xFF,0xFF,0x28,0x14,0xFF,0xFF,0x5C,0x00,0x00,0x00,0x00,0x00,0x00,
0x50,0xFF,0xFF,0x28,0x14,0xFF,0xFF,0x5C,0x00,0x00,0x00,0x00,0x00,0x00,0x50,0xFF,0xFF,0x28,0x14,0xFF,0xFF,0x5C,0x00,0x00,
0x00,0x00,0x00,0x00,0x50,0xFF,0xFF,0x28,0x14,0xFF,0xFF,0x5C,0x00,0x00,0x00,0x00,0x00,0x00,0x50,0xFF,0xFF,0x28,0x10,0xFF,
0xFF,0xA9,0x78,0x78,0x78,0x78,0x78,0x78,0xA3,0xFF,0xFF,0x24,0x00,0xD8,0xFF,0xFF,0xFF,0xFF,0xFF,0xFF,0xFF,0xFF,0xFF,0xFF,
0xE5,0x05,0x00,0x25,0xCF,0xFE,0xFF,0xFF,0xFF,0xFF,0xFF,0xFF,0xFE,0xD5,0x2D,0x00,0x14,0x3C,0x3C,0x1E,0x00,0x00,0x00,0x00,
0x00,0x00,0x00,0x00,0x00,0x01,0x3B,0x3C,0x30,0x10,0xEB,0xFF,0xD7,0x04,0x00,0x00,0x00,0x00,0x00,0x00,0x00,0x00,0x61,0xFF,
0xFF,0x72,0x00,0x67,0xFF,0xFF,0x70,0x00,0x00,0x00,0x00,0x00,0x00,0x00,0x0C,0xE7,0xFF,0xD8,0x05,0x00,0x02,0xCF,0xFF,0xEF,
0x14,0x00,0x00,0x00,0x00,0x00,0x00,0x88,0xFF,0xFF,0x4A,0x00,0x00,0x00,0x3E,0xFF,0xFF,0x98,0x00,0x00,0x00,0x00,0x00,0x22,
0xF8,0xFF,0xB5,0x00,0x00,0x00,0x00,0x00,0xAA,0xFF,0xFD,0x2F,0x00,0x00,0x00,0x00,0xAF,0xFF,0xFA,0x26,0x00,0x00,0x00,0x00,
0x00,0x1E,0xF6,0xFF,0xBF,0x00,0x00,0x00,0x42,0xFF,0xFF,0x8C,0x00,0x00,0x00,0x00,0x00,0x00,0x00,0x81,0xFF,0xFF,0x54,0x00,
0x03,0xD2,0xFF,0xE9,0x0E,0x00,0x00,0x00,0x00,0x00,0x00,0x00,0x0A,0xE2,0xFF,0xDF,0x08,0x6A,0xFF,0xFF,0x63,0x00,0x00,0x00,
0x00,0x00,0x00,0x00,0x00,0x00,0x58,0xFF,0xFF,0x8D,0xEC,0xFF,0xCD,0x02,0x00,0x00,0x00,0x00,0x00,0x00,0x00,0x00,0x00,0x00,
0xC2,0xFF,0xFF,0xFF,0xFF,0x3B,0x00,0x00,0x00,0x00,0x00,0x00,0x00,0x00,0x00,0x00,0x00,0x31,0xFD,0xFF,0xFF,0xA6,0x00,0x00,
0x00,0x00,0x00,0x00,0x00,0x00,0x00,0x00,0x00,0x00,0x00,0x9A,0xFF,0xF5,0x1C,0x00,0x00,0x00,0x00,0x00,0x00,0x15,0x3C,0x3C,
0x0E,0x00,0x00,0x00,0x00,0x0D,0x3C,0x3C,0x0A,0x00,0x00,0x00,0x00,0x11,0x3C,0x3C,0x12,0x24,0xFF,0xFF,0x78,0x00,0x00,0x00,
0x00,0x76,0xFF,0xFF,0x65,0x00,0x00,0x00,0x00,0x85,0xFF,0xFB,0x17,0x00,0xC6,0xFF,0xD5,0x00,0x00,0x00,0x00,0xD3,0xFF,0xFF,
0xC3,0x00,0x00,0x00,0x01,0xE0,0xFF,0xB5,0x00,0x00,0x69,0xFF,0xFF,0x33,0x00,0x00,0x32,0xFF,0xFF,0xFF,0xFF,0x22,0x00,0x00,
0x40,0xFF,0xFF,0x58,0x00,0x00,0x12,0xF9,0xFF,0x90,0x00,0x00,0x90,0xFF,0xFA,0xFF,0xFF,0x80,0x00,0x00,0x9D,0xFF,0xF2,0x09,
0x00,0x00,0x00,0xAF,0xFF,0xE9,0x04,0x04,0xE9,0xFF,0xAD,0xC6,0xFF,0xDE,0x01,0x09,0xF1,0xFF,0x9E,0x00,0x00,0x00,0x00,0x52,
0xFF,0xFF,0x4C,0x4C,0xFF,0xFF,0x50,0x68,0xFF,0xFF,0x3D,0x59,0xFF,0xFF,0x41,0x00,0x00,0x00,0x00,0x06,0xED,0xFF,0xA9,0xAA,
0xFF,0xED,0x06,0x11,0xF8,0xFF,0x9C,0xB6,0xFF,0xE2,0x01,0x00,0x00,0x00,0x00,0x00,0x97,0xFF,0xF7,0xF7,0xFF,0x96,0x00,0x00,
0xAC,0xFF,0xF3,0xFB,0xFF,0x86,0x00,0x00,0x00,0x00,0x00,0x00,0x3A,0xFF,0xFF,0xFF,0xFF,0x39,0x00,0x00,0x4E,0xFF,0xFF,0xFF,
0xFF,0x29,0x00,0x00,0x00,0x00,0x00,0x00,0x00,0xDC,0xFF,0xFF,0xDC,0x00,0x00,0x00,0x05,0xEA,0xFF,0xFF,0xCC,0x00,0x00,0x00,
0x00,0x00,0x00,0x00,0x00,0x80,0xFF,0xFF,0x7F,0x00,0x00,0x00,0x00,0x92,0xFF,0xFF,0x6F,0x00,0x00,0x00,0x00,0x00,0x00,0x00,
0x00,0x23,0xFF,0xFF,0x23,0x00,0x00,0x00,0x00,0x33,0xFF,0xFB,0x16,0x00,0x00,0x00,0x00,0x0D,0x3C,0x3C,0x1C,0x00,0x00,0x00,
0x00,0x00,0x00,0x29,0x3C,0x3C,0x00,0x25,0xFB,0xFF,0xE4,0x1A,0x00,0x00,0x00,0x00,0x3C,0xF9,0xFF,0xE8,0x00,0x00,0x68,0xFF,
0xFF,0xCC,0x0A,0x00,0x00,0x21,0xEB,0xFF,0xF7,0x37,0x00,0x00,0x00,0x91,0xFF,0xFF,0xAE,0x01,0x0E,0xD4,0xFF,0xFF,0x58,0x00,
0x00,0x00,0x00,0x03,0xB7,0xFF,0xFF,0x8B,0xB6,0xFF,0xFF,0x7F,0x00,0x00,0x00,0x00,0x00,0x00,0x0E,0xD4,0xFF,0xFF,0xFF,0xFF,
0xA7,0x00,0x00,0x00,0x00,0x00,0x00,0x00,0x00,0x21,0xEE,0xFF,0xFF,0xCB,0x08,0x00,0x00,0x00,0x00,0x00,0x00,0x00,0x00,0x45,
0xFB,0xFF,0xFF,0xE7,0x1E,0x00,0x00,0x00,0x00,0x00,0x00,0x00,0x28,0xEF,0xFF,0xF9,0xFF,0xFF,0xD1,0x0C,0x00,0x00,0x00,0x00,
0x00,0x12,0xDB,0xFF,0xFE,0x51,0x8F,0xFF,0xFF,0xB2,0x02,0x00,0x00,0x00,0x05,0xBF,0xFF,0xFF,0x78,0x00,0x02,0xB3,0xFF,0xFF,
0x8D,0x00,0x00,0x00,0x9A,0xFF,0xFF,0xA1,0x00,0x00,0x00,0x0C,0xD0,0xFF,0xFF,0x64,0x00,0x32,0xFF,0xFF,0xC4,0x06,0x00,0x00,
0x00,0x00,0x1D,0xE7,0xFF,0xFA,0x00,0x00,0x39,0x3C,0x38,0x00,0x00,0x00,0x00,0x00,0x00,0x00,0x11,0x3C,0x3C,0x26,0x00,0x81,
0xFF,0xFF,0x71,0x00,0x00,0x00,0x00,0x00,0x05,0xC3,0xFF,0xFA,0x36,0x00,0x03,0xC1,0xFF,0xFB,0x41,0x00,0x00,0x00,0x00,0x93,
0xFF,0xFF,0x73,0x00,0x00,0x00,0x1B,0xEB,0xFF,0xEA,0x1E,0x00,0x00,0x5D,0xFF,0xFF,0xB5,0x01,0x00,0x00,0x00,0x00,0x4B,0xFE,
0xFF,0xCC,0x08,0x31,0xF6,0xFF,0xE4,0x14,0x00,0x00,0x00,0x00,0x00,0x00,0x8D,0xFF,0xFF,0xA9,0xDF,0xFF,0xFC,0x3F,0x00,0x00,
0x00,0x00,0x00,0x00,0x00,0x05,0xCA,0xFF,0xFF,0xFF,0xFF,0x7E,0x00,0x00,0x00,0x00,0x00,0x00,0x00,0x00,0x00,0x21,0xF0,0xFF,
0xFF,0xBE,0x02,0x00,0x00,0x00,0x00,0x00,0x00,0x00,0x00,0x00,0x00,0x74,0xFF,0xFF,0x21,0x00,0x00,0x00,0x00,0x00,0x00,0x00,
0x00,0x00,0x00,0x00,0x64,0xFF,0xFF,0x10,0x00,0x00,0x00,0x00,0x00,0x00,0x00,0x00,0x00,0x00,0x00,0x64,0xFF,0xFF,0x10,0x00,
0x00,0x00,0x00,0x00,0x00,0x00,0x00,0x00,0x00,0x00,0x64,0xFF,0xFF,0x10,0x00,0x00,0x00,0x00,0x00,0x00,0x00,0x00,0x00,0x00,
0x00,0x64,0xFF,0xFF,0x10,0x00,0x00,0x00,0x00,0x00,0x08,0x3C,0x3C,0x3C,0x3C,0x3C,0x3C,0x3C,0x3C,0x3C,0x3C,0x3C,0x3C,0x06,
0x24,0xFF,0xFF,0xFF,0xFF,0xFF,0xFF,0xFF,0xFF,0xFF,0xFF,0xFF,0xFF,0x1C,0x24,0xFF,0xFF,0xFF,0xFF,0xFF,0xFF,0xFF,0xFF,0xFF,
0xFF,0xFF,0xFF,0x1C,0x07,0x38,0x38,0x38,0x38,0x38,0x38,0x38,0x52,0xEB,0xFF,0xFF,0xCF,0x0A,0x00,0x00,0x00,0x00,0x00,0x00,
0x00,0x32,0xE4,0xFF,0xFF,0xAF,0x0B,0x00,0x00,0x00,0x00,0x00,0x00,0x00,0x52,0xF5,0xFF,0xFF,0x89,0x01,0x00,0x00,0x00,0x00,
0x00,0x00,0x00,0x79,0xFE,0xFF,0xF9,0x60,0x00,0x00,0x00,0x00,0x00,0x00,0x00,0x07,0xA2,0xFF,0xFF,0xEB,0x3C,0x00,0x00,0x00,
0x00,0x00,0x00,0x00,0x15,0xC4,0xFF,0xFF,0xD5,0x21,0x00,0x00,0x00,0x00,0x00,0x00,0x00,0x2B,0xDF,0xFF,0xFF,0xB7,0x0E,0x00,
0x00,0x00,0x00,0x00,0x00,0x00,0x16,0xF1,0xFF,0xFF,0xEA,0x7B,0x78,0x78,0x78,0x78,0x78,0x78,0x78,0x0D,0x24,0xFF,0xFF,0xFF,
0xFF,0xFF,0xFF,0xFF,0xFF,0xFF,0xFF,0xFF,0xFF,0x1C,0x24,0xFF,0xFF,0xFF,0xFF,0xFF,0xFF,0xFF,0xFF,0xFF,0xFF,0xFF,0xFF,0x1C,
0x05,0x40,0x40,0x40,0x16,0x14,0xFF,0xFF,0xFF,0x58,0x14,0xFF,0xFF,0xFF,0x58,0x14,0xFF,0xFF,0x77,0x10,0x14,0xFF,0xFF,0x58,
0x00,0x14,0xFF,0xFF,0x58,0x00,0x14,0xFF,0xFF,0x58,0x00,0x14,0xFF,0xFF,0x58,0x00,0x14,0xFF,0xFF,0x58,0x00,0x14,0xFF,0xFF,
0x58,0x00,0x14,0xFF,0xFF,0x9E,0x25,0x14,0xFF,0xFF,0xFF,0x58,0x14,0xFF,0xFF,0xFF,0x58,0x35,0x00,0x00,0x00,0x00,0x00,0x00,
0x00,0x00,0xEC,0x7C,0x00,0x00,0x00,0x00,0x00,0x00,0x00,0xEC,0xFE,0x4F,0x00,0x00,0x00,0x00,0x00,0x00,0xAF,0xFF,0xF2,0x2B,
0x00,0x00,0x00,0x00,0x00,0x0E,0xD6,0xFF,0xDC,0x12,0x00,0x00,0x00,0x00,0x00,0x25,0xEF,0xFF,0xBB,0x03,0x00,0x00,0x00,0x00,
0x00,0x46,0xFC,0xFF,0x90,0x00,0x00,0x00,0x00,0x00,0x00,0x73,0xFF,0xFF,0x61,0x00,0x00,0x00,0x00,0x00,0x00,0xA2,0xFF,0xF8,
0x38,0x00,0x00,0x00,0x00,0x00,0x08,0xCA,0xFF,0xE7,0x1B,0x00,0x00,0x00,0x00,0x00,0x1A,0xE6,0xFF,0xB9,0x00,0x00,0x00,0x00,
0x00,0x00,0x38,0xF8,0xD4,0x00,0x00,0x00,0x00,0x00,0x00,0x00,0x60,0xD3,0x09,0x40,0x40,0x40,0x13,0x24,0xFF,0xFF,0xFF,0x4C,
0x24,0xFF,0xFF,0xFF,0x4C,0x06,0x4D,0xFF,0xFF,0x4C,0x00,0x24,0xFF,0xFF,0x4C,0x00,0x24,0xFF,0xFF,0x4C,0x00,0x24,0xFF,0xFF,
0x4C,0x00,0x24,0xFF,0xFF,0x4C,0x00,0x24,0xFF,0xFF,0x4C,0x00,0x24,0xFF,0xFF,0x4C,0x0F,0x80,0xFF,0xFF,0x4C,0x24,0xFF,0xFF,
0xFF,0x4C,0x24,0xFF,0xFF,0xFF,0x4C,0x27,0x3C,0x3C,0x3C,0x3C,0x3C,0x3C,0x3C,0x09,0xA3,0x64,0x64,0x64,0x64,0x64,0x64,0xAD,
0x28,0xA0,0x00,0x00,0x00,0x00,0x00,0x00,0x78,0x28,0xA0,0x00,0x00,0x00,0x00,0x00,0x00,0x78,0x28,0xA0,0x00,0x00,0x00,0x00,
0x00,0x00,0x78,0x28,0xA0,0x00,0x00,0x00,0x00,0x00,0x00,0x78,0x28,0xA0,0x00,0x00,0x00,0x00,0x00,0x00,0x78,0x28,0xA0,0x00,
0x00,0x00,0x00,0x00,0x00,0x78,0x28,0xA0,0x00,0x00,0x00,0x00,0x00,0x00,0x78,0x28,0xA0,0x00,0x00,0x00,0x00,0x00,0x00,0x78,
0x28,0xA0,0x00,0x00,0x00,0x00,0x00,0x00,0x78,0x28,0xA0,0x00,0x00,0x00,0x00,0x00,0x00,0x78,0x28,0xA2,0x9D,0x9D,0x9E,0x9E,
0x9F,0x9F,0xCD,0x28,0x13,0xF8,0xF8,0xF8,0xF8,0xF8,0xF8,0xF8,0xF8,0xF8,0xF8,0xF8,0xF4,0x00,0x14,0xFF,0xFF,0xFF,0xFF,0xFF,
0xFF,0xFF,0xFF,0xFF,0xFF,0xFF,0xFC,0x00,0x09,0x74,0x74,0x74,0x74,0x74,0x74,0x74,0x74,0x74,0x74,0x74,0x72,0x00,0x07,0x2C,
0x2C,0x0D,0x00,0x0A,0xFA,0xFF,0x73,0x00,0x00,0xC5,0xFF,0xB3,0x00,0x00,0x85,0xFF,0xF0,0x02,0x00,0x0C,0x20,0x20,0x02,0x00,
0x00,0x00,0x00,0x00,0x00,0x00,0x00,0x00,0x00,0x00,0x00,0x00,0x00,0x00,0x00,0x00,0x00,0x00,0x00,0x00,0x00,0x00,0x00,0x00,
0x00,0x00,0x00,0x00,0x00,0x00,0x00,0x00,0x00,0x00,0x00,0x00,0x00,0x00,0x00,0x00,0x00,0x00,0x00,0x00,0x00,0x00,0x00,0x00,
0x00,0x18,0xDC,0xDC,0xDC,0xDC,0xDC,0xDC,0xDC,0xD7,0x94,0x05,0x00,0x1C,0xFF,0xFF,0xFF,0xFF,0xFF,0xFF,0xFF,0xFF,0xFF,0x98,
0x00,0x0F,0x90,0x90,0x90,0x90,0x90,0x90,0x90,0xCC,0xFF,0xDE,0x00,0x03,0x24,0x24,0x24,0x24,0x24,0x24,0x24,0x98,0xFF,0xE4,
0x00,0x1C,0xFF,0xFF,0xFF,0xFF,0xFF,0xFF,0xFF,0xFF,0xFF,0xE4,0x00,0x1C,0xFF,0xFF,0xFF,0xFF,0xFF,0xFF,0xFF,0xFF,0xFF,0xE4,
0x00,0x1C,0xFF,0xFF,0x50,0x00,0x00,0x00,0x00,0x88,0xFF,0xE4,0x00,0x19,0xFF,0xFF,0x9A,0x6C,0x6C,0x6C,0x6C,0xBA,0xFF,0xE4,
0x00,0x02,0xE3,0xFF,0xFF,0xFF,0xFF,0xFF,0xFF,0xFF,0xFF,0xE4,0x00,0x00,0x2D,0xD5,0xFE,0xFF,0xFF,0xFF,0xFF,0xFF,0xFF,0xE4,
0x00,0x01,0x18,0x18,0x08,0x00,0x00,0x00,0x00,0x00,0x00,0x00,0x14,0xFF,0xFF,0x58,0x00,0x00,0x00,0x00,0x00,0x00,0x00,0x14,
0xFF,0xFF,0x58,0x00,0x00,0x00,0x00,0x00,0x00,0x00,0x14,0xFF,0xFF,0x58,0x00,0x00,0x00,0x00,0x00,0x00,0x00,0x14,0xFF,0xFF,
0xE8,0xDC,0xDC,0xDC,0xDC,0xD7,0x99,0x07,0x14,0xFF,0xFF,0xFF,0xFF,0xFF,0xFF,0xFF,0xFF,0xFF,0xA0,0x14,0xFF,0xFF,0xB7,0x90,
0x90,0x90,0x90,0xC8,0xFF,0xE6,0x14,0xFF,0xFF,0x58,0x00,0x00,0x00,0x00,0x80,0xFF,0xEC,0x14,0xFF,0xFF,0x58,0x00,0x00,0x00,
0x00,0x80,0xFF,0xEC,0x14,0xFF,0xFF,0x58,0x00,0x00,0x00,0x00,0x80,0xFF,0xEC,0x14,0xFF,0xFF,0x58,0x00,0x00,0x00,0x00,0x80,
0xFF,0xEC,0x14,0xFF,0xFF,0x9F,0x6C,0x6C,0x6C,0x6C,0xB6,0xFF,0xE9,0x14,0xFF,0xFF,0xFF,0xFF,0xFF,0xFF,0xFF,0xFF,0xFF,0xB3,
0x14,0xFF,0xFF,0xFF,0xFF,0xFF,0xFF,0xFF,0xFC,0xBD,0x13,0x00,0x1A,0xB1,0xDA,0xDC,0xDC,0xDC,0xDC,0xDC,0xDC,0xB9,0x00,0x02,
0xD5,0xFF,0xFF,0xFF,0xFF,0xFF,0xFF,0xFF,0xFF,0xD8,0x00,0x1F,0xFF,0xFF,0xB0,0x90,0x90,0x90,0x90,0x90,0x90,0x79,0x00,0x24,
0xFF,0xFF,0x48,0x00,0x00,0x00,0x00,0x00,0x00,0x00,0x00,0x24,0xFF,0xFF,0x48,0x00,0x00,0x00,0x00,0x00,0x00,0x00,0x00,0x24,
0xFF,0xFF,0x48,0x00,0x00,0x00,0x00,0x00,0x00,0x00,0x00,0x24,0xFF,0xFF,0x48,0x00,0x00,0x00,0x00,0x00,0x00,0x00,0x00,0x21,
0xFF,0xFF,0x96,0x6C,0x6C,0x6C,0x6C,0x6C,0x6C,0x5E,0x00,0x05,0xE6,0xFF,0xFF,0xFF,0xFF,0xFF,0xFF,0xFF,0xFF,0xE0,0x00,0x00,
0x2E,0xD5,0xFE,0xFF,0xFF,0xFF,0xFF,0xFF,0xFF,0xE0,0x00,0x00,0x00,0x00,0x00,0x00,0x00,0x00,0x00,0x18,0x18,0x09,0x00,0x00,
0x00,0x00,0x00,0x00,0x00,0x04,0xFF,0xFF,0x68,0x00,0x00,0x00,0x00,0x00,0x00,0x00,0x04,0xFF,0xFF,0x68,0x00,0x00,0x00,0x00,
0x00,0x00,0x00,0x04,0xFF,0xFF,0x68,0x00,0x67,0xD0,0xDC,0xDC,0xDC,0xDC,0xDC,0xFF,0xFF,0x68,0x53,0xFF,0xFF,0xFF,0xFF,0xFF,
0xFF,0xFF,0xFF,0xFF,0x68,0x97,0xFF,0xED,0x90,0x90,0x90,0x90,0x92,0xFF,0xFF,0x68,0x9C,0xFF,0xD4,0x00,0x00,0x00,0x00,0x04,
0xFF,0xFF,0x68,0x9C,0xFF,0xD4,0x00,0x00,0x00,0x00,0x04,0xFF,0xFF,0x68,0x9C,0xFF,0xD4,0x00,0x00,0x00,0x00,0x04,0xFF,0xFF,
0x68,0x9C,0xFF,0xD4,0x00,0x00,0x00,0x00,0x04,0xFF,0xFF,0x68,0x99,0xFF,0xE7,0x6C,0x6C,0x6C,0x6C,0x6F,0xFF,0xFF,0x68,0x63,
0xFF,0xFF,0xFF,0xFF,0xFF,0xFF,0xFF,0xFF,0xFF,0x68,0x00,0x8A,0xF4,0xFF,0xFF,0xFF,0xFF,0xFF,0xFF,0xFF,0x68,0x00,0x1A,0xB1,
0xDA,0xDC,0xDC,0xDC,0xDC,0xD7,0x92,0x05,0x00,0x02,0xD5,0xFF,0xFF,0xFF,0xFF,0xFF,0xFF,0xFF,0xFF,0x94,0x00,0x1F,0xFF,0xFF,
0xB0,0x90,0x90,0x90,0x90,0xCE,0xFF,0xDA,0x00,0x24,0xFF,0xFF,0x48,0x00,0x00,0x00,0x00,0x8C,0xFF,0xE0,0x00,0x24,0xFF,0xFF,
0xE6,0xDC,0xDC,0xDC,0xDC,0xEF,0xFF,0xE0,0x00,0x24,0xFF,0xFF,0xFF,0xFF,0xFF,0xFF,0xFF,0xFF,0xFF,0xE0,0x00,0x24,0xFF,0xFF,
0x7B,0x48,0x48,0x48,0x48,0x48,0x48,0x3F,0x00,0x21,0xFF,0xFF,0x96,0x6C,0x6C,0x6C,0x6C,0x6C,0x6C,0x5E,0x00,0x05,0xE6,0xFF,
0xFF,0xFF,0xFF,0xFF,0xFF,0xFF,0xFF,0xE0,0x00,0x00,0x2E,0xD5,0xFE,0xFF,0xFF,0xFF,0xFF,0xFF,0xFF,0xE0,0x00,0x00,0x00,0x02,
0x16,0x18,0x18,0x18,0x01,0x00,0x38,0xE8,0xFF,0xFF,0xFF,0xFF,0x10,0x02,0xE7,0xFF,0xFF,0xFF,0xFF,0xFF,0x10,0x16,0xFF,0xFF,
0x8F,0x58,0x58,0x58,0x05,0x18,0xFF,0xFF,0xE7,0xDC,0xDC,0xDC,0x0D,0x18,0xFF,0xFF,0xFF,0xFF,0xFF,0xFF,0x10,0x18,0xFF,0xFF,
0xB4,0x90,0x90,0x90,0x09,0x18,0xFF,0xFF,0x54,0x00,0x00,0x00,0x00,0x18,0xFF,0xFF,0x54,0x00,0x00,0x00,0x00,0x18,0xFF,0xFF,
0x54,0x00,0x00,0x00,0x00,0x18,0xFF,0xFF,0x54,0x00,0x00,0x00,0x00,0x18,0xFF,0xFF,0x54,0x00,0x00,0x00,0x00,0x18,0xFF,0xFF,
0x54,0x00,0x00,0x00,0x00,0x18,0xFF,0xFF,0x54,0x00,0x00,0x00,0x00,0x00,0x31,0xBE,0xDB,0xDC,0xDC,0xDC,0xDC,0xD4,0x78,0x00,
0x00,0x12,0xEE,0xFF,0xFF,0xFF,0xFF,0xFF,0xFF,0xFF,0xFF,0x6C,0x00,0x47,0xFF,0xFF,0x9E,0x90,0x90,0x90,0x90,0xDF,0xFF,0xB2,
0x00,0x4C,0xFF,0xFF,0x20,0x00,0x00,0x00,0x00,0xB4,0xFF,0xB8,0x00,0x4C,0xFF,0xFF,0x20,0x00,0x00,0x00,0x00,0xB4,0xFF,0xB8,
0x00,0x4C,0xFF,0xFF,0x20,0x00,0x00,0x00,0x00,0xB4,0xFF,0xB8,0x00,0x4C,0xFF,0xFF,0x20,0x00,0x00,0x00,0x00,0xB4,0xFF,0xB8,
0x00,0x49,0xFF,0xFF,0x7F,0x6C,0x6C,0x6C,0x6C,0xD4,0xFF,0xB8,0x00,0x1A,0xF8,0xFF,0xFF,0xFF,0xFF,0xFF,0xFF,0xFF,0xFF,0xB8,
0x00,0x00,0x4A,0xE3,0xFF,0xFF,0xFF,0xFF,0xFF,0xFF,0xFF,0xB8,0x00,0x00,0x00,0x00,0x00,0x00,0x00,0x00,0x00,0xB4,0xFF,0xB8,
0x00,0x00,0x00,0x62,0x8C,0x8C,0x8C,0x8C,0x8C,0xDE,0xFF,0xB3,0x00,0x00,0x00,0xB4,0xFF,0xFF,0xFF,0xFF,0xFF,0xFF,0xFF,0x72,
0x00,0x00,0x00,0xA0,0xE4,0xE4,0xE4,0xE4,0xE4,0xDB,0x81,0x00,0x00,0x01,0x18,0x18,0x08,0x00,0x00,0x00,0x00,0x00,0x00,0x00,
0x14,0xFF,0xFF,0x58,0x00,0x00,0x00,0x00,0x00,0x00,0x00,0x14,0xFF,0xFF,0x58,0x00,0x00,0x00,0x00,0x00,0x00,0x00,0x14,0xFF,
0xFF,0x58,0x00,0x00,0x00,0x00,0x00,0x00,0x00,0x14,0xFF,0xFF,0xE8,0xDC,0xDC,0xDC,0xDC,0xD7,0x99,0x07,0x14,0xFF,0xFF,0xFF,
0xFF,0xFF,0xFF,0xFF,0xFF,0xFF,0xA0,0x14,0xFF,0xFF,0xB7,0x90,0x90,0x90,0x90,0xC8,0xFF,0xE6,0x14,0xFF,0xFF,0x58,0x00,0x00,
0x00,0x00,0x80,0xFF,0xEC,0x14,0xFF,0xFF,0x58,0x00,0x00,0x00,0x00,0x80,0xFF,0xEC,0x14,0xFF,0xFF,0x58,0x00,0x00,0x00,0x00,
0x80,0xFF,0xEC,0x14,0xFF,0xFF,0x58,0x00,0x00,0x00,0x00,0x80,0xFF,0xEC,0x14,0xFF,0xFF,0x58,0x00,0x00,0x00,0x00,0x80,0xFF,
0xEC,0x14,0xFF,0xFF,0x58,0x00,0x00,0x00,0x00,0x80,0xFF,0xEC,0x14,0xFF,0xFF,0x58,0x00,0x00,0x00,0x00,0x80,0xFF,0xEC,0x02,
0x18,0x18,0x07,0x1C,0xFF,0xFF,0x50,0x1C,0xFF,0xFF,0x50,0x09,0x58,0x58,0x1B,0x18,0xDC,0xDC,0x44,0x1C,0xFF,0xFF,0x50,0x1C,
0xFF,0xFF,0x50,0x1C,0xFF,0xFF,0x50,0x1C,0xFF,0xFF,0x50,0x1C,0xFF,0xFF,0x50,0x1C,0xFF,0xFF,0x50,0x1C,0xFF,0xFF,0x50,0x1C,
0xFF,0xFF,0x50,0x1C,0xFF,0xFF,0x50,0x00,0x00,0x00,0x00,0x00,0x16,0x18,0x0C,0x00,0x00,0x00,0x00,0x00,0xEC,0xFF,0x84,0x00,
0x00,0x00,0x00,0x00,0xEC,0xFF,0x84,0x00,0x00,0x00,0x00,0x00,0x51,0x58,0x2D,0x00,0x00,0x00,0x00,0x00,0xCA,0xDC,0x71,0x00,
0x00,0x00,0x00,0x00,0xEC,0xFF,0x84,0x00,0x00,0x00,0x00,0x00,0xEC,0xFF,0x84,0x00,0x00,0x00,0x00,0x00,0xEC,0xFF,0x84,0x00,
0x00,0x00,0x00,0x00,0xEC,0xFF,0x84,0x00,0x00,0x00,0x00,0x00,0xEC,0xFF,0x84,0x00,0x00,0x00,0x00,0x00,0xEC,0xFF,0x84,0x00,
0x00,0x00,0x00,0x00,0xEC,0xFF,0x84,0x00,0x00,0x00,0x00,0x00,0xEC,0xFF,0x84,0x00,0x00,0x00,0x00,0x00,0xEC,0xFF,0x84,0x00,
0x00,0x00,0x00,0x00,0xEC,0xFF,0x84,0x23,0xD0,0xD0,0xD0,0xD0,0xFC,0xFF,0x78,0x2C,0xFF,0xFF,0xFF,0xFF,0xFF,0xEB,0x21,0x1B,
0xA0,0xA0,0xA0,0xA0,0x8F,0x26,0x00,0x01,0x18,0x18,0x08,0x00,0x00,0x00,0x00,0x00,0x00,0x00,0x14,0xFF,0xFF,0x58,0x00,0x00,
0x00,0x00,0x00,0x00,0x00,0x14,0xFF,0xFF,0x58,0x00,0x00,0x00,0x00,0x00,0x00,0x00,0x14,0xFF,0xFF,0x58,0x00,0x00,0x00,0x00,
0x00,0x00,0x00,0x14,0xFF,0xFF,0x58,0x00,0x00,0x00,0x21,0xCF,0xDC,0xAD,0x14,0xFF,0xFF,0x58,0x00,0x00,0x18,0xDC,0xFF,0xF9,
0x44,0x14,0xFF,0xFF,0x58,0x00,0x0F,0xD0,0xFF,0xFE,0x58,0x00,0x14,0xFF,0xFF,0x6F,0x26,0xC2,0xFF,0xFF,0x6E,0x00,0x00,0x14,
0xFF,0xFF,0xFF,0xFF,0xFF,0xFF,0x86,0x00,0x00,0x00,0x14,0xFF,0xFF,0xFF,0xFF,0xFF,0xFF,0x69,0x00,0x00,0x00,0x14,0xFF,0xFF,
0x87,0x4A,0xD8,0xFF,0xFD,0x52,0x00,0x00,0x14,0xFF,0xFF,0x58,0x00,0x1D,0xE3,0xFF,0xF8,0x3F,0x00,0x14,0xFF,0xFF,0x58,0x00,
0x00,0x29,0xEC,0xFF,0xF0,0x2D,0x14,0xFF,0xFF,0x58,0x00,0x00,0x00,0x36,0xF3,0xFF,0xC4,0x03,0x1C,0x1C,0x08,0x00,0x00,0x1C,
0xFF,0xFF,0x50,0x00,0x00,0x1C,0xFF,0xFF,0x50,0x00,0x00,0x1C,0xFF,0xFF,0x50,0x00,0x00,0x1C,0xFF,0xFF,0x50,0x00,0x00,0x1C,
0xFF,0xFF,0x50,0x00,0x00,0x1C,0xFF,0xFF,0x50,0x00,0x00,0x1C,0xFF,0xFF,0x50,0x00,0x00,0x1C,0xFF,0xFF,0x50,0x00,0x00,0x1C,
0xFF,0xFF,0x50,0x00,0x00,0x1C,0xFF,0xFF,0x50,0x00,0x00,0x19,0xFF,0xFF,0x9B,0x6C,0x26,0x02,0xE1,0xFF,0xFF,0xFF,0x5C,0x00,
0x2B,0xD4,0xFE,0xFF,0x5C,0x11,0xDC,0xDC,0xDC,0xDC,0xDC,0xDC,0xDC,0xDC,0xDC,0xDC,0xDC,0xDB,0xC3,0x3C,0x00,0x00,0x14,0xFF,
0xFF,0xFF,0xFF,0xFF,0xFF,0xFF,0xFF,0xFF,0xFF,0xFF,0xFF,0xFF,0xF3,0x1C,0x00,0x14,0xFF,0xFF,0xB7,0x90,0x90,0x97,0xFF,0xFF,
0xBA,0x90,0x90,0x96,0xFF,0xFF,0x56,0x00,0x14,0xFF,0xFF,0x58,0x00,0x00,0x10,0xFF,0xFF,0x60,0x00,0x00,0x0C,0xFF,0xFF,0x5C,
0x00,0x14,0xFF,0xFF,0x58,0x00,0x00,0x10,0xFF,0xFF,0x60,0x00,0x00,0x0C,0xFF,0xFF,0x5C,0x00,0x14,0xFF,0xFF,0x58,0x00,0x00,
0x10,0xFF,0xFF,0x60,0x00,0x00,0x0C,0xFF,0xFF,0x5C,0x00,0x14,0xFF,0xFF,0x58,0x00,0x00,0x10,0xFF,0xFF,0x60,0x00,0x00,0x0C,
0xFF,0xFF,0x5C,0x00,0x14,0xFF,0xFF,0x58,0x00,0x00,0x10,0xFF,0xFF,0x60,0x00,0x00,0x0C,0xFF,0xFF,0x5C,0x00,0x14,0xFF,0xFF,
0x58,0x00,0x00,0x10,0xFF,0xFF,0x60,0x00,0x00,0x0C,0xFF,0xFF,0x5C,0x00,0x14,0xFF,0xFF,0x58,0x00,0x00,0x10,0xFF,0xFF,0x60,
0x00,0x00,0x0C,0xFF,0xFF,0x5C,0x00,0x11,0xDC,0xDC,0xDC,0xDC,0xDC,0xDC,0xDC,0xD7,0x99,0x07,0x00,0x14,0xFF,0xFF,0xFF,0xFF,
0xFF,0xFF,0xFF,0xFF,0xFF,0xA0,0x00,0x14,0xFF,0xFF,0xB7,0x90,0x90,0x90,0x90,0xC8,0xFF,0xE6,0x00,0x14,0xFF,0xFF,0x58,0x00,
0x00,0x00,0x00,0x80,0xFF,0xEC,0x00,0x14,0xFF,0xFF,0x58,0x00,0x00,0x00,0x00,0x80,0xFF,0xEC,0x00,0x14,0xFF,0xFF,0x58,0x00,
0x00,0x00,0x00,0x80,0xFF,0xEC,0x00,0x14,0xFF,0xFF,0x58,0x00,0x00,0x00,0x00,0x80,0xFF,0xEC,0x00,0x14,0xFF,0xFF,0x58,0x00,
0x00,0x00,0x00,0x80,0xFF,0xEC,0x00,0x14,0xFF,0xFF,0x58,0x00,0x00,0x00,0x00,0x80,0xFF,0xEC,0x00,0x14,0xFF,0xFF,0x58,0x00,
0x00,0x00,0x00,0x80,0xFF,0xEC,0x00,0x00,0x1A,0xB1,0xDA,0xDC,0xDC,0xDC,0xDC,0xD7,0x92,0x05,0x00,0x02,0xD5,0xFF,0xFF,0xFF,
0xFF,0xFF,0xFF,0xFF,0xFF,0x94,0x00,0x1F,0xFF,0xFF,0xB0,0x90,0x90,0x90,0x90,0xCE,0xFF,0xDA,0x00,0x24,0xFF,0xFF,0x48,0x00,
0x00,0x00,0x00,0x8C,0xFF,0xE0,0x00,0x24,0xFF,0xFF,0x48,0x00,0x00,0x00,0x00,0x8C,0xFF,0xE0,0x00,0x24,0xFF,0xFF,0x48,0x00,
0x00,0x00,0x00,0x8C,0xFF,0xE0,0x00,0x24,0xFF,0xFF,0x48,0x00,0x00,0x00,0x00,0x8C,0xFF,0xE0,0x00,0x21,0xFF,0xFF,0x96,0x6C,
0x6C,0x6C,0x6C,0xBD,0xFF,0xDD,0x00,0x05,0xE6,0xFF,0xFF,0xFF,0xFF,0xFF,0xFF,0xFF,0xFF,0xA7,0x00,0x00,0x2E,0xD5,0xFE,0xFF,
0xFF,0xFF,0xFF,0xFB,0xB7,0x0F,0x00,0x11,0xDC,0xDC,0xDC,0xDC,0xDC,0xDC,0xDC,0xD7,0x99,0x07,0x14,0xFF,0xFF,0xFF,0xFF,0xFF,
0xFF,0xFF,0xFF,0xFF,0xA0,0x14,0xFF,0xFF,0xB7,0x90,0x90,0x90,0x90,0xC8,0xFF,0xE6,0x14,0xFF,0xFF,0x58,0x00,0x00,0x00,0x00,
0x80,0xFF,0xEC,0x14,0xFF,0xFF,0x58,0x00,0x00,0x00,0x00,0x80,0xFF,0xEC,0x14,0xFF,0xFF,0x58,0x00,0x00,0x00,0x00,0x80,0xFF,
0xEC,0x14,0xFF,0xFF,0x58,0x00,0x00,0x00,0x00,0x80,0xFF,0xEC,0x14,0xFF,0xFF,0x9F,0x6C,0x6C,0x6C,0x6C,0xB6,0xFF,0xE9,0x14,
0xFF,0xFF,0xFF,0xFF,0xFF,0xFF,0xFF,0xFF,0xFF,0xB3,0x14,0xFF,0xFF,0xFF,0xFF,0xFF,0xFF,0xFF,0xFC,0xBD,0x13,0x14,0xFF,0xFF,
0x58,0x00,0x00,0x00,0x00,0x00,0x00,0x00,0x14,0xFF,0xFF,0x58,0x00,0x00,0x00,0x00,0x00,0x00,0x00,0x14,0xFF,0xFF,0x58,0x00,
0x00,0x00,0x00,0x00,0x00,0x00,0x12,0xE8,0xE8,0x4F,0x00,0x00,0x00,0x00,0x00,0x00,0x00,0x00,0x6F,0xD2,0xDC,0xDC,0xDC,0xDC,
0xDC,0xDC,0xDC,0x4F,0x5E,0xFF,0xFF,0xFF,0xFF,0xFF,0xFF,0xFF,0xFF,0xFF,0x5C,0xA3,0xFF,0xE8,0x90,0x90,0x90,0x90,0x97,0xFF,
0xFF,0x5C,0xA8,0xFF,0xC8,0x00,0x00,0x00,0x00,0x10,0xFF,0xFF,0x5C,0xA8,0xFF,0xC8,0x00,0x00,0x00,0x00,0x10,0xFF,0xFF,0x5C,
0xA8,0xFF,0xC8,0x00,0x00,0x00,0x00,0x10,0xFF,0xFF,0x5C,0xA8,0xFF,0xC8,0x00,0x00,0x00,0x00,0x10,0xFF,0xFF,0x5C,0xA5,0xFF,
0xE0,0x6C,0x6C,0x6C,0x6C,0x76,0xFF,0xFF,0x5C,0x72,0xFF,0xFF,0xFF,0xFF,0xFF,0xFF,0xFF,0xFF,0xFF,0x5C,0x02,0x94,0xF6,0xFF,
0xFF,0xFF,0xFF,0xFF,0xFF,0xFF,0x5C,0x00,0x00,0x00,0x00,0x00,0x00,0x00,0x10,0xFF,0xFF,0x5C,0x00,0x00,0x00,0x00,0x00,0x00,
0x00,0x10,0xFF,0xFF,0x5C,0x00,0x00,0x00,0x00,0x00,0x00,0x00,0x10,0xFF,0xFF,0x5C,0x00,0x00,0x00,0x00,0x00,0x00,0x00,0x0E,
0xE8,0xE8,0x53,0x00,0x18,0xAF,0xDA,0xDC,0xDC,0xDC,0xDC,0xA8,0x00,0xCF,0xFF,0xFF,0xFF,0xFF,0xFF,0xFF,0xC4,0x17,0xFF,0xFF,
0xB3,0x90,0x90,0x90,0x90,0x6E,0x1C,0xFF,0xFF,0x50,0x00,0x00,0x00,0x00,0x00,0x1C,0xFF,0xFF,0x50,0x00,0x00,0x00,0x00,0x00,
0x1C,0xFF,0xFF,0x50,0x00,0x00,0x00,0x00,0x00,0x1C,0xFF,0xFF,0x50,0x00,0x00,0x00,0x00,0x00,0x1C,0xFF,0xFF,0x50,0x00,0x00,
0x00,0x00,0x00,0x1C,0xFF,0xFF,0x50,0x00,0x00,0x00,0x00,0x00,0x1C,0xFF,0xFF,0x50,0x00,0x00,0x00,0x00,0x00,0x00,0x22,0xB6,
0xDB,0xDC,0xDC,0xDC,0xDC,0xD6,0x8B,0x02,0x00,0x05,0xDE,0xFF,0xFF,0xFF,0xFF,0xFF,0xFF,0xFF,0xFF,0x88,0x00,0x2B,0xFF,0xFF,
0xAB,0x90,0x90,0x90,0x90,0xD2,0xFC,0xCB,0x00,0x2F,0xFF,0xFF,0x58,0x24,0x24,0x24,0x24,0x1E,0x01,0x00,0x00,0x15,0xFC,0xFF,
0xFF,0xFF,0xFF,0xFF,0xFF,0xFF,0xD1,0x18,0x00,0x00,0x70,0xFF,0xFF,0xFF,0xFF,0xFF,0xFF,0xFF,0xFF,0xAA,0x00,0x00,0x00,0x23,
0x47,0x48,0x48,0x48,0x48,0xB8,0xFF,0xD2,0x00,0x25,0xD8,0xD8,0x86,0x6C,0x6C,0x6C,0x6C,0xC6,0xFF,0xD1,0x00,0x0A,0xED,0xFF,
0xFF,0xFF,0xFF,0xFF,0xFF,0xFF,0xFF,0x9B,0x00,0x00,0x37,0xDA,0xFF,0xFF,0xFF,0xFF,0xFF,0xFA,0xAF,0x0B,0x00,0x13,0xD4,0xD4,
0x45,0x00,0x00,0x00,0x00,0x18,0xFF,0xFF,0x54,0x00,0x00,0x00,0x00,0x18,0xFF,0xFF,0x54,0x00,0x00,0x00,0x00,0x18,0xFF,0xFF,
0xE7,0xDC,0xDC,0xDC,0x0D,0x18,0xFF,0xFF,0xFF,0xFF,0xFF,0xFF,0x10,0x18,0xFF,0xFF,0xB4,0x90,0x90,0x90,0x09,0x18,0xFF,0xFF,
0x54,0x00,0x00,0x00,0x00,0x18,0xFF,0xFF,0x54,0x00,0x00,0x00,0x00,0x18,0xFF,0xFF,0x54,0x00,0x00,0x00,0x00,0x18,0xFF,0xFF,
0x54,0x00,0x00,0x00,0x00,0x15,0xFF,0xFF,0x9D,0x6C,0x6C,0x6C,0x06,0x01,0xDE,0xFF,0xFF,0xFF,0xFF,0xFF,0x10,0x00,0x29,0xD3,
0xFE,0xFF,0xFF,0xFF,0x10,0x14,0xDC,0xDC,0x48,0x00,0x00,0x00,0x00,0x71,0xDC,0xC7,0x00,0x18,0xFF,0xFF,0x54,0x00,0x00,0x00,
0x00,0x84,0xFF,0xE8,0x00,0x18,0xFF,0xFF,0x54,0x00,0x00,0x00,0x00,0x84,0xFF,0xE8,0x00,0x18,0xFF,0xFF,0x54,0x00,0x00,0x00,
0x00,0x84,0xFF,0xE8,0x00,0x18,0xFF,0xFF,0x54,0x00,0x00,0x00,0x00,0x84,0xFF,0xE8,0x00,0x18,0xFF,0xFF,0x54,0x00,0x00,0x00,
0x00,0x84,0xFF,0xE8,0x00,0x18,0xFF,0xFF,0x54,0x00,0x00,0x00,0x00,0x84,0xFF,0xE8,0x00,0x15,0xFF,0xFF,0x9D,0x6C,0x6C,0x6C,
0x6C,0xB9,0xFF,0xE5,0x00,0x01,0xE0,0xFF,0xFF,0xFF,0xFF,0xFF,0xFF,0xFF,0xFF,0xAF,0x00,0x00,0x2B,0xD3,0xFE,0xFF,0xFF,0xFF,
0xFF,0xFC,0xBB,0x11,0x00,0x59,0xDC,0xDC,0x52,0x00,0x00,0x00,0x00,0x00,0x00,0x90,0xDC,0xD8,0x1E,0x06,0xDE,0xFF,0xDB,0x05,
0x00,0x00,0x00,0x00,0x2C,0xFD,0xFF,0x9B,0x00,0x00,0x58,0xFF,0xFF,0x6C,0x00,0x00,0x00,0x00,0xB5,0xFF,0xF5,0x19,0x00,0x00,
0x01,0xCA,0xFF,0xEA,0x0D,0x00,0x00,0x40,0xFF,0xFF,0x81,0x00,0x00,0x00,0x00,0x3E,0xFF,0xFF,0x83,0x00,0x01,0xCB,0xFF,0xE8,
0x0C,0x00,0x00,0x00,0x00,0x00,0xB2,0xFF,0xF5,0x19,0x57,0xFF,0xFF,0x66,0x00,0x00,0x00,0x00,0x00,0x00,0x29,0xFC,0xFF,0x9F,
0xDC,0xFF,0xD6,0x03,0x00,0x00,0x00,0x00,0x00,0x00,0x00,0x98,0xFF,0xFF,0xFF,0xFF,0x4C,0x00,0x00,0x00,0x00,0x00,0x00,0x00,
0x00,0x17,0xF3,0xFF,0xFF,0xBF,0x00,0x00,0x00,0x00,0x00,0x00,0x00,0x00,0x00,0x00,0x7E,0xFF,0xFE,0x33,0x00,0x00,0x00,0x00,
0x00,0x34,0xDC,0xDC,0x49,0x00,0x00,0x00,0x59,0xDC,0xDC,0x58,0x00,0x00,0x00,0x49,0xDC,0xDC,0x32,0x01,0xDD,0xFF,0xB8,0x00,
0x00,0x00,0xCE,0xFF,0xFF,0xD2,0x00,0x00,0x00,0xB1,0xFF,0xDF,0x01,0x00,0x7B,0xFF,0xFE,0x24,0x00,0x3D,0xFF,0xFF,0xFF,0xFF,
0x49,0x00,0x16,0xFB,0xFF,0x81,0x00,0x00,0x1A,0xFC,0xFF,0x8D,0x00,0xAC,0xFF,0xFD,0xFD,0xFF,0xBF,0x00,0x74,0xFF,0xFE,0x22,
0x00,0x00,0x00,0xB2,0xFF,0xED,0x27,0xFC,0xFF,0xB0,0xAD,0xFF,0xFF,0x35,0xD4,0xFF,0xC0,0x00,0x00,0x00,0x00,0x4D,0xFF,0xFF,
0xD9,0xFF,0xFF,0x41,0x38,0xFF,0xFF,0xD3,0xFF,0xFF,0x60,0x00,0x00,0x00,0x00,0x03,0xE4,0xFF,0xFF,0xFF,0xD2,0x00,0x00,0xC4,
0xFF,0xFF,0xFF,0xF4,0x0C,0x00,0x00,0x00,0x00,0x00,0x84,0xFF,0xFF,0xFF,0x64,0x00,0x00,0x4F,0xFF,0xFF,0xFF,0xA0,0x00,0x00,
0x00,0x00,0x00,0x00,0x21,0xFE,0xFF,0xEC,0x09,0x00,0x00,0x01,0xD9,0xFF,0xFF,0x40,0x00,0x00,0x00,0x00,0x00,0x00,0x00,0xBA,
0xFF,0x87,0x00,0x00,0x00,0x00,0x66,0xFF,0xDE,0x01,0x00,0x00,0x00,0x2E,0xDC,0xDC,0x97,0x00,0x00,0x00,0x12,0xC6,0xDC,0xCC,
0x00,0x01,0xAC,0xFF,0xFF,0x7A,0x00,0x05,0xBF,0xFF,0xFF,0x64,0x00,0x00,0x09,0xCA,0xFF,0xFE,0x55,0x9D,0xFF,0xFF,0x89,0x00,
0x00,0x00,0x00,0x18,0xE2,0xFF,0xFC,0xFF,0xFF,0xAD,0x01,0x00,0x00,0x00,0x00,0x00,0x2E,0xF3,0xFF,0xFF,0xCB,0x0A,0x00,0x00,
0x00,0x00,0x00,0x00,0x2E,0xF4,0xFF,0xFF,0xCD,0x09,0x00,0x00,0x00,0x00,0x00,0x14,0xDF,0xFF,0xFD,0xFF,0xFF,0xA8,0x00,0x00,
0x00,0x00,0x04,0xC0,0xFF,0xFF,0x5D,0xA4,0xFF,0xFF,0x7A,0x00,0x00,0x00,0x95,0xFF,0xFF,0x8C,0x00,0x08,0xCC,0xFF,0xFE,0x4E,
0x00,0x2F,0xFF,0xFF,0xB9,0x03,0x00,0x00,0x1C,0xE8,0xFF,0xE7,0x00,0x3B,0xD4,0xD4,0x1D,0x00,0x00,0x00,0x00,0x91,0xD4,0x9B,
0x00,0x48,0xFF,0xFF,0x24,0x00,0x00,0x00,0x00,0xB0,0xFF,0xBC,0x00,0x48,0xFF,0xFF,0x24,0x00,0x00,0x00,0x00,0xB0,0xFF,0xBC,
0x00,0x48,0xFF,0xFF,0x24,0x00,0x00,0x00,0x00,0xB0,0xFF,0xBC,0x00,0x48,0xFF,0xFF,0x24,0x00,0x00,0x00,0x00,0xB0,0xFF,0xBC,
0x00,0x48,0xFF,0xFF,0x24,0x00,0x00,0x00,0x00,0xB0,0xFF,0xBC,0x00,0x48,0xFF,0xFF,0x24,0x00,0x00,0x00,0x00,0xB0,0xFF,0xBC,
0x00,0x45,0xFF,0xFF,0x81,0x6C,0x6C,0x6C,0x6C,0xD2,0xFF,0xBC,0x00,0x18,0xF7,0xFF,0xFF,0xFF,0xFF,0xFF,0xFF,0xFF,0xFF,0xBC,
0x00,0x00,0x47,0xE1,0xFF,0xFF,0xFF,0xFF,0xFF,0xFF,0xFF,0xBC,0x00,0x00,0x00,0x00,0x00,0x00,0x00,0x00,0x00,0xB0,0xFF,0xBC,
0x00,0x00,0x00,0x94,0xD8,0xD8,0xD8,0xD8,0xD8,0xF4,0xFF,0xB0,0x00,0x00,0x00,0xB0,0xFF,0xFF,0xFF,0xFF,0xFF,0xFF,0xFB,0x48,
0x00,0x00,0x00,0x68,0x98,0x98,0x98,0x98,0x98,0x90,0x3C,0x00,0x00,0x11,0xDC,0xDC,0xDC,0xDC,0xDC,0xDC,0xDC,0xDC,0xDC,0xCA,
0x00,0x14,0xFF,0xFF,0xFF,0xFF,0xFF,0xFF,0xFF,0xFF,0xFF,0xEC,0x00,0x0B,0x90,0x90,0x90,0x90,0x90,0x9A,0xFA,0xFF,0xFF,0xDB,
0x00,0x00,0x00,0x00,0x00,0x00,0x26,0xD3,0xFF,0xFF,0xC4,0x1A,0x00,0x00,0x00,0x00,0x00,0x54,0xF2,0xFF,0xFF,0x91,0x05,0x00,
0x00,0x00,0x00,0x04,0x8D,0xFF,0xFF,0xF3,0x56,0x00,0x00,0x00,0x00,0x00,0x19,0xC3,0xFF,0xFF,0xD7,0x29,0x00,0x00,0x00,0x00,
0x00,0x0B,0xE8,0xFF,0xFF,0xF0,0x78,0x6C,0x6C,0x6C,0x6C,0x63,0x00,0x14,0xFF,0xFF,0xFF,0xFF,0xFF,0xFF,0xFF,0xFF,0xFF,0xEC,
0x00,0x14,0xFF,0xFF,0xFF,0xFF,0xFF,0xFF,0xFF,0xFF,0xFF,0xEC,0x00,0x00,0x00,0x0C,0x37,0x1E,0x00,0x30,0xEB,0xFF,0x84,0x00,
0xC7,0xFF,0xFF,0x84,0x00,0xE7,0xFF,0x9B,0x18,0x00,0xE8,0xFF,0x84,0x00,0x4A,0xF8,0xFF,0x84,0x00,0x9C,0xFF,0xE5,0x22,0x00,
0x95,0xFF,0xFF,0x61,0x00,0x07,0xED,0xFF,0x84,0x00,0x00,0xE8,0xFF,0x84,0x00,0x00,0xE5,0xFF,0xB8,0x37,0x00,0xAF,0xFF,0xFF,
0x84,0x00,0x12,0xBB,0xFC,0x84,0x0F,0xC4,0xC4,0x43,0x14,0xFF,0xFF,0x58,0x14,0xFF,0xFF,0x58,0x14,0xFF,0xFF,0x58,0x14,0xFF,
0xFF,0x58,0x14,0xFF,0xFF,0x58,0x14,0xFF,0xFF,0x58,0x14,0xFF,0xFF,0x58,0x14,0xFF,0xFF,0x58,0x14,0xFF,0xFF,0x58,0x14,0xFF,
0xFF,0x58,0x14,0xFF,0xFF,0x58,0x14,0xFF,0xFF,0x58,0x14,0xFF,0xFF,0x58,0x14,0xFF,0xFF,0x58,0x0E,0xB8,0xB8,0x3F,0x08,0x3B,
0x1F,0x00,0x00,0x24,0xFF,0xFF,0x81,0x00,0x24,0xFF,0xFF,0xFF,0x2B,0x06,0x4A,0xFF,0xFF,0x4B,0x00,0x20,0xFF,0xFF,0x4C,0x00,
0x20,0xFF,0xFF,0xA5,0x00,0x03,0xA2,0xFF,0xFF,0x00,0x12,0xE9,0xFF,0xF7,0x00,0x20,0xFF,0xFF,0x57,0x00,0x20,0xFF,0xFF,0x4C,
0x0F,0x7F,0xFF,0xFF,0x49,0x24,0xFF,0xFF,0xF8,0x1A,0x24,0xFF,0xE2,0x4A,0x00,0x24,0x70,0x63,0x12,0x00,0x00,0x00,0x98,0xFF,
0xFF,0xF7,0xA2,0x7E,0x8D,0x69,0x5D,0x6C,0xD0,0xFF,0xFF,0xAF,0x00,0x00,0x00,0x00,0x36,0x48,0x0C,0x00,0x00,0x00,0x00,0x00,
0x00,0x00,0x00,0x00,0x00,0x00,0x00,0x00,0x00,0x00,0x00,0x00,0x00,0x00,0x00,0x00,
};
